Complaint_ID,Description,Category,Latitude,Longitude,Image_Path,Created_Date,Status,Issue_ID
C1247,Waste pile near market,Waste,10.23715,76.35822,images/waste/waste_048.jpg,2026-08-11,Resolved,I0747
C0863,Damaged street light pole,Lighting,10.075049,76.540217,images/lighting/light_014.jpg,2026-08-19,Resolved,I0432
C0299,Damaged road with deep pothole,Road,10.173766,76.417624,images/road/road_050.jpg,2026-08-06,In Progress,I0150
C0856,Street light flickering at night,Lighting,10.143248,76.409665,images/lighting/light_007.jpg,2026-08-18,Resolved,I0428
C1535,Uncollected waste on street,Waste,10.242311,76.399716,images/waste/waste_036.jpg,2026-08-25,Open,I0698
C1604,Street light not working,Lighting,10.223695,76.506545,images/lighting/light_005.jpg,2026-08-23,Resolved,I0497
C0553,Street light not working,Lighting,10.114605,76.435033,images/lighting/light_004.jpg,2026-08-25,Resolved,I0277
C0351,Road damaged close to school,Road,10.228694,76.378871,images/road/road_002.jpg,2026-08-07,Open,I0176
C1241,Public bin overflowing,Waste,10.106676,76.51343,images/waste/waste_042.jpg,2026-08-07,Open,I0741
C1449,Deep pothole reported on street,Road,10.098513,76.390946,images/road/road_050.jpg,2026-08-13,Open,I0216
C0817,Faulty lamp reported near junction,Lighting,10.190159,76.409592,images/lighting/light_018.jpg,2026-08-19,Resolved,I0409
C1194,Garbage accumulation near bus stop,Waste,10.21975,76.494989,images/waste/waste_045.jpg,2026-08-21,Open,I0694
C1080,Waste dumping reported,Waste,10.245771,76.424772,images/waste/waste_031.jpg,2026-08-27,Open,I0580
C1613,Street light flickering at night,Lighting,10.23535,76.385357,images/lighting/light_014.jpg,2026-08-15,Resolved,I0407
C1024,Public bin overflowing,Waste,10.206239,76.472526,images/waste/waste_025.jpg,2026-08-10,Resolved,I0524
C0189,Road surface broken near junction,Road,10.19475,76.405975,images/road/road_040.jpg,2026-08-14,Open,I0095
C0116,Pothole causing traffic problem,Road,10.191768,76.379874,images/road/road_017.jpg,2026-08-23,Resolved,I0058
C0417,Pothole causing traffic problem,Road,10.16967,76.426256,images/road/road_018.jpg,2026-08-09,In Progress,I0209
C0066,Large pothole near bus stop,Road,10.222589,76.473876,images/road/road_017.jpg,2026-08-03,Resolved,I0033
C1536,Dark street due to faulty light,Lighting,10.128023,76.40441,images/lighting/light_037.jpg,2026-08-13,In Progress,I0448
C0110,Damaged road with deep pothole,Road,10.115038,76.453474,images/road/road_011.jpg,2026-08-02,Resolved,I0055
C0818,No light on main street,Lighting,10.189641,76.409362,images/lighting/light_019.jpg,2026-08-08,Open,I0409
C1092,Garbage accumulation near bus stop,Waste,10.22577,76.413449,images/waste/waste_043.jpg,2026-08-07,Open,I0592
C0384,Large pothole near bus stop,Road,10.189338,76.365197,images/road/road_035.jpg,2026-08-29,Open,I0192
C0950,Street light flickering at night,Lighting,10.23776,76.487973,images/lighting/light_001.jpg,2026-08-14,Resolved,I0475
C1631,Damaged road with deep pothole,Road,10.142018,76.466449,images/road/road_032.jpg,2026-08-13,Open,I0236
C1042,Uncollected waste on street,Waste,10.056414,76.429075,images/waste/waste_043.jpg,2026-08-06,In Progress,I0542
C0893,Street light not working,Lighting,10.166238,76.368076,images/lighting/light_044.jpg,2026-08-23,Open,I0447
C1323,Garbage collection missed,Waste,10.113082,76.486932,images/waste/waste_024.jpg,2026-08-21,Resolved,I0711
C1670,Road damaged close to school,Road,10.134933,76.46391,images/road/road_021.jpg,2026-08-12,Open,I0156
C0213,Road surface broken near junction,Road,10.198003,76.489609,images/road/road_014.jpg,2026-08-06,Open,I0107
C0552,Street lamp is not working,Lighting,10.21807,76.391278,images/lighting/light_003.jpg,2026-08-12,In Progress,I0276
C1171,Garbage accumulation near bus stop,Waste,10.110987,76.366414,images/waste/waste_022.jpg,2026-08-22,In Progress,I0671
C1487,Overflowing garbage bin,Waste,10.09689,76.365716,images/waste/waste_038.jpg,2026-08-05,In Progress,I0680
C1396,Faulty lamp reported near junction,Lighting,10.208705,76.474451,images/lighting/light_047.jpg,2026-08-03,Open,I0303
C0911,Street lamp is not working,Lighting,10.226711,76.45342,images/lighting/light_012.jpg,2026-08-01,In Progress,I0456
C0030,Pothole causing traffic problem,Road,10.21199,76.41068,images/road/road_031.jpg,2026-08-10,Open,I0015
C1189,Waste dumping reported,Waste,10.0785,76.375023,images/waste/waste_040.jpg,2026-08-29,Resolved,I0689
C1321,Garbage not collected,Waste,10.113941,76.500396,images/waste/waste_022.jpg,2026-08-09,In Progress,I0746
C1146,Waste dumping reported,Waste,10.096157,76.440626,images/waste/waste_047.jpg,2026-08-22,Open,I0646
C1231,Waste pile near market,Waste,10.1562,76.358302,images/waste/waste_032.jpg,2026-08-26,In Progress,I0731
C1102,Garbage accumulation near bus stop,Waste,10.213046,76.372292,images/waste/waste_003.jpg,2026-08-06,Resolved,I0602
C0248,Damaged road with deep pothole,Road,10.057923,76.429947,images/road/road_049.jpg,2026-08-09,Open,I0124
C0071,Road surface broken near junction,Road,10.104773,76.462353,images/road/road_022.jpg,2026-08-03,Resolved,I0036
C0112,Pothole causing traffic problem,Road,10.131015,76.36306,images/road/road_013.jpg,2026-08-25,Open,I0056
C1728,Damaged street light pole,Lighting,10.072679,76.425237,images/lighting/light_029.jpg,2026-08-12,Open,I0470
C0406,Damaged road with deep pothole,Road,10.082272,76.532105,images/road/road_007.jpg,2026-08-17,Resolved,I0203
C0204,Damaged road with deep pothole,Road,10.103534,76.447359,images/road/road_005.jpg,2026-08-19,Open,I0102
C0255,Deep pothole reported on street,Road,10.233267,76.438081,images/road/road_006.jpg,2026-08-21,Resolved,I0128
C1515,Street light flickering at night,Lighting,10.228543,76.51356,images/lighting/light_016.jpg,2026-08-10,In Progress,I0363
C1730,Dark street due to faulty light,Lighting,10.216874,76.391936,images/lighting/light_031.jpg,2026-08-18,Open,I0276
C1250,Waste dumping reported,Waste,10.079876,76.418779,images/waste/waste_001.jpg,2026-08-25,Resolved,I0750
C0874,Dark street due to faulty light,Lighting,10.238488,76.479765,images/lighting/light_025.jpg,2026-08-15,Resolved,I0437
C0544,No light on main street,Lighting,10.1652,76.533858,images/lighting/light_045.jpg,2026-08-06,Open,I0272
C1526,Garbage not collected,Waste,10.151739,76.381787,images/waste/waste_027.jpg,2026-08-01,In Progress,I0660
C1681,Street light flickering at night,Lighting,10.242893,76.538897,images/lighting/light_032.jpg,2026-08-07,In Progress,I0358
C0368,Road damaged close to school,Road,10.164686,76.498387,images/road/road_019.jpg,2026-08-20,Resolved,I0184
C0252,Broken road near market,Road,10.087054,76.366485,images/road/road_003.jpg,2026-08-07,In Progress,I0126
C1369,No light on main street,Lighting,10.209646,76.47403,images/lighting/light_020.jpg,2026-08-01,Open,I0303
C1623,Garbage collection missed,Waste,10.205302,76.538086,images/waste/waste_024.jpg,2026-08-05,In Progress,I0514
C0024,Road surface broken near junction,Road,10.246695,76.442734,images/road/road_025.jpg,2026-08-13,Resolved,I0012
C0819,Damaged street light pole,Lighting,10.073935,76.434338,images/lighting/light_020.jpg,2026-08-09,Open,I0410
C0586,Street lamp is not working,Lighting,10.082717,76.51277,images/lighting/light_037.jpg,2026-08-28,Open,I0293
C1217,Garbage not collected,Waste,10.079887,76.497526,images/waste/waste_018.jpg,2026-08-27,In Progress,I0717
C1158,Garbage collection missed,Waste,10.068464,76.401679,images/waste/waste_009.jpg,2026-08-16,In Progress,I0658
C1395,Overflowing garbage bin,Waste,10.140373,76.518411,images/waste/waste_046.jpg,2026-08-23,Open,I0705
C1007,Waste dumping reported,Waste,10.064357,76.427845,images/waste/waste_008.jpg,2026-08-17,Open,I0507
C0964,Damaged street light pole,Lighting,10.214274,76.423257,images/lighting/light_015.jpg,2026-08-06,Resolved,I0482
C0325,Crack and pothole on main road,Road,10.229058,76.427902,images/road/road_026.jpg,2026-08-17,Resolved,I0163
C0618,Street light not working,Lighting,10.071987,76.519076,images/lighting/light_019.jpg,2026-08-21,Open,I0309
C1028,Uncollected waste on street,Waste,10.137564,76.495049,images/waste/waste_029.jpg,2026-08-19,Resolved,I0528
C1744,Street light flickering at night,Lighting,10.159095,76.522959,images/lighting/light_045.jpg,2026-08-23,In Progress,I0458
C0498,Road damaged close to school,Road,10.087031,76.392052,images/road/road_049.jpg,2026-08-29,Open,I0249
C1527,Pothole causing traffic problem,Road,10.127328,76.542215,images/road/road_028.jpg,2026-08-26,Open,I0147
C0998,No light on main street,Lighting,10.175174,76.376336,images/lighting/light_049.jpg,2026-08-12,Open,I0499
C1522,Broken road near market,Road,10.211311,76.410725,images/road/road_023.jpg,2026-08-06,Open,I0015
C1432,Street light flickering at night,Lighting,10.14639,76.533635,images/lighting/light_033.jpg,2026-08-28,In Progress,I0332
C1692,Faulty lamp reported near junction,Lighting,10.182407,76.537286,images/lighting/light_043.jpg,2026-08-18,Open,I0389
C0528,Damaged street light pole,Lighting,10.229968,76.471564,images/lighting/light_029.jpg,2026-08-01,Resolved,I0264
C1654,Dark street due to faulty light,Lighting,10.124701,76.404228,images/lighting/light_005.jpg,2026-08-25,Resolved,I0349
C0810,Faulty lamp reported near junction,Lighting,10.094582,76.547575,images/lighting/light_011.jpg,2026-08-05,Open,I0405
C0988,Broken street light near bus stop,Lighting,10.09015,76.523422,images/lighting/light_039.jpg,2026-08-06,In Progress,I0494
C1547,Waste dumping reported,Waste,10.124617,76.436715,images/waste/waste_048.jpg,2026-08-25,In Progress,I0737
C0585,Street lamp is not working,Lighting,10.083097,76.512516,images/lighting/light_036.jpg,2026-08-15,Resolved,I0293
C0773,No light on main street,Lighting,10.121402,76.494204,images/lighting/light_024.jpg,2026-08-15,Open,I0387
C1336,Damaged road with deep pothole,Road,10.128158,76.403719,images/road/road_037.jpg,2026-08-18,Resolved,I0025
C1473,Street light flickering at night,Lighting,10.242849,76.41746,images/lighting/light_024.jpg,2026-08-05,Open,I0473
C0632,Faulty lamp reported near junction,Lighting,10.134951,76.406911,images/lighting/light_033.jpg,2026-08-05,In Progress,I0316
C1362,Street light not working,Lighting,10.226899,76.453318,images/lighting/light_013.jpg,2026-08-27,In Progress,I0456
C0423,Crack and pothole on main road,Road,10.052974,76.365719,images/road/road_024.jpg,2026-08-23,Resolved,I0212
C0174,Large pothole near bus stop,Road,10.096979,76.414793,images/road/road_025.jpg,2026-08-27,Resolved,I0087
C0426,Broken road near market,Road,10.212622,76.549803,images/road/road_027.jpg,2026-08-27,Resolved,I0213
C0527,Street lamp is not working,Lighting,10.22958,76.471874,images/lighting/light_028.jpg,2026-08-14,Resolved,I0264
C1505,No light on main street,Lighting,10.164288,76.502571,images/lighting/light_006.jpg,2026-08-22,Open,I0307
C1277,Faulty lamp reported near junction,Lighting,10.135775,76.427205,images/lighting/light_028.jpg,2026-08-06,Open,I0431
C1344,Waste pile near market,Waste,10.246454,76.37433,images/waste/waste_045.jpg,2026-08-02,Open,I0566
C0622,Street light not working,Lighting,10.080065,76.395585,images/lighting/light_023.jpg,2026-08-17,In Progress,I0311
C0238,Road surface broken near junction,Road,10.154281,76.504334,images/road/road_039.jpg,2026-08-02,Resolved,I0119
C1684,Street light flickering at night,Lighting,10.076086,76.530356,images/lighting/light_035.jpg,2026-08-02,In Progress,I0374
C0599,No light on main street,Lighting,10.063362,76.395983,images/lighting/light_050.jpg,2026-08-16,Resolved,I0300
C0345,Crack and pothole on main road,Road,10.078317,76.502829,images/road/road_046.jpg,2026-08-08,Open,I0173
C0987,Faulty lamp reported near junction,Lighting,10.090068,76.52315,images/lighting/light_038.jpg,2026-08-27,Resolved,I0494
C1335,Overflowing garbage bin,Waste,10.129435,76.376605,images/waste/waste_036.jpg,2026-08-08,Open,I0517
C0465,Road damaged close to school,Road,10.142085,76.545624,images/road/road_016.jpg,2026-08-26,Resolved,I0233
C0745,Dark street due to faulty light,Lighting,10.078233,76.51734,images/lighting/light_046.jpg,2026-08-25,Resolved,I0373
C0731,Street light not working,Lighting,10.119059,76.505099,images/lighting/light_032.jpg,2026-08-13,Resolved,I0366
C0136,Crack and pothole on main road,Road,10.189499,76.521033,images/road/road_037.jpg,2026-08-24,Resolved,I0068
C0597,Street light flickering at night,Lighting,10.230317,76.426523,images/lighting/light_048.jpg,2026-08-09,In Progress,I0299
C0594,Dark street due to faulty light,Lighting,10.142554,76.409904,images/lighting/light_045.jpg,2026-08-09,Open,I0297
C1477,Damaged road with deep pothole,Road,10.235139,76.362004,images/road/road_028.jpg,2026-08-14,Resolved,I0247
C1559,Damaged road with deep pothole,Road,10.246264,76.517243,images/road/road_010.jpg,2026-08-15,In Progress,I0116
C0262,Road damaged close to school,Road,10.197824,76.461018,images/road/road_013.jpg,2026-08-13,Resolved,I0131
C1710,Broken street light near bus stop,Lighting,10.170451,76.508411,images/lighting/light_011.jpg,2026-08-11,Open,I0286
C1119,Garbage not collected,Waste,10.146111,76.511629,images/waste/waste_020.jpg,2026-08-11,In Progress,I0619
C1114,Waste pile near market,Waste,10.13007,76.545127,images/waste/waste_015.jpg,2026-08-14,Open,I0614
C1157,Garbage accumulation near bus stop,Waste,10.15877,76.51898,images/waste/waste_008.jpg,2026-08-04,Open,I0657
C1122,Waste pile near market,Waste,10.152827,76.468757,images/waste/waste_023.jpg,2026-08-01,Open,I0622
C1019,Garbage not collected,Waste,10.090265,76.383708,images/waste/waste_020.jpg,2026-08-08,In Progress,I0519
C0651,Street light flickering at night,Lighting,10.217207,76.416391,images/lighting/light_002.jpg,2026-08-22,Resolved,I0326
C1162,Waste pile near market,Waste,10.11855,76.426313,images/waste/waste_013.jpg,2026-08-09,Resolved,I0662
C0323,Road damaged close to school,Road,10.149297,76.4286,images/road/road_024.jpg,2026-08-29,Open,I0162
C0050,Damaged road with deep pothole,Road,10.127714,76.404012,images/road/road_001.jpg,2026-08-08,Open,I0025
C1074,Public bin overflowing,Waste,10.118217,76.456746,images/waste/waste_025.jpg,2026-08-25,In Progress,I0574
C1726,Deep pothole reported on street,Road,10.14231,76.545622,images/road/road_027.jpg,2026-08-13,Open,I0233
C0433,Pothole causing traffic problem,Road,10.241034,76.471168,images/road/road_034.jpg,2026-08-12,Open,I0217
C1732,Waste pile near market,Waste,10.181375,76.503007,images/waste/waste_033.jpg,2026-08-04,Open,I0725
C0986,Street lamp is not working,Lighting,10.228997,76.395971,images/lighting/light_037.jpg,2026-08-04,Open,I0493
C1207,Garbage collection missed,Waste,10.114627,76.496961,images/waste/waste_008.jpg,2026-08-17,In Progress,I0707
C0670,Street light flickering at night,Lighting,10.134063,76.532926,images/lighting/light_021.jpg,2026-08-16,In Progress,I0335
C1468,Garbage accumulation near bus stop,Waste,10.150653,76.458508,images/waste/waste_019.jpg,2026-08-26,In Progress,I0600
C0343,Broken road near market,Road,10.159778,76.491541,images/road/road_044.jpg,2026-08-04,Resolved,I0172
C1168,Garbage accumulation near bus stop,Waste,10.129661,76.458228,images/waste/waste_019.jpg,2026-08-10,Resolved,I0668
C1274,Public bin overflowing,Waste,10.102615,76.479908,images/waste/waste_025.jpg,2026-08-13,Resolved,I0640
C1716,Street lamp is not working,Lighting,10.103994,76.354138,images/lighting/light_017.jpg,2026-08-26,In Progress,I0375
C1611,Road damaged close to school,Road,10.167611,76.543092,images/road/road_012.jpg,2026-08-02,Resolved,I0026
C0079,Road surface broken near junction,Road,10.071418,76.438164,images/road/road_030.jpg,2026-08-14,In Progress,I0040
C0197,Road damaged close to school,Road,10.235721,76.435655,images/road/road_048.jpg,2026-08-15,Resolved,I0099
C1467,Garbage accumulation near bus stop,Waste,10.228104,76.440129,images/waste/waste_018.jpg,2026-08-18,Resolved,I0716
C0074,Large pothole near bus stop,Road,10.073711,76.492225,images/road/road_025.jpg,2026-08-21,Open,I0037
C0070,Deep pothole reported on street,Road,10.115386,76.49577,images/road/road_021.jpg,2026-08-11,Resolved,I0035
C0922,Dark street due to faulty light,Lighting,10.192115,76.51771,images/lighting/light_023.jpg,2026-08-15,Resolved,I0461
C0533,Dark street due to faulty light,Lighting,10.080543,76.398076,images/lighting/light_034.jpg,2026-08-05,Open,I0267
C1135,Overflowing garbage bin,Waste,10.077726,76.488756,images/waste/waste_036.jpg,2026-08-23,Open,I0635
C0382,Large pothole near bus stop,Road,10.248682,76.365046,images/road/road_033.jpg,2026-08-23,Resolved,I0191
C0366,Road surface broken near junction,Road,10.149103,76.352927,images/road/road_017.jpg,2026-08-23,Resolved,I0183
C1594,Pothole causing traffic problem,Road,10.236334,76.545325,images/road/road_045.jpg,2026-08-23,Resolved,I0170
C0430,Large pothole near bus stop,Road,10.238668,76.519252,images/road/road_031.jpg,2026-08-19,Open,I0215
C1008,Overflowing garbage bin,Waste,10.244956,76.494818,images/waste/waste_009.jpg,2026-08-22,Open,I0508
C0414,Broken road near market,Road,10.054312,76.425118,images/road/road_015.jpg,2026-08-17,Resolved,I0207
C0584,Faulty lamp reported near junction,Lighting,10.200275,76.510105,images/lighting/light_035.jpg,2026-08-21,In Progress,I0292
C0077,Broken road near market,Road,10.14906,76.454668,images/road/road_028.jpg,2026-08-27,In Progress,I0039
C1461,Deep pothole reported on street,Road,10.2379,76.358058,images/road/road_012.jpg,2026-08-24,In Progress,I0154
C0454,Road damaged close to school,Road,10.167488,76.428677,images/road/road_005.jpg,2026-08-10,In Progress,I0227
C0695,Street lamp is not working,Lighting,10.117447,76.365364,images/lighting/light_046.jpg,2026-08-18,Open,I0348
C1629,Damaged road with deep pothole,Road,10.158564,76.378505,images/road/road_030.jpg,2026-08-10,Resolved,I0027
C0675,Dark street due to faulty light,Lighting,10.245411,76.442148,images/lighting/light_026.jpg,2026-08-10,Open,I0338
C1705,Uncollected waste on street,Waste,10.087671,76.534143,images/waste/waste_006.jpg,2026-08-29,In Progress,I0618
C0807,Dark street due to faulty light,Lighting,10.246254,76.530765,images/lighting/light_008.jpg,2026-08-29,Resolved,I0404
C0031,Crack and pothole on main road,Road,10.096072,76.398754,images/road/road_032.jpg,2026-08-13,Open,I0016
C1112,Garbage collection missed,Waste,10.235851,76.456581,images/waste/waste_013.jpg,2026-08-28,Resolved,I0612
C1133,Garbage accumulation near bus stop,Waste,10.095855,76.428005,images/waste/waste_034.jpg,2026-08-06,Open,I0633
C1696,Street lamp is not working,Lighting,10.064427,76.517471,images/lighting/light_047.jpg,2026-08-16,Resolved,I0386
C0333,Large pothole near bus stop,Road,10.139756,76.408446,images/road/road_034.jpg,2026-08-13,In Progress,I0167
C1354,Damaged street light pole,Lighting,10.228009,76.540451,images/lighting/light_005.jpg,2026-08-15,Open,I0449
C0100,Pothole causing traffic problem,Road,10.23147,76.404528,images/road/road_001.jpg,2026-08-01,Open,I0050
C0611,Dark street due to faulty light,Lighting,10.205109,76.379285,images/lighting/light_012.jpg,2026-08-21,Resolved,I0306
C1371,Garbage accumulation near bus stop,Waste,10.221128,76.535073,images/waste/waste_022.jpg,2026-08-08,Open,I0675
C1673,Public bin overflowing,Waste,10.109838,76.435591,images/waste/waste_024.jpg,2026-08-14,Resolved,I0688
C0845,Damaged street light pole,Lighting,10.119875,76.5038,images/lighting/light_046.jpg,2026-08-23,Resolved,I0423
C0169,Deep pothole reported on street,Road,10.159354,76.488266,images/road/road_020.jpg,2026-08-02,Open,I0085
C0904,Damaged street light pole,Lighting,10.100359,76.351392,images/lighting/light_005.jpg,2026-08-09,In Progress,I0452
C1645,Broken street light near bus stop,Lighting,10.18959,76.409305,images/lighting/light_046.jpg,2026-08-23,In Progress,I0409
C1314,Broken street light near bus stop,Lighting,10.10657,76.353694,images/lighting/light_015.jpg,2026-08-27,Open,I0472
C0679,Faulty lamp reported near junction,Lighting,10.086859,76.409931,images/lighting/light_030.jpg,2026-08-02,In Progress,I0340
C1678,Garbage not collected,Waste,10.210179,76.54166,images/waste/waste_029.jpg,2026-08-04,Open,I0703
C0680,Street lamp is not working,Lighting,10.086688,76.410271,images/lighting/light_031.jpg,2026-08-07,Resolved,I0340
C1038,Garbage collection missed,Waste,10.241858,76.433207,images/waste/waste_039.jpg,2026-08-09,Open,I0538
C0519,Broken street light near bus stop,Lighting,10.121396,76.479878,images/lighting/light_020.jpg,2026-08-11,Open,I0260
C0995,No light on main street,Lighting,10.141043,76.455656,images/lighting/light_046.jpg,2026-08-19,Open,I0498
C0033,Broken road near market,Road,10.073726,76.44931,images/road/road_034.jpg,2026-08-18,In Progress,I0017
C1132,Overflowing garbage bin,Waste,10.095337,76.390754,images/waste/waste_033.jpg,2026-08-02,Open,I0632
C1117,Waste pile near market,Waste,10.190961,76.371243,images/waste/waste_018.jpg,2026-08-14,Open,I0617
C0702,Street lamp is not working,Lighting,10.080819,76.493365,images/lighting/light_003.jpg,2026-08-02,In Progress,I0351
C0865,Street light flickering at night,Lighting,10.206954,76.367545,images/lighting/light_016.jpg,2026-08-20,Resolved,I0433
C0890,Damaged street light pole,Lighting,10.213548,76.394644,images/lighting/light_041.jpg,2026-08-26,Resolved,I0445
C0221,Large pothole near bus stop,Road,10.150111,76.510103,images/road/road_022.jpg,2026-08-28,Open,I0111
C0186,Road damaged close to school,Road,10.208703,76.450381,images/road/road_037.jpg,2026-08-07,Open,I0093
C0486,Pothole causing traffic problem,Road,10.142486,76.391655,images/road/road_037.jpg,2026-08-23,Resolved,I0243
C0940,Street light not working,Lighting,10.073447,76.425852,images/lighting/light_041.jpg,2026-08-17,In Progress,I0470
C0240,Broken road near market,Road,10.242992,76.441686,images/road/road_041.jpg,2026-08-21,Resolved,I0120
C0045,Broken road near market,Road,10.234382,76.367444,images/road/road_046.jpg,2026-08-28,In Progress,I0023
C0211,Damaged road with deep pothole,Road,10.100375,76.409125,images/road/road_012.jpg,2026-08-03,Open,I0106
C1563,Uncollected waste on street,Waste,10.20487,76.481511,images/waste/waste_014.jpg,2026-08-18,In Progress,I0723
C0372,Large pothole near bus stop,Road,10.186639,76.398091,images/road/road_023.jpg,2026-08-15,Open,I0186
C0862,Damaged street light pole,Lighting,10.135412,76.426649,images/lighting/light_013.jpg,2026-08-06,In Progress,I0431
C0495,Road surface broken near junction,Road,10.223812,76.367068,images/road/road_046.jpg,2026-08-29,Open,I0248
C0060,Broken road near market,Road,10.052945,76.389553,images/road/road_011.jpg,2026-08-02,Open,I0030
C1190,Garbage collection missed,Waste,10.103018,76.384711,images/waste/waste_041.jpg,2026-08-22,Open,I0690
C0298,Road damaged close to school,Road,10.070543,76.353869,images/road/road_049.jpg,2026-08-21,In Progress,I0149
C0479,Road damaged close to school,Road,10.170308,76.39474,images/road/road_030.jpg,2026-08-03,Resolved,I0240
C0768,Street lamp is not working,Lighting,10.120866,76.54158,images/lighting/light_019.jpg,2026-08-02,Open,I0384
C1738,Waste pile near market,Waste,10.142185,76.506122,images/waste/waste_039.jpg,2026-08-26,Open,I0709
C0937,Street light not working,Lighting,10.173521,76.54653,images/lighting/light_038.jpg,2026-08-23,Open,I0469
C1175,Waste dumping reported,Waste,10.222876,76.534022,images/waste/waste_026.jpg,2026-08-21,Open,I0675
C1525,Deep pothole reported on street,Road,10.240504,76.47133,images/road/road_026.jpg,2026-08-24,In Progress,I0217
C0124,Damaged road with deep pothole,Road,10.155692,76.439981,images/road/road_025.jpg,2026-08-27,In Progress,I0062
C0276,Broken road near market,Road,10.142645,76.479723,images/road/road_027.jpg,2026-08-25,Resolved,I0138
C1001,Waste dumping reported,Waste,10.209118,76.446424,images/waste/waste_002.jpg,2026-08-18,Open,I0501
C1085,Waste pile near market,Waste,10.129491,76.480472,images/waste/waste_036.jpg,2026-08-04,In Progress,I0585
C0809,Damaged street light pole,Lighting,10.094219,76.548057,images/lighting/light_010.jpg,2026-08-28,Resolved,I0405
C0482,Deep pothole reported on street,Road,10.083495,76.406482,images/road/road_033.jpg,2026-08-10,Open,I0241
C1011,Garbage not collected,Waste,10.070498,76.398201,images/waste/waste_012.jpg,2026-08-14,In Progress,I0511
C1444,Broken road near market,Road,10.244285,76.368227,images/road/road_045.jpg,2026-08-26,In Progress,I0222
C0304,Large pothole near bus stop,Road,10.118646,76.402169,images/road/road_005.jpg,2026-08-28,Resolved,I0152
C0451,Damaged road with deep pothole,Road,10.17359,76.546649,images/road/road_002.jpg,2026-08-29,Resolved,I0226
C1234,Garbage collection missed,Waste,10.233946,76.454159,images/waste/waste_035.jpg,2026-08-23,Resolved,I0734
C0942,Broken street light near bus stop,Lighting,10.158773,76.506164,images/lighting/light_043.jpg,2026-08-22,Resolved,I0471
C0332,Deep pothole reported on street,Road,10.146036,76.448575,images/road/road_033.jpg,2026-08-08,Resolved,I0166
C1499,Public bin overflowing,Waste,10.080496,76.36299,images/waste/waste_050.jpg,2026-08-14,Resolved,I0685
C1329,Deep pothole reported on street,Road,10.073323,76.492217,images/road/road_030.jpg,2026-08-29,Resolved,I0037
C0846,Dark street due to faulty light,Lighting,10.120737,76.503297,images/lighting/light_047.jpg,2026-08-20,Resolved,I0423
C0975,Street lamp is not working,Lighting,10.095847,76.376699,images/lighting/light_026.jpg,2026-08-04,In Progress,I0488
C1054,Garbage accumulation near bus stop,Waste,10.130369,76.521854,images/waste/waste_005.jpg,2026-08-27,Open,I0554
C0671,Broken street light near bus stop,Lighting,10.20582,76.406444,images/lighting/light_022.jpg,2026-08-10,Open,I0336
C0317,Large pothole near bus stop,Road,10.235811,76.521756,images/road/road_018.jpg,2026-08-10,Resolved,I0159
C0835,Damaged street light pole,Lighting,10.198133,76.453719,images/lighting/light_036.jpg,2026-08-06,Resolved,I0418
C1014,Garbage not collected,Waste,10.204827,76.538377,images/waste/waste_015.jpg,2026-08-18,Resolved,I0514
C0068,Pothole causing traffic problem,Road,10.068873,76.424738,images/road/road_019.jpg,2026-08-02,Open,I0034
C1173,Garbage collection missed,Waste,10.119036,76.545311,images/waste/waste_024.jpg,2026-08-10,Open,I0673
C0545,Faulty lamp reported near junction,Lighting,10.213652,76.401964,images/lighting/light_046.jpg,2026-08-25,Open,I0273
C0125,Road surface broken near junction,Road,10.0988,76.484013,images/road/road_026.jpg,2026-08-05,In Progress,I0063
C1636,Road surface broken near junction,Road,10.092601,76.464057,images/road/road_037.jpg,2026-08-16,In Progress,I0020
C0755,Damaged street light pole,Lighting,10.149134,76.493858,images/lighting/light_006.jpg,2026-08-25,Open,I0378
C1550,Public bin overflowing,Waste,10.181396,76.503687,images/waste/waste_001.jpg,2026-08-15,Open,I0725
C1279,Broken street light near bus stop,Lighting,10.056995,76.469407,images/lighting/light_030.jpg,2026-08-28,Open,I0413
C1230,Garbage not collected,Waste,10.102045,76.363242,images/waste/waste_031.jpg,2026-08-16,Resolved,I0730
C1400,Garbage not collected,Waste,10.096629,76.365782,images/waste/waste_001.jpg,2026-08-23,In Progress,I0680
C1095,Garbage accumulation near bus stop,Waste,10.123174,76.429283,images/waste/waste_046.jpg,2026-08-16,Resolved,I0595
C1660,Street light not working,Lighting,10.196571,76.455667,images/lighting/light_011.jpg,2026-08-05,Open,I0278
C0290,Crack and pothole on main road,Road,10.127839,76.478263,images/road/road_041.jpg,2026-08-21,Resolved,I0145
C0577,Street lamp is not working,Lighting,10.237476,76.386195,images/lighting/light_028.jpg,2026-08-03,Open,I0289
C1675,Road damaged close to school,Road,10.21809,76.413363,images/road/road_026.jpg,2026-08-21,In Progress,I0067
C0163,Pothole causing traffic problem,Road,10.207128,76.484219,images/road/road_014.jpg,2026-08-21,Open,I0082
C0234,Damaged road with deep pothole,Road,10.056034,76.357792,images/road/road_035.jpg,2026-08-04,Resolved,I0117
C1502,Damaged street light pole,Lighting,10.209226,76.474364,images/lighting/light_003.jpg,2026-08-07,Resolved,I0303
C0487,Road surface broken near junction,Road,10.075547,76.415941,images/road/road_038.jpg,2026-08-11,Open,I0244
C1233,Garbage accumulation near bus stop,Waste,10.245993,76.47019,images/waste/waste_034.jpg,2026-08-27,Resolved,I0733
C0615,Damaged street light pole,Lighting,10.200739,76.370834,images/lighting/light_016.jpg,2026-08-07,Resolved,I0308
C1437,Crack and pothole on main road,Road,10.231985,76.397595,images/road/road_038.jpg,2026-08-02,In Progress,I0061
C1543,Large pothole near bus stop,Road,10.104267,76.447397,images/road/road_044.jpg,2026-08-13,In Progress,I0102
C0483,Road damaged close to school,Road,10.056938,76.460118,images/road/road_034.jpg,2026-08-01,In Progress,I0242
C0939,Faulty lamp reported near junction,Lighting,10.072153,76.425467,images/lighting/light_040.jpg,2026-08-17,In Progress,I0470
C1097,Uncollected waste on street,Waste,10.098101,76.424743,images/waste/waste_048.jpg,2026-08-04,Open,I0597
C1727,Damaged street light pole,Lighting,10.073402,76.426538,images/lighting/light_028.jpg,2026-08-19,Open,I0470
C1626,Road damaged close to school,Road,10.146787,76.449334,images/road/road_027.jpg,2026-08-26,In Progress,I0166
C0899,Street light not working,Lighting,10.057187,76.41555,images/lighting/light_050.jpg,2026-08-09,Resolved,I0450
C0775,No light on main street,Lighting,10.172048,76.539775,images/lighting/light_026.jpg,2026-08-16,Open,I0388
C0241,Broken road near market,Road,10.0601,76.456283,images/road/road_042.jpg,2026-08-10,Open,I0121
C1596,Large pothole near bus stop,Road,10.138486,76.36596,images/road/road_047.jpg,2026-08-06,Open,I0125
C0271,Damaged road with deep pothole,Road,10.085457,76.353939,images/road/road_022.jpg,2026-08-14,Resolved,I0136
C0906,No light on main street,Lighting,10.194832,76.448204,images/lighting/light_007.jpg,2026-08-19,Resolved,I0453
C0947,Street light flickering at night,Lighting,10.086364,76.500239,images/lighting/light_048.jpg,2026-08-19,Open,I0474
C1490,Dark street due to faulty light,Lighting,10.066069,76.470566,images/lighting/light_041.jpg,2026-08-20,Resolved,I0385
C1616,Damaged street light pole,Lighting,10.057539,76.468917,images/lighting/light_017.jpg,2026-08-24,In Progress,I0413
C0072,Crack and pothole on main road,Road,10.104621,76.462425,images/road/road_023.jpg,2026-08-20,Open,I0036
C0621,Dark street due to faulty light,Lighting,10.080208,76.395893,images/lighting/light_022.jpg,2026-08-23,In Progress,I0311
C0260,Road damaged close to school,Road,10.236969,76.47734,images/road/road_011.jpg,2026-08-29,Resolved,I0130
C0052,Large pothole near bus stop,Road,10.167066,76.542979,images/road/road_003.jpg,2026-08-05,Resolved,I0026
C0340,Road damaged close to school,Road,10.235428,76.544956,images/road/road_041.jpg,2026-08-26,Resolved,I0170
C1232,Overflowing garbage bin,Waste,10.115141,76.374716,images/waste/waste_033.jpg,2026-08-15,Resolved,I0732
C0701,Damaged street light pole,Lighting,10.081215,76.493258,images/lighting/light_002.jpg,2026-08-14,In Progress,I0351
C1367,Garbage collection missed,Waste,10.202988,76.380035,images/waste/waste_018.jpg,2026-08-23,Resolved,I0628
C0415,Road surface broken near junction,Road,10.146013,76.54727,images/road/road_016.jpg,2026-08-14,Resolved,I0208
C0352,Broken road near market,Road,10.228594,76.379506,images/road/road_003.jpg,2026-08-23,Resolved,I0176
C0383,Broken road near market,Road,10.188958,76.364785,images/road/road_034.jpg,2026-08-21,Resolved,I0192
C0412,Pothole causing traffic problem,Road,10.225578,76.460381,images/road/road_013.jpg,2026-08-15,Resolved,I0206
C1666,Deep pothole reported on street,Road,10.154183,76.519894,images/road/road_017.jpg,2026-08-06,In Progress,I0221
C1202,Garbage accumulation near bus stop,Waste,10.216172,76.475852,images/waste/waste_003.jpg,2026-08-26,In Progress,I0702
C0905,Street light flickering at night,Lighting,10.194433,76.448934,images/lighting/light_006.jpg,2026-08-12,Resolved,I0453
C1553,Street lamp is not working,Lighting,10.067029,76.377502,images/lighting/light_004.jpg,2026-08-06,Open,I0284
C0463,Crack and pothole on main road,Road,10.218371,76.503536,images/road/road_014.jpg,2026-08-23,In Progress,I0232
C0494,Broken road near market,Road,10.233684,76.362237,images/road/road_045.jpg,2026-08-28,In Progress,I0247
C0142,Crack and pothole on main road,Road,10.084636,76.488214,images/road/road_043.jpg,2026-08-24,Open,I0071
C1134,Garbage collection missed,Waste,10.061843,76.37894,images/waste/waste_035.jpg,2026-08-24,In Progress,I0634
C0591,Faulty lamp reported near junction,Lighting,10.140603,76.49294,images/lighting/light_042.jpg,2026-08-22,In Progress,I0296
C1632,Waste pile near market,Waste,10.188192,76.547781,images/waste/waste_033.jpg,2026-08-28,Open,I0637
C0991,Street light not working,Lighting,10.158548,76.382292,images/lighting/light_042.jpg,2026-08-27,Resolved,I0496
C1182,Garbage accumulation near bus stop,Waste,10.237091,76.525456,images/waste/waste_033.jpg,2026-08-04,Open,I0682
C1041,Uncollected waste on street,Waste,10.223377,76.465727,images/waste/waste_042.jpg,2026-08-16,In Progress,I0541
C0272,Deep pothole reported on street,Road,10.084921,76.353523,images/road/road_023.jpg,2026-08-29,Open,I0136
C0185,Crack and pothole on main road,Road,10.208867,76.450655,images/road/road_036.jpg,2026-08-13,Resolved,I0093
C1575,Dark street due to faulty light,Lighting,10.165968,76.36787,images/lighting/light_026.jpg,2026-08-27,Resolved,I0447
C0245,Pothole causing traffic problem,Road,10.245008,76.453422,images/road/road_046.jpg,2026-08-16,Resolved,I0123
C0746,Damaged street light pole,Lighting,10.077579,76.51719,images/lighting/light_047.jpg,2026-08-29,Resolved,I0373
C0434,Broken road near market,Road,10.240924,76.470833,images/road/road_035.jpg,2026-08-24,Open,I0217
C0367,Deep pothole reported on street,Road,10.164222,76.498391,images/road/road_018.jpg,2026-08-05,Resolved,I0184
C1630,Damaged street light pole,Lighting,10.143947,76.387121,images/lighting/light_031.jpg,2026-08-09,Open,I0370
C0870,Street light flickering at night,Lighting,10.14335,76.473329,images/lighting/light_021.jpg,2026-08-05,Resolved,I0435
C0576,Street light not working,Lighting,10.131028,76.536892,images/lighting/light_027.jpg,2026-08-02,Resolved,I0288
C1296,Broken road near market,Road,10.082255,76.531432,images/road/road_047.jpg,2026-08-29,Open,I0203
C1698,Broken road near market,Road,10.206835,76.484065,images/road/road_049.jpg,2026-08-20,In Progress,I0082
C0251,Broken road near market,Road,10.087565,76.367263,images/road/road_002.jpg,2026-08-04,Resolved,I0126
C1262,Faulty lamp reported near junction,Lighting,10.133327,76.367216,images/lighting/light_013.jpg,2026-08-06,Open,I0339
C1145,Waste dumping reported,Waste,10.226044,76.480441,images/waste/waste_046.jpg,2026-08-04,Open,I0645
C0395,Deep pothole reported on street,Road,10.083997,76.479006,images/road/road_046.jpg,2026-08-09,Resolved,I0198
C1056,Public bin overflowing,Waste,10.129565,76.397384,images/waste/waste_007.jpg,2026-08-23,Open,I0556
C1079,Public bin overflowing,Waste,10.084793,76.488278,images/waste/waste_030.jpg,2026-08-14,Resolved,I0579
C0592,Damaged street light pole,Lighting,10.139703,76.492559,images/lighting/light_043.jpg,2026-08-16,Resolved,I0296
C1212,Waste pile near market,Waste,10.065143,76.405487,images/waste/waste_013.jpg,2026-08-20,Resolved,I0712
C1471,Waste pile near market,Waste,10.179852,76.41551,images/waste/waste_022.jpg,2026-08-26,Resolved,I0594
C1035,Overflowing garbage bin,Waste,10.180555,76.390467,images/waste/waste_036.jpg,2026-08-06,Open,I0535
C0723,Broken street light near bus stop,Lighting,10.225592,76.478815,images/lighting/light_024.jpg,2026-08-26,In Progress,I0362
C1415,Garbage collection missed,Waste,10.204977,76.53832,images/waste/waste_016.jpg,2026-08-14,Open,I0514
C0171,Crack and pothole on main road,Road,10.248892,76.385182,images/road/road_022.jpg,2026-08-26,Resolved,I0086
C0932,Faulty lamp reported near junction,Lighting,10.095632,76.532103,images/lighting/light_033.jpg,2026-08-15,Open,I0466
C0821,No light on main street,Lighting,10.144905,76.521674,images/lighting/light_022.jpg,2026-08-27,Open,I0411
C0916,Broken street light near bus stop,Lighting,10.15867,76.523051,images/lighting/light_017.jpg,2026-08-26,Open,I0458
C0301,Damaged road with deep pothole,Road,10.113603,76.519276,images/road/road_002.jpg,2026-08-11,In Progress,I0151
C1638,Large pothole near bus stop,Road,10.069518,76.424585,images/road/road_039.jpg,2026-08-05,Open,I0034
C0375,Damaged road with deep pothole,Road,10.15597,76.437442,images/road/road_026.jpg,2026-08-22,Resolved,I0188
C1447,Broken road near market,Road,10.244628,76.396991,images/road/road_048.jpg,2026-08-05,Open,I0010
C1702,Street lamp is not working,Lighting,10.238404,76.386695,images/lighting/light_003.jpg,2026-08-09,Open,I0289
C0484,Road surface broken near junction,Road,10.055908,76.459943,images/road/road_035.jpg,2026-08-15,In Progress,I0242
C1357,Uncollected waste on street,Waste,10.247179,76.374587,images/waste/waste_008.jpg,2026-08-09,Open,I0566
C1309,Faulty lamp reported near junction,Lighting,10.176341,76.53157,images/lighting/light_010.jpg,2026-08-23,In Progress,I0294
C0799,Street light not working,Lighting,10.207351,76.488151,images/lighting/light_050.jpg,2026-08-18,Resolved,I0400
C1327,Deep pothole reported on street,Road,10.237129,76.358761,images/road/road_028.jpg,2026-08-05,Open,I0154
C0353,Deep pothole reported on street,Road,10.0672,76.547572,images/road/road_004.jpg,2026-08-20,In Progress,I0177
C1050,Waste dumping reported,Waste,10.064076,76.438523,images/waste/waste_001.jpg,2026-08-26,Open,I0550
C1600,Broken road near market,Road,10.207287,76.389864,images/road/road_001.jpg,2026-08-18,In Progress,I0011
C0176,Large pothole near bus stop,Road,10.123505,76.498775,images/road/road_027.jpg,2026-08-19,Open,I0088
C1625,Crack and pothole on main road,Road,10.157126,76.439365,images/road/road_026.jpg,2026-08-13,Resolved,I0062
C0523,Dark street due to faulty light,Lighting,10.161901,76.466868,images/lighting/light_024.jpg,2026-08-14,In Progress,I0262
C1205,Public bin overflowing,Waste,10.140987,76.518801,images/waste/waste_006.jpg,2026-08-20,Open,I0705
C0985,Damaged street light pole,Lighting,10.22899,76.395309,images/lighting/light_036.jpg,2026-08-08,Open,I0493
C0728,Street light flickering at night,Lighting,10.116678,76.515098,images/lighting/light_029.jpg,2026-08-07,In Progress,I0364
C0399,Road surface broken near junction,Road,10.121897,76.402111,images/road/road_050.jpg,2026-08-13,Resolved,I0200
C1713,Broken road near market,Road,10.077746,76.477114,images/road/road_014.jpg,2026-08-10,Open,I0237
C0620,Street light flickering at night,Lighting,10.170721,76.45057,images/lighting/light_021.jpg,2026-08-06,Open,I0310
C0199,Crack and pothole on main road,Road,10.164293,76.545927,images/road/road_050.jpg,2026-08-08,Open,I0100
C0016,Crack and pothole on main road,Road,10.051795,76.354115,images/road/road_017.jpg,2026-08-19,Open,I0008
C0266,Damaged road with deep pothole,Road,10.121219,76.501345,images/road/road_017.jpg,2026-08-21,Open,I0133
C0531,Damaged street light pole,Lighting,10.236422,76.351917,images/lighting/light_032.jpg,2026-08-13,Resolved,I0266
C0661,Broken street light near bus stop,Lighting,10.234344,76.419778,images/lighting/light_012.jpg,2026-08-08,Resolved,I0331
C0783,Street lamp is not working,Lighting,10.218938,76.540666,images/lighting/light_034.jpg,2026-08-04,Resolved,I0392
C1147,Waste pile near market,Waste,10.184064,76.548547,images/waste/waste_048.jpg,2026-08-15,Open,I0647
C0705,Damaged street light pole,Lighting,10.096319,76.483999,images/lighting/light_006.jpg,2026-08-04,In Progress,I0353
C0439,Road surface broken near junction,Road,10.149499,76.445576,images/road/road_040.jpg,2026-08-12,Resolved,I0220
C0716,Damaged street light pole,Lighting,10.242659,76.539094,images/lighting/light_017.jpg,2026-08-20,Resolved,I0358
C1248,Uncollected waste on street,Waste,10.071628,76.487359,images/waste/waste_049.jpg,2026-08-07,Resolved,I0748
C0200,Large pothole near bus stop,Road,10.164511,76.546289,images/road/road_001.jpg,2026-08-13,Resolved,I0100
C1263,Road surface broken near junction,Road,10.208056,76.507592,images/road/road_014.jpg,2026-08-07,Resolved,I0169
C1740,Waste dumping reported,Waste,10.107922,76.512956,images/waste/waste_041.jpg,2026-08-11,Open,I0741
C0496,Crack and pothole on main road,Road,10.223621,76.36659,images/road/road_047.jpg,2026-08-29,Resolved,I0248
C0535,Street light flickering at night,Lighting,10.219709,76.367312,images/lighting/light_036.jpg,2026-08-22,Open,I0268
C0536,Faulty lamp reported near junction,Lighting,10.220376,76.368546,images/lighting/light_037.jpg,2026-08-06,Resolved,I0268
C1555,Large pothole near bus stop,Road,10.236393,76.521012,images/road/road_006.jpg,2026-08-21,Resolved,I0159
C0941,Street light flickering at night,Lighting,10.158096,76.505909,images/lighting/light_042.jpg,2026-08-22,In Progress,I0471
C1107,Uncollected waste on street,Waste,10.051733,76.47937,images/waste/waste_008.jpg,2026-08-17,Open,I0607
C1341,Garbage not collected,Waste,10.099119,76.374388,images/waste/waste_042.jpg,2026-08-12,Open,I0739
C0421,Large pothole near bus stop,Road,10.144047,76.433509,images/road/road_022.jpg,2026-08-10,In Progress,I0211
C1584,Pothole causing traffic problem,Road,10.226216,76.387892,images/road/road_035.jpg,2026-08-06,Resolved,I0078
C0311,Road surface broken near junction,Road,10.134802,76.462949,images/road/road_012.jpg,2026-08-05,Resolved,I0156
C0057,Deep pothole reported on street,Road,10.204258,76.389563,images/road/road_008.jpg,2026-08-05,Resolved,I0029
C1226,Garbage collection missed,Waste,10.134714,76.366749,images/waste/waste_027.jpg,2026-08-21,In Progress,I0726
C0515,Street light not working,Lighting,10.06757,76.457358,images/lighting/light_016.jpg,2026-08-24,In Progress,I0258
C1320,Public bin overflowing,Waste,10.079454,76.362201,images/waste/waste_021.jpg,2026-08-10,Open,I0685
C0044,Damaged road with deep pothole,Road,10.128987,76.535724,images/road/road_045.jpg,2026-08-07,In Progress,I0022
C0101,Large pothole near bus stop,Road,10.135533,76.514072,images/road/road_002.jpg,2026-08-10,Open,I0051
C0275,Damaged road with deep pothole,Road,10.14271,76.48055,images/road/road_026.jpg,2026-08-27,In Progress,I0138
C1306,Street light not working,Lighting,10.201752,76.468954,images/lighting/light_007.jpg,2026-08-26,Resolved,I0285
C0354,Crack and pothole on main road,Road,10.066901,76.546807,images/road/road_005.jpg,2026-08-22,Open,I0177
C0102,Pothole causing traffic problem,Road,10.135712,76.513399,images/road/road_003.jpg,2026-08-17,Resolved,I0051
C0756,Faulty lamp reported near junction,Lighting,10.150017,76.493995,images/lighting/light_007.jpg,2026-08-28,Open,I0378
C0108,Crack and pothole on main road,Road,10.103591,76.398052,images/road/road_009.jpg,2026-08-18,Open,I0054
C1346,Crack and pothole on main road,Road,10.189311,76.457288,images/road/road_047.jpg,2026-08-21,Resolved,I0201
C1731,Road surface broken near junction,Road,10.190334,76.36421,images/road/road_032.jpg,2026-08-15,Resolved,I0175
C1392,Large pothole near bus stop,Road,10.083629,76.405634,images/road/road_043.jpg,2026-08-13,In Progress,I0241
C1088,Garbage accumulation near bus stop,Waste,10.248553,76.500294,images/waste/waste_039.jpg,2026-08-20,In Progress,I0588
C0833,Street light not working,Lighting,10.158164,76.50868,images/lighting/light_034.jpg,2026-08-23,In Progress,I0417
C1047,Garbage collection missed,Waste,10.076714,76.493521,images/waste/waste_048.jpg,2026-08-13,In Progress,I0547
C1413,Street lamp is not working,Lighting,10.206496,76.405474,images/lighting/light_014.jpg,2026-08-20,In Progress,I0336
C0938,Broken street light near bus stop,Lighting,10.173569,76.54581,images/lighting/light_039.jpg,2026-08-16,Resolved,I0469
C1624,Damaged road with deep pothole,Road,10.235303,76.362998,images/road/road_025.jpg,2026-08-03,Open,I0247
C0129,Pothole causing traffic problem,Road,10.123466,76.477021,images/road/road_030.jpg,2026-08-10,Resolved,I0065
C1174,Garbage accumulation near bus stop,Waste,10.23643,76.465398,images/waste/waste_025.jpg,2026-08-12,Resolved,I0674
C0416,Road damaged close to school,Road,10.14647,76.54732,images/road/road_017.jpg,2026-08-16,Open,I0208
C1256,Road surface broken near junction,Road,10.171385,76.384498,images/road/road_007.jpg,2026-08-27,Open,I0013
C0915,Street light not working,Lighting,10.159001,76.522473,images/lighting/light_016.jpg,2026-08-19,Resolved,I0458
C0472,Broken road near market,Road,10.142148,76.466864,images/road/road_023.jpg,2026-08-24,In Progress,I0236
C0568,Dark street due to faulty light,Lighting,10.067629,76.378122,images/lighting/light_019.jpg,2026-08-27,In Progress,I0284
C0882,Broken street light near bus stop,Lighting,10.061123,76.543938,images/lighting/light_033.jpg,2026-08-20,Open,I0441
C0902,Street light flickering at night,Lighting,10.160464,76.366754,images/lighting/light_003.jpg,2026-08-16,In Progress,I0451
C0808,Dark street due to faulty light,Lighting,10.24528,76.530499,images/lighting/light_009.jpg,2026-08-06,Resolved,I0404
C0409,Deep pothole reported on street,Road,10.172787,76.43378,images/road/road_010.jpg,2026-08-20,In Progress,I0205
C0583,Street lamp is not working,Lighting,10.200095,76.50979,images/lighting/light_034.jpg,2026-08-26,Open,I0292
C0539,Damaged street light pole,Lighting,10.060824,76.352778,images/lighting/light_040.jpg,2026-08-26,Open,I0270
C1340,Overflowing garbage bin,Waste,10.238459,76.496495,images/waste/waste_041.jpg,2026-08-05,Open,I0576
C1030,Waste dumping reported,Waste,10.173899,76.416117,images/waste/waste_031.jpg,2026-08-21,Resolved,I0530
C1044,Waste pile near market,Waste,10.180823,76.548826,images/waste/waste_045.jpg,2026-08-15,In Progress,I0544
C1433,Large pothole near bus stop,Road,10.057954,76.443103,images/road/road_034.jpg,2026-08-21,In Progress,I0115
C1351,Pothole causing traffic problem,Road,10.224629,76.510744,images/road/road_002.jpg,2026-08-01,Resolved,I0047
C0800,Street lamp is not working,Lighting,10.20767,76.487901,images/lighting/light_001.jpg,2026-08-04,Open,I0400
C1446,Garbage collection missed,Waste,10.227123,76.439689,images/waste/waste_047.jpg,2026-08-29,Open,I0695
C0840,Street lamp is not working,Lighting,10.141887,76.547331,images/lighting/light_041.jpg,2026-08-05,Open,I0420
C0549,Street lamp is not working,Lighting,10.161739,76.464489,images/lighting/light_050.jpg,2026-08-06,In Progress,I0275
C0440,Broken road near market,Road,10.149413,76.44513,images/road/road_041.jpg,2026-08-22,Open,I0220
C0427,Road damaged close to school,Road,10.232223,76.467431,images/road/road_028.jpg,2026-08-02,Resolved,I0214
C0227,Broken road near market,Road,10.165176,76.437547,images/road/road_028.jpg,2026-08-17,Resolved,I0114
C0232,Road surface broken near junction,Road,10.245691,76.518378,images/road/road_033.jpg,2026-08-12,Resolved,I0116
C0713,Street lamp is not working,Lighting,10.193951,76.520936,images/lighting/light_014.jpg,2026-08-24,Open,I0357
C1489,Public bin overflowing,Waste,10.095849,76.441316,images/waste/waste_040.jpg,2026-08-12,Open,I0646
C0558,Street light flickering at night,Lighting,10.172284,76.407383,images/lighting/light_009.jpg,2026-08-17,Open,I0279
C0164,Road surface broken near junction,Road,10.207544,76.48334,images/road/road_015.jpg,2026-08-22,Open,I0082
C0652,Street light flickering at night,Lighting,10.21783,76.416183,images/lighting/light_003.jpg,2026-08-07,Open,I0326
C1358,Public bin overflowing,Waste,10.138515,76.35887,images/waste/waste_009.jpg,2026-08-16,Open,I0718
C0267,Broken road near market,Road,10.118813,76.36783,images/road/road_018.jpg,2026-08-01,In Progress,I0134
C0149,Large pothole near bus stop,Road,10.181512,76.513782,images/road/road_050.jpg,2026-08-08,Open,I0075
C0839,Street lamp is not working,Lighting,10.141989,76.548078,images/lighting/light_040.jpg,2026-08-06,Resolved,I0420
C1418,Dark street due to faulty light,Lighting,10.130378,76.465502,images/lighting/light_019.jpg,2026-08-19,Open,I0416
C0562,Broken street light near bus stop,Lighting,10.157373,76.360175,images/lighting/light_013.jpg,2026-08-29,Open,I0281
C0655,Broken street light near bus stop,Lighting,10.12605,76.499192,images/lighting/light_006.jpg,2026-08-01,Open,I0328
C1377,No light on main street,Lighting,10.104144,76.460666,images/lighting/light_028.jpg,2026-08-05,In Progress,I0377
C0307,Large pothole near bus stop,Road,10.236762,76.357961,images/road/road_008.jpg,2026-08-29,In Progress,I0154
C0193,Road damaged close to school,Road,10.238134,76.541327,images/road/road_044.jpg,2026-08-26,Resolved,I0097
C0779,No light on main street,Lighting,10.147052,76.40401,images/lighting/light_030.jpg,2026-08-22,Resolved,I0390
C0310,Damaged road with deep pothole,Road,10.210616,76.406109,images/road/road_011.jpg,2026-08-19,Resolved,I0155
C1394,Damaged road with deep pothole,Road,10.229594,76.427536,images/road/road_045.jpg,2026-08-23,Resolved,I0163
C0064,Road damaged close to school,Road,10.235429,76.480133,images/road/road_015.jpg,2026-08-06,Resolved,I0032
C1198,Waste dumping reported,Waste,10.24261,76.399755,images/waste/waste_049.jpg,2026-08-09,In Progress,I0698
C1741,Street lamp is not working,Lighting,10.138973,76.456923,images/lighting/light_042.jpg,2026-08-10,Open,I0255
C1118,Uncollected waste on street,Waste,10.087152,76.533621,images/waste/waste_019.jpg,2026-08-08,In Progress,I0618
C0721,Damaged street light pole,Lighting,10.091376,76.354291,images/lighting/light_022.jpg,2026-08-02,Resolved,I0361
C0974,Street light not working,Lighting,10.093709,76.36671,images/lighting/light_025.jpg,2026-08-09,Resolved,I0487
C0781,Street lamp is not working,Lighting,10.102015,76.469213,images/lighting/light_032.jpg,2026-08-09,Resolved,I0391
C0847,Faulty lamp reported near junction,Lighting,10.057918,76.446831,images/lighting/light_048.jpg,2026-08-10,Open,I0424
C0614,No light on main street,Lighting,10.163942,76.502058,images/lighting/light_015.jpg,2026-08-23,Open,I0307
C0480,Road surface broken near junction,Road,10.170915,76.394528,images/road/road_031.jpg,2026-08-05,Resolved,I0240
C1121,Waste dumping reported,Waste,10.240219,76.470462,images/waste/waste_022.jpg,2026-08-23,Open,I0621
C1560,Waste pile near market,Waste,10.167137,76.383707,images/waste/waste_011.jpg,2026-08-26,Resolved,I0629
C1405,Faulty lamp reported near junction,Lighting,10.139918,76.456746,images/lighting/light_006.jpg,2026-08-11,Open,I0255
C0219,Broken road near market,Road,10.17279,76.36673,images/road/road_020.jpg,2026-08-27,Resolved,I0110
C1539,Waste pile near market,Waste,10.224195,76.530271,images/waste/waste_040.jpg,2026-08-19,Open,I0543
C0287,Crack and pothole on main road,Road,10.176978,76.510141,images/road/road_038.jpg,2026-08-27,Open,I0144
C0803,Street light not working,Lighting,10.200985,76.477614,images/lighting/light_004.jpg,2026-08-07,Resolved,I0402
C1404,Street lamp is not working,Lighting,10.080051,76.395562,images/lighting/light_005.jpg,2026-08-24,Resolved,I0311
C1421,Overflowing garbage bin,Waste,10.172394,76.410581,images/waste/waste_022.jpg,2026-08-05,In Progress,I0522
C0362,Road surface broken near junction,Road,10.205513,76.46185,images/road/road_013.jpg,2026-08-04,Open,I0181
C1492,Waste pile near market,Waste,10.240614,76.48078,images/waste/waste_043.jpg,2026-08-05,Open,I0608
C0757,Street light not working,Lighting,10.052028,76.377599,images/lighting/light_008.jpg,2026-08-27,Open,I0379
C1176,Waste dumping reported,Waste,10.078441,76.530216,images/waste/waste_027.jpg,2026-08-18,Open,I0676
C0630,Faulty lamp reported near junction,Lighting,10.232124,76.46654,images/lighting/light_031.jpg,2026-08-15,In Progress,I0315
C1540,Road damaged close to school,Road,10.09137,76.463748,images/road/road_041.jpg,2026-08-15,Open,I0020
C0711,Faulty lamp reported near junction,Lighting,10.194213,76.510861,images/lighting/light_012.jpg,2026-08-11,Open,I0356
C1390,Broken street light near bus stop,Lighting,10.149541,76.487737,images/lighting/light_041.jpg,2026-08-13,Resolved,I0395
C0926,Damaged street light pole,Lighting,10.200578,76.381603,images/lighting/light_027.jpg,2026-08-24,In Progress,I0463
C0507,Broken street light near bus stop,Lighting,10.200087,76.356823,images/lighting/light_008.jpg,2026-08-22,Resolved,I0254
C1084,Waste dumping reported,Waste,10.170482,76.538351,images/waste/waste_035.jpg,2026-08-06,Resolved,I0584
C1294,Street lamp is not working,Lighting,10.106076,76.353359,images/lighting/light_045.jpg,2026-08-07,Open,I0472
C1037,Waste dumping reported,Waste,10.101184,76.441789,images/waste/waste_038.jpg,2026-08-05,Open,I0537
C1618,Faulty lamp reported near junction,Lighting,10.242826,76.539234,images/lighting/light_019.jpg,2026-08-15,Open,I0358
C1353,Public bin overflowing,Waste,10.055532,76.428864,images/waste/waste_004.jpg,2026-08-28,Open,I0542
C0843,Street light flickering at night,Lighting,10.236323,76.363775,images/lighting/light_044.jpg,2026-08-17,Resolved,I0422
C0778,Dark street due to faulty light,Lighting,10.182205,76.537051,images/lighting/light_029.jpg,2026-08-01,Open,I0389
C0943,Street light not working,Lighting,10.106259,76.353635,images/lighting/light_044.jpg,2026-08-25,Resolved,I0472
C1590,Garbage collection missed,Waste,10.240902,76.374535,images/waste/waste_041.jpg,2026-08-04,Open,I0520
C1635,No light on main street,Lighting,10.08158,76.443681,images/lighting/light_036.jpg,2026-08-11,In Progress,I0484
C1743,Overflowing garbage bin,Waste,10.118885,76.474074,images/waste/waste_044.jpg,2026-08-06,Open,I0642
C0844,Street light not working,Lighting,10.236273,76.364254,images/lighting/light_045.jpg,2026-08-28,Resolved,I0422
C1443,Pothole causing traffic problem,Road,10.159809,76.437849,images/road/road_044.jpg,2026-08-09,Resolved,I0171
C1240,Garbage accumulation near bus stop,Waste,10.149528,76.352373,images/waste/waste_041.jpg,2026-08-15,Open,I0740
C1031,Public bin overflowing,Waste,10.118057,76.385493,images/waste/waste_032.jpg,2026-08-05,Resolved,I0531
C0793,Street light flickering at night,Lighting,10.209864,76.489058,images/lighting/light_044.jpg,2026-08-02,Resolved,I0397
C1511,Garbage not collected,Waste,10.114526,76.504808,images/waste/waste_012.jpg,2026-08-28,Open,I0555
C0278,Road surface broken near junction,Road,10.172755,76.477139,images/road/road_029.jpg,2026-08-15,Resolved,I0139
C1488,Broken road near market,Road,10.236676,76.545914,images/road/road_039.jpg,2026-08-07,Resolved,I0170
C1612,Overflowing garbage bin,Waste,10.227287,76.439874,images/waste/waste_013.jpg,2026-08-23,Open,I0695
C0359,Road surface broken near junction,Road,10.120309,76.491851,images/road/road_010.jpg,2026-08-10,Open,I0180
C0945,Dark street due to faulty light,Lighting,10.24285,76.418319,images/lighting/light_046.jpg,2026-08-19,Resolved,I0473
C0237,Crack and pothole on main road,Road,10.154453,76.504247,images/road/road_038.jpg,2026-08-03,Open,I0119
C0965,Broken street light near bus stop,Lighting,10.2042,76.486492,images/lighting/light_016.jpg,2026-08-26,In Progress,I0483
C1243,Garbage accumulation near bus stop,Waste,10.100363,76.500946,images/waste/waste_044.jpg,2026-08-11,Open,I0743
C1453,Damaged street light pole,Lighting,10.220439,76.367751,images/lighting/light_004.jpg,2026-08-22,Open,I0268
C1685,Street light flickering at night,Lighting,10.171851,76.407712,images/lighting/light_036.jpg,2026-08-09,In Progress,I0279
C1034,Overflowing garbage bin,Waste,10.117235,76.458915,images/waste/waste_035.jpg,2026-08-23,Resolved,I0534
C1503,Street light flickering at night,Lighting,10.240213,76.380242,images/lighting/light_004.jpg,2026-08-21,Resolved,I0489
C1651,Broken street light near bus stop,Lighting,10.228623,76.46894,images/lighting/light_002.jpg,2026-08-19,Open,I0259
C0209,Damaged road with deep pothole,Road,10.173364,76.547736,images/road/road_010.jpg,2026-08-29,Resolved,I0105
C1382,Garbage collection missed,Waste,10.118965,76.456312,images/waste/waste_033.jpg,2026-08-03,Open,I0574
C1558,Street light not working,Lighting,10.0678,76.457082,images/lighting/light_009.jpg,2026-08-10,Resolved,I0261
C0608,Street light flickering at night,Lighting,10.198348,76.464502,images/lighting/light_009.jpg,2026-08-02,Resolved,I0304
C0059,Deep pothole reported on street,Road,10.052515,76.390168,images/road/road_010.jpg,2026-08-01,In Progress,I0030
C0530,Street lamp is not working,Lighting,10.120939,76.547172,images/lighting/light_031.jpg,2026-08-07,Open,I0265
C1387,Street light not working,Lighting,10.143214,76.408907,images/lighting/light_038.jpg,2026-08-09,Open,I0428
C0612,Street light not working,Lighting,10.205239,76.378274,images/lighting/light_013.jpg,2026-08-23,In Progress,I0306
C0980,Damaged street light pole,Lighting,10.196055,76.532281,images/lighting/light_031.jpg,2026-08-01,Resolved,I0490
C1381,Waste dumping reported,Waste,10.170601,76.471624,images/waste/waste_032.jpg,2026-08-03,In Progress,I0502
C0364,Road damaged close to school,Road,10.099832,76.416416,images/road/road_015.jpg,2026-08-25,Open,I0182
C1108,Overflowing garbage bin,Waste,10.24104,76.480493,images/waste/waste_009.jpg,2026-08-05,Open,I0608
C0355,Large pothole near bus stop,Road,10.222511,76.526244,images/road/road_006.jpg,2026-08-05,Resolved,I0178
C0428,Road damaged close to school,Road,10.232749,76.467217,images/road/road_029.jpg,2026-08-26,Resolved,I0214
C0966,Street light not working,Lighting,10.204134,76.487122,images/lighting/light_017.jpg,2026-08-05,Resolved,I0483
C1403,Street light not working,Lighting,10.206817,76.367733,images/lighting/light_004.jpg,2026-08-12,In Progress,I0433
C1588,Pothole causing traffic problem,Road,10.097425,76.415194,images/road/road_039.jpg,2026-08-04,In Progress,I0087
C0556,No light on main street,Lighting,10.19702,76.456333,images/lighting/light_007.jpg,2026-08-11,Resolved,I0278
C1608,Waste dumping reported,Waste,10.215631,76.482834,images/waste/waste_009.jpg,2026-08-22,In Progress,I0678
C0708,Street light flickering at night,Lighting,10.168839,76.418041,images/lighting/light_009.jpg,2026-08-14,In Progress,I0354
C0293,Damaged road with deep pothole,Road,10.127779,76.54281,images/road/road_044.jpg,2026-08-16,Open,I0147
C1676,Garbage not collected,Waste,10.183296,76.474544,images/waste/waste_027.jpg,2026-08-25,Resolved,I0599
C1717,Uncollected waste on street,Waste,10.22381,76.439015,images/waste/waste_018.jpg,2026-08-16,Resolved,I0551
C0644,No light on main street,Lighting,10.125028,76.363465,images/lighting/light_045.jpg,2026-08-04,In Progress,I0322
C0119,Deep pothole reported on street,Road,10.132695,76.356523,images/road/road_020.jpg,2026-08-03,In Progress,I0060
C1101,Garbage accumulation near bus stop,Waste,10.154096,76.445425,images/waste/waste_002.jpg,2026-08-29,Open,I0601
C0603,Dark street due to faulty light,Lighting,10.196523,76.488524,images/lighting/light_004.jpg,2026-08-03,Open,I0302
C0514,Street light not working,Lighting,10.053522,76.414403,images/lighting/light_015.jpg,2026-08-15,Open,I0257
C0082,Broken road near market,Road,10.057,76.477612,images/road/road_033.jpg,2026-08-25,Open,I0041
C0571,No light on main street,Lighting,10.171604,76.50901,images/lighting/light_022.jpg,2026-08-18,Open,I0286
C0381,Road surface broken near junction,Road,10.248813,76.364478,images/road/road_032.jpg,2026-08-24,Resolved,I0191
C1541,Dark street due to faulty light,Lighting,10.206529,76.378168,images/lighting/light_042.jpg,2026-08-23,Open,I0306
C0085,Road surface broken near junction,Road,10.100088,76.432611,images/road/road_036.jpg,2026-08-27,Resolved,I0043
C1470,Dark street due to faulty light,Lighting,10.054349,76.41471,images/lighting/light_021.jpg,2026-08-23,In Progress,I0257
C1545,Broken street light near bus stop,Lighting,10.214536,76.424687,images/lighting/light_046.jpg,2026-08-19,Resolved,I0482
C1422,Large pothole near bus stop,Road,10.114972,76.495847,images/road/road_023.jpg,2026-08-12,In Progress,I0035
C1442,Deep pothole reported on street,Road,10.196006,76.360389,images/road/road_043.jpg,2026-08-02,Open,I0132
C1533,Road damaged close to school,Road,10.195918,76.360885,images/road/road_034.jpg,2026-08-24,Open,I0132
C0889,Faulty lamp reported near junction,Lighting,10.212416,76.39495,images/lighting/light_040.jpg,2026-08-29,Resolved,I0445
C0760,Damaged street light pole,Lighting,10.103154,76.496346,images/lighting/light_011.jpg,2026-08-05,Open,I0380
C0452,Damaged road with deep pothole,Road,10.173208,76.546358,images/road/road_003.jpg,2026-08-02,Open,I0226
C0491,Road surface broken near junction,Road,10.187315,76.452697,images/road/road_042.jpg,2026-08-15,Open,I0246
C1291,Dark street due to faulty light,Lighting,10.142906,76.4092,images/lighting/light_042.jpg,2026-08-08,Open,I0428
C0288,Large pothole near bus stop,Road,10.176719,76.510036,images/road/road_039.jpg,2026-08-29,In Progress,I0144
C0722,Street lamp is not working,Lighting,10.092107,76.355446,images/lighting/light_023.jpg,2026-08-17,Open,I0361
C1736,Road damaged close to school,Road,10.237579,76.350228,images/road/road_037.jpg,2026-08-25,In Progress,I0006
C1224,Garbage accumulation near bus stop,Waste,10.121234,76.431957,images/waste/waste_025.jpg,2026-08-13,In Progress,I0724
C0600,No light on main street,Lighting,10.062836,76.395607,images/lighting/light_001.jpg,2026-08-25,Open,I0300
C0555,Street light not working,Lighting,10.196833,76.456349,images/lighting/light_006.jpg,2026-08-28,Resolved,I0278
C0629,Faulty lamp reported near junction,Lighting,10.231715,76.466226,images/lighting/light_030.jpg,2026-08-20,In Progress,I0315
C1183,Garbage accumulation near bus stop,Waste,10.070717,76.478026,images/waste/waste_034.jpg,2026-08-16,Open,I0683
C1075,Garbage collection missed,Waste,10.056112,76.412103,images/waste/waste_026.jpg,2026-08-05,In Progress,I0575
C1023,Waste dumping reported,Waste,10.224211,76.492039,images/waste/waste_024.jpg,2026-08-06,Resolved,I0523
C0328,Crack and pothole on main road,Road,10.242076,76.519716,images/road/road_029.jpg,2026-08-29,Resolved,I0164
C1068,Overflowing garbage bin,Waste,10.094665,76.386236,images/waste/waste_019.jpg,2026-08-28,Resolved,I0568
C0610,Street light flickering at night,Lighting,10.080474,76.412054,images/lighting/light_011.jpg,2026-08-28,Resolved,I0305
C1680,Garbage accumulation near bus stop,Waste,10.184023,76.549179,images/waste/waste_031.jpg,2026-08-02,Open,I0647
C0917,Faulty lamp reported near junction,Lighting,10.226332,76.509193,images/lighting/light_018.jpg,2026-08-20,Resolved,I0459
C0694,Broken street light near bus stop,Lighting,10.161442,76.380488,images/lighting/light_045.jpg,2026-08-14,In Progress,I0347
C0178,Large pothole near bus stop,Road,10.181705,76.463376,images/road/road_029.jpg,2026-08-13,Open,I0089
C1581,No light on main street,Lighting,10.237236,76.487939,images/lighting/light_032.jpg,2026-08-20,Open,I0475
C1342,Waste pile near market,Waste,10.142475,76.547889,images/waste/waste_043.jpg,2026-08-13,In Progress,I0722
C0087,Broken road near market,Road,10.090869,76.538343,images/road/road_038.jpg,2026-08-12,In Progress,I0044
C1227,Garbage collection missed,Waste,10.243232,76.409231,images/waste/waste_028.jpg,2026-08-25,Resolved,I0727
C1656,Waste pile near market,Waste,10.150534,76.352869,images/waste/waste_007.jpg,2026-08-18,In Progress,I0740
C0458,Pothole causing traffic problem,Road,10.152346,76.506824,images/road/road_009.jpg,2026-08-08,Resolved,I0229
C0055,Large pothole near bus stop,Road,10.082088,76.353499,images/road/road_006.jpg,2026-08-06,Resolved,I0028
C1311,Crack and pothole on main road,Road,10.186163,76.472486,images/road/road_012.jpg,2026-08-17,Resolved,I0142
C0222,Road surface broken near junction,Road,10.150324,76.509196,images/road/road_023.jpg,2026-08-16,Open,I0111
C0114,Pothole causing traffic problem,Road,10.242685,76.400678,images/road/road_015.jpg,2026-08-12,Open,I0057
C0772,Broken street light near bus stop,Lighting,10.063309,76.517743,images/lighting/light_023.jpg,2026-08-14,Open,I0386
C1126,Uncollected waste on street,Waste,10.110284,76.496327,images/waste/waste_027.jpg,2026-08-12,In Progress,I0626
C0786,Street light not working,Lighting,10.116745,76.505082,images/lighting/light_037.jpg,2026-08-13,Open,I0393
C0175,Road surface broken near junction,Road,10.123594,76.498887,images/road/road_026.jpg,2026-08-19,In Progress,I0088
C0638,Broken street light near bus stop,Lighting,10.224667,76.536681,images/lighting/light_039.jpg,2026-08-25,Open,I0319
C1363,Pothole causing traffic problem,Road,10.153767,76.517123,images/road/road_014.jpg,2026-08-24,In Progress,I0072
C0019,Pothole causing traffic problem,Road,10.244444,76.396828,images/road/road_020.jpg,2026-08-20,Open,I0010
C0424,Pothole causing traffic problem,Road,10.052769,76.365525,images/road/road_025.jpg,2026-08-09,Open,I0212
C1170,Public bin overflowing,Waste,10.193901,76.378232,images/waste/waste_021.jpg,2026-08-04,In Progress,I0670
C0286,Crack and pothole on main road,Road,10.178749,76.355813,images/road/road_037.jpg,2026-08-06,Resolved,I0143
C1386,Street lamp is not working,Lighting,10.176975,76.429204,images/lighting/light_037.jpg,2026-08-10,Open,I0491
C0429,Large pothole near bus stop,Road,10.238757,76.519222,images/road/road_030.jpg,2026-08-26,Resolved,I0215
C1319,Garbage collection missed,Waste,10.247641,76.374669,images/waste/waste_020.jpg,2026-08-20,Open,I0566
C0590,Faulty lamp reported near junction,Lighting,10.225795,76.428551,images/lighting/light_041.jpg,2026-08-28,Open,I0295
C0032,Large pothole near bus stop,Road,10.095995,76.3982,images/road/road_033.jpg,2026-08-20,Resolved,I0016
C0742,Street lamp is not working,Lighting,10.054638,76.403804,images/lighting/light_043.jpg,2026-08-29,In Progress,I0371
C0782,Faulty lamp reported near junction,Lighting,10.102185,76.468643,images/lighting/light_033.jpg,2026-08-29,In Progress,I0391
C0215,Damaged road with deep pothole,Road,10.191605,76.460364,images/road/road_016.jpg,2026-08-18,Resolved,I0108
C0753,Street light not working,Lighting,10.105108,76.46068,images/lighting/light_004.jpg,2026-08-26,Open,I0377
C0327,Large pothole near bus stop,Road,10.241962,76.519099,images/road/road_028.jpg,2026-08-16,Open,I0164
C0561,Broken street light near bus stop,Lighting,10.156578,76.360544,images/lighting/light_012.jpg,2026-08-18,Open,I0281
C1164,Waste pile near market,Waste,10.214767,76.405379,images/waste/waste_015.jpg,2026-08-01,Resolved,I0664
C0589,Faulty lamp reported near junction,Lighting,10.225185,76.428492,images/lighting/light_040.jpg,2026-08-13,In Progress,I0295
C1048,Waste dumping reported,Waste,10.170137,76.476429,images/waste/waste_049.jpg,2026-08-10,Resolved,I0548
C0342,Crack and pothole on main road,Road,10.159521,76.438183,images/road/road_043.jpg,2026-08-16,Resolved,I0171
C0148,Broken road near market,Road,10.158484,76.489188,images/road/road_049.jpg,2026-08-16,Resolved,I0074
C0361,Road surface broken near junction,Road,10.205326,76.462066,images/road/road_012.jpg,2026-08-28,Resolved,I0181
C0084,Large pothole near bus stop,Road,10.162648,76.488997,images/road/road_035.jpg,2026-08-25,Resolved,I0042
C0049,Road damaged close to school,Road,10.127847,76.404259,images/road/road_050.jpg,2026-08-26,In Progress,I0025
C0469,Large pothole near bus stop,Road,10.097869,76.365192,images/road/road_020.jpg,2026-08-16,Open,I0235
C0156,Crack and pothole on main road,Road,10.226311,76.387851,images/road/road_007.jpg,2026-08-23,In Progress,I0078
C1058,Uncollected waste on street,Waste,10.115817,76.439601,images/waste/waste_009.jpg,2026-08-15,Open,I0558
C1222,Uncollected waste on street,Waste,10.142307,76.548438,images/waste/waste_023.jpg,2026-08-04,Resolved,I0722
C1570,Pothole causing traffic problem,Road,10.146805,76.449111,images/road/road_021.jpg,2026-08-23,Open,I0166
C1428,Large pothole near bus stop,Road,10.208593,76.450335,images/road/road_029.jpg,2026-08-09,In Progress,I0093
C0501,Damaged street light pole,Lighting,10.12349,76.442953,images/lighting/light_002.jpg,2026-08-02,In Progress,I0251
C0180,Pothole causing traffic problem,Road,10.151698,76.476657,images/road/road_031.jpg,2026-08-19,Resolved,I0090
C1215,Public bin overflowing,Waste,10.228944,76.477284,images/waste/waste_016.jpg,2026-08-14,Resolved,I0715
C0619,Faulty lamp reported near junction,Lighting,10.170467,76.450656,images/lighting/light_020.jpg,2026-08-26,Open,I0310
C0693,Street light not working,Lighting,10.161871,76.381122,images/lighting/light_044.jpg,2026-08-07,In Progress,I0347
C0529,Damaged street light pole,Lighting,10.121676,76.547947,images/lighting/light_030.jpg,2026-08-23,Open,I0265
C0347,Pothole causing traffic problem,Road,10.223506,76.518259,images/road/road_048.jpg,2026-08-26,Resolved,I0174
C1209,Garbage accumulation near bus stop,Waste,10.142498,76.506754,images/waste/waste_010.jpg,2026-08-01,Resolved,I0709
C1711,Waste pile near market,Waste,10.172918,76.416023,images/waste/waste_012.jpg,2026-08-22,In Progress,I0530
C1419,Road damaged close to school,Road,10.23228,76.397962,images/road/road_020.jpg,2026-08-12,In Progress,I0061
C1081,Garbage collection missed,Waste,10.148988,76.473279,images/waste/waste_032.jpg,2026-08-12,Resolved,I0581
C1434,Waste dumping reported,Waste,10.137006,76.494666,images/waste/waste_035.jpg,2026-08-07,Open,I0528
C0602,Broken street light near bus stop,Lighting,10.07377,76.537734,images/lighting/light_003.jpg,2026-08-13,Open,I0301
C1193,Uncollected waste on street,Waste,10.111519,76.475045,images/waste/waste_044.jpg,2026-08-22,Open,I0693
C0244,Road damaged close to school,Road,10.190109,76.37816,images/road/road_045.jpg,2026-08-05,Resolved,I0122
C0706,Dark street due to faulty light,Lighting,10.096118,76.484261,images/lighting/light_007.jpg,2026-08-15,Open,I0353
C1287,Street light flickering at night,Lighting,10.200052,76.510781,images/lighting/light_038.jpg,2026-08-13,Open,I0292
C0313,Damaged road with deep pothole,Road,10.247972,76.431881,images/road/road_014.jpg,2026-08-23,Open,I0157
C0436,Pothole causing traffic problem,Road,10.225184,76.501699,images/road/road_037.jpg,2026-08-19,Resolved,I0218
C1655,Crack and pothole on main road,Road,10.142377,76.546729,images/road/road_006.jpg,2026-08-24,Open,I0233
C0737,Street light flickering at night,Lighting,10.22382,76.447866,images/lighting/light_038.jpg,2026-08-21,In Progress,I0369
C0309,Damaged road with deep pothole,Road,10.210652,76.406522,images/road/road_010.jpg,2026-08-10,In Progress,I0155
C0431,Large pothole near bus stop,Road,10.098006,76.390929,images/road/road_032.jpg,2026-08-27,Resolved,I0216
C0371,Large pothole near bus stop,Road,10.186562,76.397971,images/road/road_022.jpg,2026-08-10,In Progress,I0186
C0567,Street light not working,Lighting,10.067882,76.378358,images/lighting/light_018.jpg,2026-08-25,In Progress,I0284
C1739,Crack and pothole on main road,Road,10.132392,76.356341,images/road/road_040.jpg,2026-08-12,Open,I0060
C0182,Deep pothole reported on street,Road,10.098293,76.543798,images/road/road_033.jpg,2026-08-18,Resolved,I0091
C0683,Street light flickering at night,Lighting,10.210065,76.419836,images/lighting/light_034.jpg,2026-08-24,Resolved,I0342
C1693,Road surface broken near junction,Road,10.190566,76.363872,images/road/road_044.jpg,2026-08-13,Resolved,I0175
C0927,No light on main street,Lighting,10.242411,76.443553,images/lighting/light_028.jpg,2026-08-10,Resolved,I0464
C1573,Road damaged close to school,Road,10.235279,76.479893,images/road/road_024.jpg,2026-08-13,Open,I0032
C1606,Street light flickering at night,Lighting,10.155774,76.509633,images/lighting/light_007.jpg,2026-08-19,Resolved,I0350
C0297,Road surface broken near junction,Road,10.069554,76.353744,images/road/road_048.jpg,2026-08-28,Resolved,I0149
C1269,Deep pothole reported on street,Road,10.206665,76.469742,images/road/road_020.jpg,2026-08-05,Open,I0002
C0462,Deep pothole reported on street,Road,10.239367,76.379796,images/road/road_013.jpg,2026-08-25,Resolved,I0231
C1141,Overflowing garbage bin,Waste,10.088573,76.414872,images/waste/waste_042.jpg,2026-08-12,Resolved,I0641
C1689,Garbage not collected,Waste,10.169582,76.475513,images/waste/waste_040.jpg,2026-08-17,Resolved,I0548
C0378,Road surface broken near junction,Road,10.051822,76.544365,images/road/road_029.jpg,2026-08-22,Resolved,I0189
C0931,Broken street light near bus stop,Lighting,10.095286,76.531748,images/lighting/light_032.jpg,2026-08-09,Open,I0466
C1495,Uncollected waste on street,Waste,10.19125,76.371229,images/waste/waste_046.jpg,2026-08-14,Open,I0617
C0127,Pothole causing traffic problem,Road,10.123541,76.398466,images/road/road_028.jpg,2026-08-26,Open,I0064
C0979,Damaged street light pole,Lighting,10.197122,76.532206,images/lighting/light_030.jpg,2026-08-21,In Progress,I0490
C1583,Waste dumping reported,Waste,10.201551,76.419864,images/waste/waste_034.jpg,2026-08-19,In Progress,I0653
C0356,Pothole causing traffic problem,Road,10.222195,76.52648,images/road/road_007.jpg,2026-08-24,Open,I0178
C1423,Garbage not collected,Waste,10.144843,76.428651,images/waste/waste_024.jpg,2026-08-05,In Progress,I0604
C1472,Street light not working,Lighting,10.080261,76.396042,images/lighting/light_023.jpg,2026-08-27,Open,I0311
C1417,Waste dumping reported,Waste,10.225115,76.530093,images/waste/waste_018.jpg,2026-08-10,Open,I0543
C0210,Pothole causing traffic problem,Road,10.172935,76.547886,images/road/road_011.jpg,2026-08-22,Resolved,I0105
C1374,Crack and pothole on main road,Road,10.222916,76.47473,images/road/road_025.jpg,2026-08-09,Open,I0033
C0141,Deep pothole reported on street,Road,10.085456,76.488734,images/road/road_042.jpg,2026-08-22,In Progress,I0071
C1252,No light on main street,Lighting,10.141402,76.454231,images/lighting/light_003.jpg,2026-08-15,Resolved,I0412
C1166,Uncollected waste on street,Waste,10.207277,76.464593,images/waste/waste_017.jpg,2026-08-13,In Progress,I0666
C1186,Waste dumping reported,Waste,10.088562,76.392115,images/waste/waste_037.jpg,2026-08-28,Open,I0686
C1378,No light on main street,Lighting,10.09628,76.484771,images/lighting/light_029.jpg,2026-08-18,Open,I0353
C1345,Road damaged close to school,Road,10.153115,76.50731,images/road/road_046.jpg,2026-08-22,Open,I0229
C0707,Damaged street light pole,Lighting,10.169424,76.41844,images/lighting/light_008.jpg,2026-08-09,In Progress,I0354
C1113,Waste pile near market,Waste,10.113004,76.472081,images/waste/waste_014.jpg,2026-08-02,Resolved,I0613
C0681,Street lamp is not working,Lighting,10.063502,76.499423,images/lighting/light_032.jpg,2026-08-14,In Progress,I0341
C1090,Uncollected waste on street,Waste,10.179752,76.503314,images/waste/waste_041.jpg,2026-08-17,Resolved,I0590
C0011,Crack and pothole on main road,Road,10.23755,76.350031,images/road/road_012.jpg,2026-08-06,In Progress,I0006
C0969,No light on main street,Lighting,10.135338,76.439962,images/lighting/light_020.jpg,2026-08-20,In Progress,I0485
C0283,Deep pothole reported on street,Road,10.186718,76.473267,images/road/road_034.jpg,2026-08-22,Resolved,I0142
C0292,Damaged road with deep pothole,Road,10.212217,76.513877,images/road/road_043.jpg,2026-08-03,Open,I0146
C0627,Street light flickering at night,Lighting,10.169987,76.515161,images/lighting/light_028.jpg,2026-08-18,Open,I0314
C0744,Broken street light near bus stop,Lighting,10.189556,76.430637,images/lighting/light_045.jpg,2026-08-19,In Progress,I0372
C0678,Street lamp is not working,Lighting,10.132961,76.367785,images/lighting/light_029.jpg,2026-08-15,Resolved,I0339
C0130,Road damaged close to school,Road,10.123065,76.475953,images/road/road_031.jpg,2026-08-03,Resolved,I0065
C0324,Deep pothole reported on street,Road,10.149316,76.428063,images/road/road_025.jpg,2026-08-13,In Progress,I0162
C0951,Dark street due to faulty light,Lighting,10.239317,76.383318,images/lighting/light_002.jpg,2026-08-10,Resolved,I0476
C1002,Uncollected waste on street,Waste,10.168747,76.472353,images/waste/waste_003.jpg,2026-08-03,Resolved,I0502
C0758,Street light not working,Lighting,10.051854,76.377447,images/lighting/light_009.jpg,2026-08-02,In Progress,I0379
C1628,Crack and pothole on main road,Road,10.224265,76.517985,images/road/road_029.jpg,2026-08-18,Resolved,I0174
C1610,Broken street light near bus stop,Lighting,10.14111,76.364414,images/lighting/light_011.jpg,2026-08-16,In Progress,I0396
C1055,Garbage collection missed,Waste,10.114937,76.505216,images/waste/waste_006.jpg,2026-08-26,In Progress,I0555
C1302,Waste pile near market,Waste,10.054123,76.381701,images/waste/waste_003.jpg,2026-08-04,Open,I0672
C1691,Garbage collection missed,Waste,10.17002,76.538308,images/waste/waste_042.jpg,2026-08-06,In Progress,I0584
C0159,Large pothole near bus stop,Road,10.221402,76.431179,images/road/road_010.jpg,2026-08-17,In Progress,I0080
C1506,Pothole causing traffic problem,Road,10.124867,76.407352,images/road/road_007.jpg,2026-08-21,Resolved,I0187
C0635,Faulty lamp reported near junction,Lighting,10.069524,76.400833,images/lighting/light_036.jpg,2026-08-28,Resolved,I0318
C0517,Dark street due to faulty light,Lighting,10.228345,76.468699,images/lighting/light_018.jpg,2026-08-01,Resolved,I0259
C1245,Overflowing garbage bin,Waste,10.205384,76.481098,images/waste/waste_046.jpg,2026-08-08,In Progress,I0745
C0598,Dark street due to faulty light,Lighting,10.229792,76.426799,images/lighting/light_049.jpg,2026-08-25,Open,I0299
C0196,Crack and pothole on main road,Road,10.227033,76.500215,images/road/road_047.jpg,2026-08-16,Open,I0098
C1508,Garbage accumulation near bus stop,Waste,10.178697,76.454716,images/waste/waste_009.jpg,2026-08-23,Open,I0527
C1359,Street lamp is not working,Lighting,10.171767,76.407921,images/lighting/light_010.jpg,2026-08-29,Resolved,I0279
C0411,Road damaged close to school,Road,10.224982,76.460043,images/road/road_012.jpg,2026-08-27,Open,I0206
C0097,Broken road near market,Road,10.211334,76.528446,images/road/road_048.jpg,2026-08-26,Resolved,I0049
C0787,Street light not working,Lighting,10.119026,76.420235,images/lighting/light_038.jpg,2026-08-20,Open,I0394
C1557,Waste dumping reported,Waste,10.243042,76.350744,images/waste/waste_008.jpg,2026-08-06,Open,I0571
C0157,Road surface broken near junction,Road,10.119785,76.49493,images/road/road_008.jpg,2026-08-06,Open,I0079
C0420,Road damaged close to school,Road,10.21592,76.463504,images/road/road_021.jpg,2026-08-08,Resolved,I0210
C0858,Street lamp is not working,Lighting,10.10961,76.396948,images/lighting/light_009.jpg,2026-08-01,Open,I0429
C0478,Deep pothole reported on street,Road,10.14419,76.483638,images/road/road_029.jpg,2026-08-10,In Progress,I0239
C0820,Faulty lamp reported near junction,Lighting,10.073109,76.435029,images/lighting/light_021.jpg,2026-08-25,Resolved,I0410
C0669,Street light not working,Lighting,10.134085,76.532679,images/lighting/light_020.jpg,2026-08-21,Resolved,I0335
C0837,No light on main street,Lighting,10.173595,76.396057,images/lighting/light_038.jpg,2026-08-24,Resolved,I0419
C0866,Street light flickering at night,Lighting,10.207647,76.368212,images/lighting/light_017.jpg,2026-08-21,In Progress,I0433
C1139,Waste dumping reported,Waste,10.165801,76.405015,images/waste/waste_040.jpg,2026-08-03,Open,I0639
C0448,Road damaged close to school,Road,10.134023,76.506993,images/road/road_049.jpg,2026-08-21,In Progress,I0224
C1697,Road damaged close to school,Road,10.168531,76.426237,images/road/road_048.jpg,2026-08-11,In Progress,I0209
C0179,Pothole causing traffic problem,Road,10.151532,76.477129,images/road/road_030.jpg,2026-08-04,Resolved,I0090
C0391,Pothole causing traffic problem,Road,10.241494,76.361926,images/road/road_042.jpg,2026-08-24,Resolved,I0196
C0579,Dark street due to faulty light,Lighting,10.235197,76.493842,images/lighting/light_030.jpg,2026-08-27,In Progress,I0290
C1235,Public bin overflowing,Waste,10.181298,76.375338,images/waste/waste_036.jpg,2026-08-01,Open,I0735
C1532,Overflowing garbage bin,Waste,10.097454,76.430031,images/waste/waste_033.jpg,2026-08-13,Open,I0655
C0860,Street light not working,Lighting,10.105599,76.531985,images/lighting/light_011.jpg,2026-08-28,Resolved,I0430
C1441,Road surface broken near junction,Road,10.248488,76.365006,images/road/road_042.jpg,2026-08-25,Open,I0191
C0712,Street light not working,Lighting,10.193975,76.510971,images/lighting/light_013.jpg,2026-08-05,Resolved,I0356
C0814,Damaged street light pole,Lighting,10.235021,76.386497,images/lighting/light_015.jpg,2026-08-16,Resolved,I0407
C0967,Dark street due to faulty light,Lighting,10.081408,76.443833,images/lighting/light_018.jpg,2026-08-19,Resolved,I0484
C1211,Uncollected waste on street,Waste,10.113036,76.487399,images/waste/waste_012.jpg,2026-08-22,Open,I0711
C0665,Street lamp is not working,Lighting,10.094926,76.440855,images/lighting/light_016.jpg,2026-08-29,In Progress,I0333
C0143,Road surface broken near junction,Road,10.153507,76.517132,images/road/road_044.jpg,2026-08-16,Open,I0072
C1325,Street light flickering at night,Lighting,10.16204,76.464095,images/lighting/light_026.jpg,2026-08-29,Open,I0275
C1246,Garbage not collected,Waste,10.113931,76.500977,images/waste/waste_047.jpg,2026-08-01,Open,I0746
C1315,Dark street due to faulty light,Lighting,10.207369,76.367689,images/lighting/light_016.jpg,2026-08-13,In Progress,I0433
C0637,Dark street due to faulty light,Lighting,10.224437,76.536463,images/lighting/light_038.jpg,2026-08-23,In Progress,I0319
C1491,Deep pothole reported on street,Road,10.051644,76.354299,images/road/road_042.jpg,2026-08-05,In Progress,I0008
C0880,Faulty lamp reported near junction,Lighting,10.241494,76.515872,images/lighting/light_031.jpg,2026-08-14,In Progress,I0440
C0616,Dark street due to faulty light,Lighting,10.200562,76.371012,images/lighting/light_017.jpg,2026-08-21,In Progress,I0308
C0295,Crack and pothole on main road,Road,10.091171,76.405256,images/road/road_046.jpg,2026-08-06,Resolved,I0148
C1448,Garbage not collected,Waste,10.102703,76.363526,images/waste/waste_049.jpg,2026-08-13,Open,I0730
C1659,Garbage collection missed,Waste,10.169852,76.53836,images/waste/waste_010.jpg,2026-08-26,In Progress,I0584
C0089,Damaged road with deep pothole,Road,10.108072,76.382651,images/road/road_040.jpg,2026-08-01,Resolved,I0045
C0042,Damaged road with deep pothole,Road,10.243888,76.504736,images/road/road_043.jpg,2026-08-01,In Progress,I0021
C1687,Road surface broken near junction,Road,10.095906,76.398113,images/road/road_038.jpg,2026-08-10,Open,I0016
C0132,Road surface broken near junction,Road,10.129727,76.513443,images/road/road_033.jpg,2026-08-13,Resolved,I0066
C0788,Broken street light near bus stop,Lighting,10.119387,76.419901,images/lighting/light_039.jpg,2026-08-17,In Progress,I0394
C1683,Street light not working,Lighting,10.197746,76.39704,images/lighting/light_034.jpg,2026-08-20,Open,I0427
C1169,Waste dumping reported,Waste,10.125677,76.525685,images/waste/waste_020.jpg,2026-08-06,Open,I0669
C1619,Street light not working,Lighting,10.182857,76.53734,images/lighting/light_020.jpg,2026-08-19,In Progress,I0389
C0933,Damaged street light pole,Lighting,10.213709,76.516476,images/lighting/light_034.jpg,2026-08-26,In Progress,I0467
C0165,Road surface broken near junction,Road,10.052077,76.370436,images/road/road_016.jpg,2026-08-10,In Progress,I0083
C0725,Dark street due to faulty light,Lighting,10.228685,76.513622,images/lighting/light_026.jpg,2026-08-01,Open,I0363
C0291,Crack and pothole on main road,Road,10.211967,76.513886,images/road/road_042.jpg,2026-08-05,Open,I0146
C1653,No light on main street,Lighting,10.101852,76.469407,images/lighting/light_004.jpg,2026-08-04,Open,I0391
C1512,Damaged street light pole,Lighting,10.232609,76.374526,images/lighting/light_013.jpg,2026-08-24,Resolved,I0324
C0349,Damaged road with deep pothole,Road,10.189812,76.364864,images/road/road_050.jpg,2026-08-06,Resolved,I0175
C0572,No light on main street,Lighting,10.171416,76.508573,images/lighting/light_023.jpg,2026-08-08,Resolved,I0286
C0766,Dark street due to faulty light,Lighting,10.126933,76.453773,images/lighting/light_017.jpg,2026-08-05,Open,I0383
C1646,Street lamp is not working,Lighting,10.106838,76.353217,images/lighting/light_047.jpg,2026-08-28,Open,I0472
C1076,Garbage collection missed,Waste,10.238325,76.496931,images/waste/waste_027.jpg,2026-08-08,Resolved,I0576
C1393,No light on main street,Lighting,10.067534,76.378611,images/lighting/light_044.jpg,2026-08-15,Open,I0284
C1285,Faulty lamp reported near junction,Lighting,10.188657,76.418078,images/lighting/light_036.jpg,2026-08-03,In Progress,I0415
C0868,Street lamp is not working,Lighting,10.245887,76.526932,images/lighting/light_019.jpg,2026-08-01,Resolved,I0434
C0459,Large pothole near bus stop,Road,10.109448,76.455124,images/road/road_010.jpg,2026-08-17,Open,I0230
C0376,Pothole causing traffic problem,Road,10.155331,76.438339,images/road/road_027.jpg,2026-08-13,Open,I0188
C0334,Road damaged close to school,Road,10.139586,76.409113,images/road/road_035.jpg,2026-08-29,In Progress,I0167
C1210,Garbage collection missed,Waste,10.076301,76.370357,images/waste/waste_011.jpg,2026-08-10,Resolved,I0710
C1538,No light on main street,Lighting,10.236065,76.351501,images/lighting/light_039.jpg,2026-08-07,Open,I0266
C1271,Waste pile near market,Waste,10.237563,76.35892,images/waste/waste_022.jpg,2026-08-27,In Progress,I0747
C0953,Street light not working,Lighting,10.063374,76.466806,images/lighting/light_004.jpg,2026-08-29,Open,I0477
C1270,Broken road near market,Road,10.098738,76.544667,images/road/road_021.jpg,2026-08-24,Open,I0091
C1621,Street light not working,Lighting,10.173774,76.546191,images/lighting/light_022.jpg,2026-08-23,In Progress,I0469
C0765,Faulty lamp reported near junction,Lighting,10.127195,76.453744,images/lighting/light_016.jpg,2026-08-22,Open,I0383
C0329,Deep pothole reported on street,Road,10.113844,76.540441,images/road/road_030.jpg,2026-08-19,Open,I0165
C0830,Faulty lamp reported near junction,Lighting,10.189402,76.417764,images/lighting/light_031.jpg,2026-08-12,Resolved,I0415
C0319,Road surface broken near junction,Road,10.186126,76.498526,images/road/road_020.jpg,2026-08-11,In Progress,I0160
C1337,Large pothole near bus stop,Road,10.194687,76.406405,images/road/road_038.jpg,2026-08-15,Open,I0095
C1455,No light on main street,Lighting,10.124099,76.443631,images/lighting/light_006.jpg,2026-08-15,Open,I0251
C1517,Crack and pothole on main road,Road,10.244371,76.44099,images/road/road_018.jpg,2026-08-10,In Progress,I0120
C0168,Pothole causing traffic problem,Road,10.244328,76.406807,images/road/road_019.jpg,2026-08-23,Resolved,I0084
C0013,Pothole causing traffic problem,Road,10.086488,76.411744,images/road/road_014.jpg,2026-08-14,Resolved,I0007
C0172,Pothole causing traffic problem,Road,10.248777,76.385239,images/road/road_023.jpg,2026-08-18,In Progress,I0086
C0650,Street lamp is not working,Lighting,10.246602,76.51779,images/lighting/light_001.jpg,2026-08-02,Open,I0325
C0261,Pothole causing traffic problem,Road,10.197755,76.460888,images/road/road_012.jpg,2026-08-19,In Progress,I0131
C1069,Waste dumping reported,Waste,10.112787,76.451293,images/waste/waste_020.jpg,2026-08-10,Resolved,I0569
C1254,Waste pile near market,Waste,10.242808,76.433604,images/waste/waste_005.jpg,2026-08-09,In Progress,I0538
C0673,No light on main street,Lighting,10.052671,76.482607,images/lighting/light_024.jpg,2026-08-01,Open,I0337
C0259,Road damaged close to school,Road,10.237012,76.477541,images/road/road_010.jpg,2026-08-01,Resolved,I0130
C1053,Garbage not collected,Waste,10.083111,76.428396,images/waste/waste_004.jpg,2026-08-20,Open,I0553
C0139,Broken road near market,Road,10.21147,76.419907,images/road/road_040.jpg,2026-08-21,Open,I0070
C0550,Street lamp is not working,Lighting,10.16097,76.464615,images/lighting/light_001.jpg,2026-08-06,Resolved,I0275
C1206,Waste pile near market,Waste,10.079679,76.375825,images/waste/waste_007.jpg,2026-08-16,In Progress,I0706
C1334,Deep pothole reported on street,Road,10.051488,76.355398,images/road/road_035.jpg,2026-08-01,Open,I0008
C1089,Uncollected waste on street,Waste,10.163989,76.497484,images/waste/waste_040.jpg,2026-08-12,Open,I0589
C1236,Garbage not collected,Waste,10.0721,76.469715,images/waste/waste_037.jpg,2026-08-20,In Progress,I0736
C0559,Damaged street light pole,Lighting,10.151173,76.536774,images/lighting/light_010.jpg,2026-08-25,In Progress,I0280
C0140,Road damaged close to school,Road,10.212826,76.419207,images/road/road_041.jpg,2026-08-19,Open,I0070
C1519,Road damaged close to school,Road,10.055964,76.459206,images/road/road_020.jpg,2026-08-12,Open,I0242
C0532,Damaged street light pole,Lighting,10.236431,76.351375,images/lighting/light_033.jpg,2026-08-12,Resolved,I0266
C0225,Crack and pothole on main road,Road,10.227999,76.417814,images/road/road_026.jpg,2026-08-25,Resolved,I0113
C0724,Dark street due to faulty light,Lighting,10.225449,76.479045,images/lighting/light_025.jpg,2026-08-14,Resolved,I0362
C1286,Garbage accumulation near bus stop,Waste,10.11656,76.439182,images/waste/waste_037.jpg,2026-08-11,Resolved,I0558
C0410,Large pothole near bus stop,Road,10.172633,76.433234,images/road/road_011.jpg,2026-08-15,Open,I0205
C0326,Large pothole near bus stop,Road,10.229089,76.427573,images/road/road_027.jpg,2026-08-15,Resolved,I0163
C0924,Broken street light near bus stop,Lighting,10.235749,76.371358,images/lighting/light_025.jpg,2026-08-25,Resolved,I0462
C0300,Crack and pothole on main road,Road,10.173247,76.417351,images/road/road_001.jpg,2026-08-15,Open,I0150
C1109,Waste dumping reported,Waste,10.062024,76.536912,images/waste/waste_010.jpg,2026-08-22,In Progress,I0609
C1303,Overflowing garbage bin,Waste,10.203916,76.38111,images/waste/waste_004.jpg,2026-08-12,Open,I0628
C0901,Faulty lamp reported near junction,Lighting,10.159237,76.368028,images/lighting/light_002.jpg,2026-08-03,Open,I0451
C1622,Deep pothole reported on street,Road,10.14876,76.42796,images/road/road_023.jpg,2026-08-07,In Progress,I0162
C0715,Street light flickering at night,Lighting,10.242412,76.538338,images/lighting/light_016.jpg,2026-08-29,In Progress,I0358
C0194,Pothole causing traffic problem,Road,10.238009,76.540853,images/road/road_045.jpg,2026-08-06,In Progress,I0097
C0441,Pothole causing traffic problem,Road,10.153848,76.520067,images/road/road_042.jpg,2026-08-25,Resolved,I0221
C0574,Broken street light near bus stop,Lighting,10.236389,76.516095,images/lighting/light_025.jpg,2026-08-22,Resolved,I0287
C0504,Street light flickering at night,Lighting,10.062026,76.379165,images/lighting/light_005.jpg,2026-08-09,Open,I0252
C0606,Street light flickering at night,Lighting,10.208991,76.473832,images/lighting/light_007.jpg,2026-08-28,In Progress,I0303
C1027,Waste pile near market,Waste,10.178297,76.455173,images/waste/waste_028.jpg,2026-08-13,Resolved,I0527
C1561,Faulty lamp reported near junction,Lighting,10.213609,76.401258,images/lighting/light_012.jpg,2026-08-20,Open,I0273
C0004,Deep pothole reported on street,Road,10.206147,76.469639,images/road/road_005.jpg,2026-08-03,Resolved,I0002
C1006,Garbage accumulation near bus stop,Waste,10.246937,76.379903,images/waste/waste_007.jpg,2026-08-05,Resolved,I0506
C1316,Road damaged close to school,Road,10.223258,76.367139,images/road/road_017.jpg,2026-08-28,Resolved,I0248
C0468,Deep pothole reported on street,Road,10.119288,76.391898,images/road/road_019.jpg,2026-08-15,Open,I0234
C0322,Road damaged close to school,Road,10.07074,76.530834,images/road/road_023.jpg,2026-08-16,Resolved,I0161
C0006,Large pothole near bus stop,Road,10.081783,76.361755,images/road/road_007.jpg,2026-08-07,Resolved,I0003
C0223,Pothole causing traffic problem,Road,10.064035,76.429334,images/road/road_024.jpg,2026-08-03,Resolved,I0112
C0548,Street light not working,Lighting,10.194648,76.513856,images/lighting/light_049.jpg,2026-08-23,Open,I0274
C1010,Overflowing garbage bin,Waste,10.231095,76.495008,images/waste/waste_011.jpg,2026-08-07,Open,I0510
C0040,Broken road near market,Road,10.091719,76.463552,images/road/road_041.jpg,2026-08-29,Resolved,I0020
C0543,No light on main street,Lighting,10.165806,76.533725,images/lighting/light_044.jpg,2026-08-13,Open,I0272
C0243,Deep pothole reported on street,Road,10.19029,76.377353,images/road/road_044.jpg,2026-08-04,Resolved,I0122
C0983,Broken street light near bus stop,Lighting,10.138594,76.412406,images/lighting/light_034.jpg,2026-08-24,Resolved,I0492
C0137,Road surface broken near junction,Road,10.185626,76.353192,images/road/road_038.jpg,2026-08-04,In Progress,I0069
C1534,Garbage not collected,Waste,10.112672,76.48794,images/waste/waste_035.jpg,2026-08-11,Resolved,I0711
C1376,Road damaged close to school,Road,10.154493,76.542436,images/road/road_027.jpg,2026-08-12,Resolved,I0024
C0811,Faulty lamp reported near junction,Lighting,10.183407,76.359045,images/lighting/light_012.jpg,2026-08-29,Resolved,I0406
C0446,Road surface broken near junction,Road,10.131365,76.377087,images/road/road_047.jpg,2026-08-03,In Progress,I0223
C0907,Dark street due to faulty light,Lighting,10.242806,76.372314,images/lighting/light_008.jpg,2026-08-27,Resolved,I0454
C1237,Uncollected waste on street,Waste,10.125199,76.436334,images/waste/waste_038.jpg,2026-08-24,In Progress,I0737
C1454,Street lamp is not working,Lighting,10.167608,76.403398,images/lighting/light_005.jpg,2026-08-25,Open,I0365
C1593,Faulty lamp reported near junction,Lighting,10.08848,76.357638,images/lighting/light_044.jpg,2026-08-29,Open,I0343
C0582,Street lamp is not working,Lighting,10.218384,76.378156,images/lighting/light_033.jpg,2026-08-28,In Progress,I0291
C1542,Dark street due to faulty light,Lighting,10.09571,76.483328,images/lighting/light_043.jpg,2026-08-09,Resolved,I0353
C1720,Public bin overflowing,Waste,10.097596,76.364411,images/waste/waste_021.jpg,2026-08-06,Open,I0557
C0662,Street light flickering at night,Lighting,10.233922,76.419377,images/lighting/light_013.jpg,2026-08-24,Resolved,I0331
C0437,Damaged road with deep pothole,Road,10.121831,76.372956,images/road/road_038.jpg,2026-08-16,Resolved,I0219
C1620,Uncollected waste on street,Waste,10.102969,76.478706,images/waste/waste_021.jpg,2026-08-24,Resolved,I0640
C0377,Road damaged close to school,Road,10.051852,76.544164,images/road/road_028.jpg,2026-08-04,Open,I0189
C1288,Garbage not collected,Waste,10.098827,76.374769,images/waste/waste_039.jpg,2026-08-16,Resolved,I0739
C0315,Broken road near market,Road,10.100043,76.466719,images/road/road_016.jpg,2026-08-22,In Progress,I0158
C0443,Road surface broken near junction,Road,10.243707,76.367727,images/road/road_044.jpg,2026-08-14,In Progress,I0222
C1000,Street lamp is not working,Lighting,10.232312,76.543993,images/lighting/light_001.jpg,2026-08-24,Resolved,I0500
C0320,Broken road near market,Road,10.186157,76.49811,images/road/road_021.jpg,2026-08-03,Resolved,I0160
C0282,Deep pothole reported on street,Road,10.1509,76.522181,images/road/road_033.jpg,2026-08-27,In Progress,I0141
C0894,Street light flickering at night,Lighting,10.165843,76.368344,images/lighting/light_045.jpg,2026-08-13,Open,I0447
C1165,Overflowing garbage bin,Waste,10.169812,76.452836,images/waste/waste_016.jpg,2026-08-23,Open,I0665
C1313,Broken road near market,Road,10.220141,76.431042,images/road/road_014.jpg,2026-08-13,Resolved,I0080
C0425,Pothole causing traffic problem,Road,10.211994,76.549714,images/road/road_026.jpg,2026-08-21,Resolved,I0213
C0554,Street light flickering at night,Lighting,10.115164,76.434676,images/lighting/light_005.jpg,2026-08-11,Resolved,I0277
C0595,Street light not working,Lighting,10.137805,76.465369,images/lighting/light_046.jpg,2026-08-05,Resolved,I0298
C1714,Uncollected waste on street,Waste,10.201768,76.419815,images/waste/waste_015.jpg,2026-08-18,Open,I0653
C0369,Large pothole near bus stop,Road,10.073734,76.479844,images/road/road_020.jpg,2026-08-29,Resolved,I0185
C1273,Road damaged close to school,Road,10.084461,76.478998,images/road/road_024.jpg,2026-08-05,Open,I0198
C0875,Street lamp is not working,Lighting,10.216164,76.373899,images/lighting/light_026.jpg,2026-08-20,Resolved,I0438
C1150,Garbage accumulation near bus stop,Waste,10.067225,76.542256,images/waste/waste_001.jpg,2026-08-25,In Progress,I0650
C1664,Overflowing garbage bin,Waste,10.222644,76.503204,images/waste/waste_015.jpg,2026-08-08,Open,I0582
C0842,Damaged street light pole,Lighting,10.224976,76.455824,images/lighting/light_043.jpg,2026-08-27,Resolved,I0421
C0228,Crack and pothole on main road,Road,10.166209,76.437024,images/road/road_029.jpg,2026-08-18,Resolved,I0114
C1674,Uncollected waste on street,Waste,10.21333,76.39276,images/waste/waste_025.jpg,2026-08-07,Resolved,I0749
C1062,Uncollected waste on street,Waste,10.171676,76.421481,images/waste/waste_013.jpg,2026-08-05,Resolved,I0562
C1160,Garbage accumulation near bus stop,Waste,10.151459,76.381852,images/waste/waste_011.jpg,2026-08-10,Open,I0660
C0923,Street lamp is not working,Lighting,10.236448,76.371163,images/lighting/light_024.jpg,2026-08-26,Open,I0462
C0067,Pothole causing traffic problem,Road,10.068514,76.42422,images/road/road_018.jpg,2026-08-28,Resolved,I0034
C0394,Damaged road with deep pothole,Road,10.14174,76.473914,images/road/road_045.jpg,2026-08-16,In Progress,I0197
C0580,Street light not working,Lighting,10.235022,76.494322,images/lighting/light_031.jpg,2026-08-02,Resolved,I0290
C0025,Broken road near market,Road,10.171305,76.38365,images/road/road_026.jpg,2026-08-05,In Progress,I0013
C0212,Road damaged close to school,Road,10.101167,76.409042,images/road/road_013.jpg,2026-08-12,Resolved,I0106
C1343,Pothole causing traffic problem,Road,10.173403,76.545961,images/road/road_044.jpg,2026-08-13,Open,I0226
C0145,Broken road near market,Road,10.119149,76.37303,images/road/road_046.jpg,2026-08-23,In Progress,I0073
C0537,No light on main street,Lighting,10.08522,76.528973,images/lighting/light_038.jpg,2026-08-05,In Progress,I0269
C0812,Street light not working,Lighting,10.183706,76.358885,images/lighting/light_013.jpg,2026-08-03,Resolved,I0406
C0963,Faulty lamp reported near junction,Lighting,10.214655,76.424548,images/lighting/light_014.jpg,2026-08-05,Resolved,I0482
C0887,Street lamp is not working,Lighting,10.148532,76.549674,images/lighting/light_038.jpg,2026-08-07,Resolved,I0444
C0086,Deep pothole reported on street,Road,10.099733,76.432355,images/road/road_037.jpg,2026-08-22,Resolved,I0043
C1574,Faulty lamp reported near junction,Lighting,10.12074,76.54728,images/lighting/light_025.jpg,2026-08-23,Open,I0265
C0273,Large pothole near bus stop,Road,10.148314,76.444601,images/road/road_024.jpg,2026-08-10,Open,I0137
C1293,Faulty lamp reported near junction,Lighting,10.117272,76.514643,images/lighting/light_044.jpg,2026-08-25,Open,I0364
C1180,Uncollected waste on street,Waste,10.097117,76.366014,images/waste/waste_031.jpg,2026-08-25,Resolved,I0680
C1106,Overflowing garbage bin,Waste,10.153938,76.51497,images/waste/waste_007.jpg,2026-08-23,Open,I0606
C1576,Waste dumping reported,Waste,10.245356,76.500408,images/waste/waste_027.jpg,2026-08-03,In Progress,I0744
C0631,Street lamp is not working,Lighting,10.134575,76.407861,images/lighting/light_032.jpg,2026-08-26,Resolved,I0316
C1197,Waste dumping reported,Waste,10.215446,76.496792,images/waste/waste_048.jpg,2026-08-20,In Progress,I0697
C1633,Pothole causing traffic problem,Road,10.1902,76.45751,images/road/road_034.jpg,2026-08-08,Open,I0201
C1408,Overflowing garbage bin,Waste,10.194301,76.378666,images/waste/waste_009.jpg,2026-08-29,Open,I0670
C0999,Dark street due to faulty light,Lighting,10.232298,76.543194,images/lighting/light_050.jpg,2026-08-18,Open,I0500
C0506,Dark street due to faulty light,Lighting,10.193012,76.529224,images/lighting/light_007.jpg,2026-08-18,Open,I0253
C0274,Pothole causing traffic problem,Road,10.148459,76.444708,images/road/road_025.jpg,2026-08-09,Resolved,I0137
C1567,Road surface broken near junction,Road,10.170674,76.394176,images/road/road_018.jpg,2026-08-06,Open,I0240
C1152,Public bin overflowing,Waste,10.131957,76.4342,images/waste/waste_003.jpg,2026-08-25,Resolved,I0652
C0363,Pothole causing traffic problem,Road,10.09988,76.416432,images/road/road_014.jpg,2026-08-03,Resolved,I0182
C1524,Street light flickering at night,Lighting,10.08777,76.458372,images/lighting/light_025.jpg,2026-08-10,Resolved,I0401
C0623,Street lamp is not working,Lighting,10.204249,76.352248,images/lighting/light_024.jpg,2026-08-01,Open,I0312
C0003,Damaged road with deep pothole,Road,10.205876,76.469726,images/road/road_004.jpg,2026-08-08,In Progress,I0002
C0007,Road surface broken near junction,Road,10.116396,76.379094,images/road/road_008.jpg,2026-08-09,In Progress,I0004
C0312,Large pothole near bus stop,Road,10.134516,76.462978,images/road/road_013.jpg,2026-08-25,Open,I0156
C1634,Damaged road with deep pothole,Road,10.208847,76.450652,images/road/road_035.jpg,2026-08-01,Open,I0093
C0888,Street light not working,Lighting,10.148535,76.549413,images/lighting/light_039.jpg,2026-08-01,Open,I0444
C0666,Street light flickering at night,Lighting,10.094996,76.440291,images/lighting/light_017.jpg,2026-08-24,In Progress,I0333
C0365,Crack and pothole on main road,Road,10.148996,76.35255,images/road/road_016.jpg,2026-08-02,Resolved,I0183
C1723,Road damaged close to school,Road,10.133121,76.394194,images/road/road_024.jpg,2026-08-14,In Progress,I0053
C0216,Crack and pothole on main road,Road,10.191969,76.46083,images/road/road_017.jpg,2026-08-29,Resolved,I0108
C0918,Dark street due to faulty light,Lighting,10.225943,76.509936,images/lighting/light_019.jpg,2026-08-05,Resolved,I0459
C0028,Pothole causing traffic problem,Road,10.05249,76.538319,images/road/road_029.jpg,2026-08-25,Resolved,I0014
C1469,Waste dumping reported,Waste,10.096202,76.366362,images/waste/waste_020.jpg,2026-08-22,Open,I0680
C0526,Street light flickering at night,Lighting,10.075648,76.406864,images/lighting/light_027.jpg,2026-08-22,Open,I0263
C1601,Garbage collection missed,Waste,10.062319,76.450937,images/waste/waste_002.jpg,2026-08-16,Open,I0691
C0908,Broken street light near bus stop,Lighting,10.242043,76.372172,images/lighting/light_009.jpg,2026-08-20,Open,I0454
C0639,Damaged street light pole,Lighting,10.23361,76.507963,images/lighting/light_040.jpg,2026-08-13,Resolved,I0320
C1284,Waste dumping reported,Waste,10.135413,76.418811,images/waste/waste_035.jpg,2026-08-27,Open,I0539
C0719,Street light not working,Lighting,10.066858,76.476647,images/lighting/light_020.jpg,2026-08-23,Resolved,I0360
C0692,Dark street due to faulty light,Lighting,10.156613,76.445247,images/lighting/light_043.jpg,2026-08-26,In Progress,I0346
C1481,Street light flickering at night,Lighting,10.116553,76.365063,images/lighting/light_032.jpg,2026-08-29,Open,I0348
C1430,Pothole causing traffic problem,Road,10.189085,76.522166,images/road/road_031.jpg,2026-08-29,Resolved,I0068
C0625,Street lamp is not working,Lighting,10.189228,76.458682,images/lighting/light_026.jpg,2026-08-19,Resolved,I0313
C0008,Pothole causing traffic problem,Road,10.116823,76.378656,images/road/road_009.jpg,2026-08-12,Resolved,I0004
C0257,Deep pothole reported on street,Road,10.159008,76.492893,images/road/road_008.jpg,2026-08-15,In Progress,I0129
C0804,Broken street light near bus stop,Lighting,10.201408,76.477343,images/lighting/light_005.jpg,2026-08-19,In Progress,I0402
C0026,Road damaged close to school,Road,10.171099,76.3831,images/road/road_027.jpg,2026-08-06,Resolved,I0013
C0337,Road damaged close to school,Road,10.20827,76.507785,images/road/road_038.jpg,2026-08-27,In Progress,I0169
C0573,Dark street due to faulty light,Lighting,10.235034,76.51578,images/lighting/light_024.jpg,2026-08-05,Open,I0287
C0048,Road damaged close to school,Road,10.153826,76.542395,images/road/road_049.jpg,2026-08-14,Open,I0024
C1290,Overflowing garbage bin,Waste,10.149342,76.352436,images/waste/waste_041.jpg,2026-08-24,Open,I0740
C0107,Road surface broken near junction,Road,10.103933,76.39861,images/road/road_008.jpg,2026-08-18,Open,I0054
C0350,Road damaged close to school,Road,10.189782,76.364239,images/road/road_001.jpg,2026-08-28,In Progress,I0175
C0056,Broken road near market,Road,10.082505,76.353581,images/road/road_007.jpg,2026-08-27,Open,I0028
C0239,Pothole causing traffic problem,Road,10.243421,76.441285,images/road/road_040.jpg,2026-08-02,Resolved,I0120
C0214,Crack and pothole on main road,Road,10.197594,76.489565,images/road/road_015.jpg,2026-08-25,Resolved,I0107
C0121,Damaged road with deep pothole,Road,10.231626,76.397791,images/road/road_022.jpg,2026-08-24,In Progress,I0061
C1103,Uncollected waste on street,Waste,10.12946,76.466031,images/waste/waste_004.jpg,2026-08-01,In Progress,I0603
C0989,Faulty lamp reported near junction,Lighting,10.123469,76.523276,images/lighting/light_040.jpg,2026-08-01,Resolved,I0495
C0794,Street light not working,Lighting,10.2101,76.489513,images/lighting/light_045.jpg,2026-08-15,Resolved,I0397
C0073,Large pothole near bus stop,Road,10.073741,76.492921,images/road/road_024.jpg,2026-08-03,Resolved,I0037
C0813,Damaged street light pole,Lighting,10.234854,76.386051,images/lighting/light_014.jpg,2026-08-20,Open,I0407
C1694,No light on main street,Lighting,10.21619,76.372796,images/lighting/light_045.jpg,2026-08-04,In Progress,I0438
C0078,Road surface broken near junction,Road,10.148213,76.454047,images/road/road_029.jpg,2026-08-14,Resolved,I0039
C1745,Large pothole near bus stop,Road,10.154079,76.504592,images/road/road_046.jpg,2026-08-08,In Progress,I0119
C0046,Road surface broken near junction,Road,10.234149,76.367419,images/road/road_047.jpg,2026-08-20,In Progress,I0023
C1465,Large pothole near bus stop,Road,10.194334,76.406121,images/road/road_016.jpg,2026-08-13,Open,I0095
C0524,No light on main street,Lighting,10.161613,76.467635,images/lighting/light_025.jpg,2026-08-29,Open,I0262
C0233,Pothole causing traffic problem,Road,10.055785,76.357004,images/road/road_034.jpg,2026-08-15,Resolved,I0117
C0645,Street light flickering at night,Lighting,10.197115,76.53681,images/lighting/light_046.jpg,2026-08-15,Open,I0323
C1281,Damaged road with deep pothole,Road,10.242503,76.400589,images/road/road_032.jpg,2026-08-16,Open,I0057
C1317,Damaged street light pole,Lighting,10.204667,76.351946,images/lighting/light_018.jpg,2026-08-20,In Progress,I0312
C1051,Garbage collection missed,Waste,10.22407,76.43871,images/waste/waste_002.jpg,2026-08-22,In Progress,I0551
C0534,Dark street due to faulty light,Lighting,10.0801,76.399514,images/lighting/light_035.jpg,2026-08-14,Open,I0267
C1331,Waste pile near market,Waste,10.232147,76.391385,images/waste/waste_032.jpg,2026-08-04,In Progress,I0545
C1318,Road damaged close to school,Road,10.060047,76.456579,images/road/road_019.jpg,2026-08-01,Open,I0121
C0604,Broken street light near bus stop,Lighting,10.196126,76.488761,images/lighting/light_005.jpg,2026-08-12,In Progress,I0302
C0466,Deep pothole reported on street,Road,10.141604,76.545356,images/road/road_017.jpg,2026-08-07,Open,I0233
C1308,Damaged street light pole,Lighting,10.114779,76.43463,images/lighting/light_009.jpg,2026-08-09,In Progress,I0277
C0789,Broken street light near bus stop,Lighting,10.14914,76.487458,images/lighting/light_040.jpg,2026-08-10,Resolved,I0395
C1482,Public bin overflowing,Waste,10.21464,76.497784,images/waste/waste_033.jpg,2026-08-02,Open,I0697
C1668,Overflowing garbage bin,Waste,10.109895,76.436184,images/waste/waste_019.jpg,2026-08-25,In Progress,I0688
C1278,Faulty lamp reported near junction,Lighting,10.054417,76.414505,images/lighting/light_029.jpg,2026-08-19,In Progress,I0257
C0061,Road damaged close to school,Road,10.195736,76.504599,images/road/road_012.jpg,2026-08-23,Open,I0031
C1264,Waste pile near market,Waste,10.095956,76.396752,images/waste/waste_015.jpg,2026-08-27,In Progress,I0692
C0093,Crack and pothole on main road,Road,10.224856,76.511195,images/road/road_044.jpg,2026-08-20,Resolved,I0047
C0667,Dark street due to faulty light,Lighting,10.098796,76.465222,images/lighting/light_018.jpg,2026-08-22,Open,I0334
C0944,Street light not working,Lighting,10.10647,76.353366,images/lighting/light_045.jpg,2026-08-09,Open,I0472
C1478,Large pothole near bus stop,Road,10.247089,76.517758,images/road/road_029.jpg,2026-08-06,Open,I0116
C0195,Road damaged close to school,Road,10.226277,76.499096,images/road/road_046.jpg,2026-08-23,In Progress,I0098
C0281,Road damaged close to school,Road,10.15098,76.520596,images/road/road_032.jpg,2026-08-09,Resolved,I0141
C0696,Damaged street light pole,Lighting,10.11704,76.365457,images/lighting/light_047.jpg,2026-08-09,Resolved,I0348
C0949,Broken street light near bus stop,Lighting,10.237035,76.487301,images/lighting/light_050.jpg,2026-08-16,Open,I0475
C0360,Road surface broken near junction,Road,10.119688,76.491551,images/road/road_011.jpg,2026-08-20,Resolved,I0180
C0977,Dark street due to faulty light,Lighting,10.240031,76.380304,images/lighting/light_028.jpg,2026-08-17,Open,I0489
C0520,Faulty lamp reported near junction,Lighting,10.120921,76.479024,images/lighting/light_021.jpg,2026-08-02,In Progress,I0260
C1253,Pothole causing traffic problem,Road,10.197285,76.489224,images/road/road_004.jpg,2026-08-05,In Progress,I0107
C1161,Waste pile near market,Waste,10.057761,76.409879,images/waste/waste_012.jpg,2026-08-15,Open,I0661
C1091,Waste pile near market,Waste,10.183405,76.511241,images/waste/waste_042.jpg,2026-08-25,Open,I0591
C0848,Faulty lamp reported near junction,Lighting,10.058154,76.445326,images/lighting/light_049.jpg,2026-08-03,In Progress,I0424
C0183,Road surface broken near junction,Road,10.147248,76.531334,images/road/road_034.jpg,2026-08-05,Resolved,I0092
C1191,Public bin overflowing,Waste,10.062524,76.451801,images/waste/waste_042.jpg,2026-08-18,In Progress,I0691
C1201,Garbage accumulation near bus stop,Waste,10.156846,76.393014,images/waste/waste_002.jpg,2026-08-28,Resolved,I0701
C0111,Damaged road with deep pothole,Road,10.130386,76.363472,images/road/road_012.jpg,2026-08-11,In Progress,I0056
C1677,Garbage collection missed,Waste,10.065421,76.515178,images/waste/waste_028.jpg,2026-08-03,Open,I0516
C1310,Dark street due to faulty light,Lighting,10.227418,76.540755,images/lighting/light_011.jpg,2026-08-17,Resolved,I0449
C0043,Broken road near market,Road,10.129172,76.535022,images/road/road_044.jpg,2026-08-25,Resolved,I0022
C0747,Broken street light near bus stop,Lighting,10.076932,76.530689,images/lighting/light_048.jpg,2026-08-09,In Progress,I0374
C0126,Deep pothole reported on street,Road,10.099073,76.484265,images/road/road_027.jpg,2026-08-13,Resolved,I0063
C0205,Damaged road with deep pothole,Road,10.161535,76.53763,images/road/road_006.jpg,2026-08-15,Open,I0103
C1385,Road damaged close to school,Road,10.097221,76.36446,images/road/road_036.jpg,2026-08-13,In Progress,I0235
C0053,Broken road near market,Road,10.158579,76.377681,images/road/road_004.jpg,2026-08-24,In Progress,I0027
C1305,Broken road near market,Road,10.186379,76.39766,images/road/road_006.jpg,2026-08-03,Open,I0186
C0546,Dark street due to faulty light,Lighting,10.21392,76.401567,images/lighting/light_047.jpg,2026-08-11,Open,I0273
C0069,Deep pothole reported on street,Road,10.115602,76.495808,images/road/road_020.jpg,2026-08-25,In Progress,I0035
C1229,Waste dumping reported,Waste,10.091164,76.374644,images/waste/waste_030.jpg,2026-08-03,In Progress,I0729
C0508,Damaged street light pole,Lighting,10.200009,76.355061,images/lighting/light_009.jpg,2026-08-04,Resolved,I0254
C1352,Large pothole near bus stop,Road,10.069665,76.529715,images/road/road_003.jpg,2026-08-08,In Progress,I0077
C0330,Broken road near market,Road,10.113401,76.539941,images/road/road_031.jpg,2026-08-02,In Progress,I0165
C1064,Waste dumping reported,Waste,10.139269,76.522213,images/waste/waste_015.jpg,2026-08-16,In Progress,I0564
C0184,Broken road near market,Road,10.147058,76.531716,images/road/road_035.jpg,2026-08-06,In Progress,I0092
C0138,Large pothole near bus stop,Road,10.185197,76.353689,images/road/road_039.jpg,2026-08-22,In Progress,I0069
C0900,Faulty lamp reported near junction,Lighting,10.057067,76.415981,images/lighting/light_001.jpg,2026-08-04,Open,I0450
C0797,Damaged street light pole,Lighting,10.067984,76.5334,images/lighting/light_048.jpg,2026-08-21,In Progress,I0399
C0133,Pothole causing traffic problem,Road,10.217982,76.413524,images/road/road_034.jpg,2026-08-13,Resolved,I0067
C0081,Crack and pothole on main road,Road,10.056581,76.477455,images/road/road_032.jpg,2026-08-13,Resolved,I0041
C1407,Broken road near market,Road,10.121604,76.501487,images/road/road_008.jpg,2026-08-27,Open,I0133
C0106,Road damaged close to school,Road,10.133777,76.394014,images/road/road_007.jpg,2026-08-01,Resolved,I0053
C1360,Dark street due to faulty light,Lighting,10.205894,76.378736,images/lighting/light_011.jpg,2026-08-08,Open,I0306
C0542,Damaged street light pole,Lighting,10.246131,76.372904,images/lighting/light_043.jpg,2026-08-28,Open,I0271
C0994,Broken street light near bus stop,Lighting,10.22372,76.505622,images/lighting/light_045.jpg,2026-08-03,Resolved,I0497
C0984,Street lamp is not working,Lighting,10.138254,76.412564,images/lighting/light_035.jpg,2026-08-17,Open,I0492
C0481,Road damaged close to school,Road,10.083704,76.406168,images/road/road_032.jpg,2026-08-01,In Progress,I0241
C0166,Deep pothole reported on street,Road,10.052558,76.370581,images/road/road_017.jpg,2026-08-18,Open,I0083
C0249,Road damaged close to school,Road,10.137681,76.366496,images/road/road_050.jpg,2026-08-17,Resolved,I0125
C0308,Crack and pothole on main road,Road,10.237368,76.357881,images/road/road_009.jpg,2026-08-14,Resolved,I0154
C0447,Pothole causing traffic problem,Road,10.13434,76.506965,images/road/road_048.jpg,2026-08-08,Resolved,I0224
C1005,Overflowing garbage bin,Waste,10.103991,76.509625,images/waste/waste_006.jpg,2026-08-28,In Progress,I0505
C0859,No light on main street,Lighting,10.105329,76.532989,images/lighting/light_010.jpg,2026-08-02,In Progress,I0430
C0335,Road damaged close to school,Road,10.160363,76.392305,images/road/road_036.jpg,2026-08-22,Resolved,I0168
C1223,Uncollected waste on street,Waste,10.204875,76.483149,images/waste/waste_024.jpg,2026-08-11,Resolved,I0723
C0850,Broken street light near bus stop,Lighting,10.224849,76.547614,images/lighting/light_001.jpg,2026-08-08,Open,I0425
C0098,Road surface broken near junction,Road,10.211411,76.528495,images/road/road_049.jpg,2026-08-08,In Progress,I0049
C0306,Crack and pothole on main road,Road,10.07328,76.488956,images/road/road_007.jpg,2026-08-28,In Progress,I0153
C1724,Deep pothole reported on street,Road,10.056391,76.357511,images/road/road_025.jpg,2026-08-28,Resolved,I0117
C0738,No light on main street,Lighting,10.224433,76.447975,images/lighting/light_039.jpg,2026-08-20,Resolved,I0369
C1104,Public bin overflowing,Waste,10.145275,76.428478,images/waste/waste_005.jpg,2026-08-01,Open,I0604
C1272,Garbage collection missed,Waste,10.077109,76.529486,images/waste/waste_023.jpg,2026-08-06,Resolved,I0676
C0422,Road surface broken near junction,Road,10.144408,76.433266,images/road/road_023.jpg,2026-08-01,Open,I0211
C0103,Road surface broken near junction,Road,10.110845,76.382653,images/road/road_004.jpg,2026-08-07,In Progress,I0052
C0435,Damaged road with deep pothole,Road,10.225941,76.501363,images/road/road_036.jpg,2026-08-03,Open,I0218
C0075,Pothole causing traffic problem,Road,10.194706,76.396736,images/road/road_026.jpg,2026-08-14,Resolved,I0038
C1565,Road damaged close to school,Road,10.145725,76.547146,images/road/road_016.jpg,2026-08-14,Open,I0208
C0910,Dark street due to faulty light,Lighting,10.064698,76.520221,images/lighting/light_011.jpg,2026-08-12,Open,I0455
C1059,Uncollected waste on street,Waste,10.215848,76.436436,images/waste/waste_010.jpg,2026-08-23,Resolved,I0559
C0229,Broken road near market,Road,10.05694,76.44291,images/road/road_030.jpg,2026-08-13,Resolved,I0115
C1587,Public bin overflowing,Waste,10.154017,76.446282,images/waste/waste_038.jpg,2026-08-25,Open,I0601
C0919,Faulty lamp reported near junction,Lighting,10.098848,76.381363,images/lighting/light_020.jpg,2026-08-12,Resolved,I0460
C0303,Broken road near market,Road,10.118468,76.401787,images/road/road_004.jpg,2026-08-06,Resolved,I0152
C1707,Garbage not collected,Waste,10.240464,76.375707,images/waste/waste_008.jpg,2026-08-27,Open,I0520
C1464,Damaged road with deep pothole,Road,10.20459,76.390109,images/road/road_015.jpg,2026-08-10,In Progress,I0029
C1420,Street light not working,Lighting,10.196334,76.531799,images/lighting/light_021.jpg,2026-08-14,Resolved,I0490
C0825,Street lamp is not working,Lighting,10.057293,76.468699,images/lighting/light_026.jpg,2026-08-02,In Progress,I0413
C0763,Damaged street light pole,Lighting,10.164724,76.517993,images/lighting/light_014.jpg,2026-08-01,Resolved,I0382
C0734,Dark street due to faulty light,Lighting,10.137453,76.409045,images/lighting/light_035.jpg,2026-08-14,Resolved,I0367
C0990,Damaged street light pole,Lighting,10.123581,76.523017,images/lighting/light_041.jpg,2026-08-22,Open,I0495
C0389,Crack and pothole on main road,Road,10.229736,76.358634,images/road/road_040.jpg,2026-08-13,Open,I0195
C0236,Large pothole near bus stop,Road,10.110914,76.456848,images/road/road_037.jpg,2026-08-14,Open,I0118
C1445,Uncollected waste on street,Waste,10.068984,76.354596,images/waste/waste_046.jpg,2026-08-24,Open,I0631
C1599,Dark street due to faulty light,Lighting,10.219675,76.540687,images/lighting/light_050.jpg,2026-08-24,In Progress,I0392
C0268,Crack and pothole on main road,Road,10.118136,76.368307,images/road/road_019.jpg,2026-08-27,In Progress,I0134
C1667,Garbage collection missed,Waste,10.064529,76.478099,images/waste/waste_018.jpg,2026-08-24,Open,I0644
C0118,Road surface broken near junction,Road,10.057406,76.471631,images/road/road_019.jpg,2026-08-06,Resolved,I0059
C1406,Uncollected waste on street,Waste,10.112733,76.487453,images/waste/waste_007.jpg,2026-08-04,Resolved,I0711
C0674,Street light not working,Lighting,10.052631,76.482343,images/lighting/light_025.jpg,2026-08-18,Open,I0337
C0250,Crack and pothole on main road,Road,10.137471,76.365807,images/road/road_001.jpg,2026-08-05,Open,I0125
C1266,Large pothole near bus stop,Road,10.155034,76.521105,images/road/road_017.jpg,2026-08-24,Open,I0221
C0095,Deep pothole reported on street,Road,10.132988,76.52633,images/road/road_046.jpg,2026-08-27,Resolved,I0048
C0034,Broken road near market,Road,10.074355,76.448952,images/road/road_035.jpg,2026-08-24,In Progress,I0017
C1648,Waste dumping reported,Waste,10.188603,76.547475,images/waste/waste_049.jpg,2026-08-27,Open,I0637
C1462,Waste pile near market,Waste,10.243426,76.350238,images/waste/waste_013.jpg,2026-08-12,Open,I0571
C0449,Pothole causing traffic problem,Road,10.191347,76.392804,images/road/road_050.jpg,2026-08-28,Resolved,I0225
C0717,Faulty lamp reported near junction,Lighting,10.090613,76.408113,images/lighting/light_018.jpg,2026-08-17,Open,I0359
C1111,Overflowing garbage bin,Waste,10.10151,76.4066,images/waste/waste_012.jpg,2026-08-14,Resolved,I0611
C1326,Pothole causing traffic problem,Road,10.181587,76.463934,images/road/road_027.jpg,2026-08-23,Resolved,I0089
C0001,Road surface broken near junction,Road,10.125713,76.540519,images/road/road_002.jpg,2026-08-24,Resolved,I0001
C1199,Public bin overflowing,Waste,10.146612,76.353501,images/waste/waste_050.jpg,2026-08-26,Open,I0699
C0083,Road damaged close to school,Road,10.162784,76.489747,images/road/road_034.jpg,2026-08-08,Open,I0042
C1746,Road damaged close to school,Road,10.118055,76.36889,images/road/road_047.jpg,2026-08-25,Open,I0134
C0677,Damaged street light pole,Lighting,10.133363,76.366913,images/lighting/light_028.jpg,2026-08-13,Resolved,I0339
C1657,No light on main street,Lighting,10.242771,76.443753,images/lighting/light_008.jpg,2026-08-06,Resolved,I0464
C0771,Street lamp is not working,Lighting,10.063488,76.51756,images/lighting/light_022.jpg,2026-08-13,Resolved,I0386
C1260,Overflowing garbage bin,Waste,10.065418,76.405671,images/waste/waste_011.jpg,2026-08-01,Open,I0712
C1125,Garbage accumulation near bus stop,Waste,10.121712,76.396998,images/waste/waste_026.jpg,2026-08-28,Resolved,I0625
C1384,Public bin overflowing,Waste,10.068011,76.401745,images/waste/waste_035.jpg,2026-08-28,Open,I0658
C1299,Pothole causing traffic problem,Road,10.233602,76.367157,images/road/road_050.jpg,2026-08-04,In Progress,I0023
C0405,Road damaged close to school,Road,10.082137,76.532263,images/road/road_006.jpg,2026-08-14,Open,I0203
C1513,Street light flickering at night,Lighting,10.15553,76.515658,images/lighting/light_014.jpg,2026-08-04,In Progress,I0486
C1138,Waste dumping reported,Waste,10.213868,76.47008,images/waste/waste_039.jpg,2026-08-16,Open,I0638
C0105,Road surface broken near junction,Road,10.134,76.394173,images/road/road_006.jpg,2026-08-08,Resolved,I0053
C0689,Broken street light near bus stop,Lighting,10.204794,76.44077,images/lighting/light_040.jpg,2026-08-12,Open,I0345
C1143,Garbage accumulation near bus stop,Waste,10.154204,76.363339,images/waste/waste_044.jpg,2026-08-02,Open,I0643
C0827,Street lamp is not working,Lighting,10.162401,76.44611,images/lighting/light_028.jpg,2026-08-20,Open,I0414
C0063,Crack and pothole on main road,Road,10.235077,76.479775,images/road/road_014.jpg,2026-08-03,Open,I0032
C0853,Street lamp is not working,Lighting,10.197658,76.398006,images/lighting/light_004.jpg,2026-08-27,Resolved,I0427
C1179,Garbage not collected,Waste,10.06367,76.355215,images/waste/waste_030.jpg,2026-08-17,Open,I0679
C0224,Road damaged close to school,Road,10.064063,76.42913,images/road/road_025.jpg,2026-08-24,Resolved,I0112
C0146,Road surface broken near junction,Road,10.118136,76.372931,images/road/road_047.jpg,2026-08-17,Resolved,I0073
C0374,Pothole causing traffic problem,Road,10.125033,76.407002,images/road/road_025.jpg,2026-08-01,Resolved,I0187
C1238,Uncollected waste on street,Waste,10.127097,76.382807,images/waste/waste_039.jpg,2026-08-10,Open,I0738
C1595,Public bin overflowing,Waste,10.179345,76.455844,images/waste/waste_046.jpg,2026-08-21,In Progress,I0527
C1304,Waste pile near market,Waste,10.248416,76.361988,images/waste/waste_005.jpg,2026-08-03,Open,I0687
C1549,Faulty lamp reported near junction,Lighting,10.22533,76.452751,images/lighting/light_050.jpg,2026-08-11,Open,I0456
C1330,Faulty lamp reported near junction,Lighting,10.217264,76.46732,images/lighting/light_031.jpg,2026-08-20,In Progress,I0344
C0010,Pothole causing traffic problem,Road,10.053831,76.543249,images/road/road_011.jpg,2026-08-20,Resolved,I0005
C0450,Road surface broken near junction,Road,10.190483,76.39262,images/road/road_001.jpg,2026-08-26,Resolved,I0225
C0709,No light on main street,Lighting,10.084905,76.480368,images/lighting/light_010.jpg,2026-08-18,Resolved,I0355
C0256,Broken road near market,Road,10.233301,76.43887,images/road/road_007.jpg,2026-08-13,Resolved,I0128
C0883,Street light not working,Lighting,10.153853,76.46941,images/lighting/light_034.jpg,2026-08-09,Resolved,I0442
C0390,Road damaged close to school,Road,10.230529,76.359614,images/road/road_041.jpg,2026-08-05,In Progress,I0195
C0909,Faulty lamp reported near junction,Lighting,10.065403,76.520105,images/lighting/light_010.jpg,2026-08-18,In Progress,I0455
C0925,Street lamp is not working,Lighting,10.200163,76.381721,images/lighting/light_026.jpg,2026-08-22,In Progress,I0463
C1494,Public bin overflowing,Waste,10.102485,76.479866,images/waste/waste_045.jpg,2026-08-27,Open,I0640
C1086,Garbage collection missed,Waste,10.119741,76.381499,images/waste/waste_037.jpg,2026-08-21,Resolved,I0586
C0461,Deep pothole reported on street,Road,10.239843,76.379558,images/road/road_012.jpg,2026-08-06,Open,I0231
C1115,Public bin overflowing,Waste,10.074035,76.386582,images/waste/waste_016.jpg,2026-08-13,Resolved,I0615
C0959,Dark street due to faulty light,Lighting,10.13903,76.479784,images/lighting/light_010.jpg,2026-08-11,Open,I0480
C0502,Faulty lamp reported near junction,Lighting,10.123918,76.442371,images/lighting/light_003.jpg,2026-08-13,Open,I0251
C0740,No light on main street,Lighting,10.14379,76.386333,images/lighting/light_041.jpg,2026-08-23,Resolved,I0370
C1615,Garbage accumulation near bus stop,Waste,10.169579,76.471737,images/waste/waste_016.jpg,2026-08-02,Open,I0502
C0869,Street light not working,Lighting,10.143291,76.472657,images/lighting/light_020.jpg,2026-08-19,Open,I0435
C0732,Street light flickering at night,Lighting,10.118676,76.504716,images/lighting/light_033.jpg,2026-08-28,In Progress,I0366
C0540,Dark street due to faulty light,Lighting,10.060774,76.353767,images/lighting/light_041.jpg,2026-08-26,In Progress,I0270
C0698,Street light flickering at night,Lighting,10.124486,76.404116,images/lighting/light_049.jpg,2026-08-26,Open,I0349
C1324,Faulty lamp reported near junction,Lighting,10.100988,76.387954,images/lighting/light_025.jpg,2026-08-25,Resolved,I0468
C1349,Garbage accumulation near bus stop,Waste,10.148427,76.473572,images/waste/waste_050.jpg,2026-08-25,Open,I0581
C1032,Uncollected waste on street,Waste,10.136732,76.359163,images/waste/waste_033.jpg,2026-08-22,Resolved,I0532
C0373,Deep pothole reported on street,Road,10.125007,76.406955,images/road/road_024.jpg,2026-08-17,Resolved,I0187
C0668,Faulty lamp reported near junction,Lighting,10.099796,76.465834,images/lighting/light_019.jpg,2026-08-11,In Progress,I0334
C1729,Crack and pothole on main road,Road,10.084918,76.487257,images/road/road_030.jpg,2026-08-17,Open,I0071
C0358,Pothole causing traffic problem,Road,10.239532,76.547066,images/road/road_009.jpg,2026-08-01,In Progress,I0179
C0968,Street light flickering at night,Lighting,10.081855,76.44348,images/lighting/light_019.jpg,2026-08-13,Open,I0484
C0784,Faulty lamp reported near junction,Lighting,10.219706,76.540875,images/lighting/light_035.jpg,2026-08-03,Resolved,I0392
C0736,Street lamp is not working,Lighting,10.245347,76.505485,images/lighting/light_037.jpg,2026-08-06,In Progress,I0368
C1036,Public bin overflowing,Waste,10.094196,76.434119,images/waste/waste_037.jpg,2026-08-27,Open,I0536
C0971,Street lamp is not working,Lighting,10.155101,76.515218,images/lighting/light_022.jpg,2026-08-12,Open,I0486
C1332,Overflowing garbage bin,Waste,10.188595,76.54847,images/waste/waste_033.jpg,2026-08-16,Open,I0637
C1297,No light on main street,Lighting,10.090806,76.523809,images/lighting/light_048.jpg,2026-08-16,Open,I0494
C1402,Garbage collection missed,Waste,10.066996,76.492994,images/waste/waste_003.jpg,2026-08-22,Resolved,I0719
C1484,Garbage not collected,Waste,10.131869,76.433772,images/waste/waste_035.jpg,2026-08-12,In Progress,I0652
C1504,Large pothole near bus stop,Road,10.210134,76.406502,images/road/road_005.jpg,2026-08-09,Resolved,I0155
C0886,Broken street light near bus stop,Lighting,10.084208,76.429107,images/lighting/light_037.jpg,2026-08-28,In Progress,I0443
C0080,Large pothole near bus stop,Road,10.072101,76.438015,images/road/road_031.jpg,2026-08-16,Resolved,I0040
C0815,No light on main street,Lighting,10.144921,76.41192,images/lighting/light_016.jpg,2026-08-23,Resolved,I0408
C1129,Overflowing garbage bin,Waste,10.167915,76.383293,images/waste/waste_030.jpg,2026-08-15,Resolved,I0629
C0672,Street light not working,Lighting,10.206343,76.406527,images/lighting/light_023.jpg,2026-08-22,Resolved,I0336
C1339,Overflowing garbage bin,Waste,10.118385,76.426014,images/waste/waste_040.jpg,2026-08-12,In Progress,I0662
C0058,Deep pothole reported on street,Road,10.204379,76.389336,images/road/road_009.jpg,2026-08-06,Resolved,I0029
C0134,Road surface broken near junction,Road,10.216909,76.414513,images/road/road_035.jpg,2026-08-02,Open,I0067
C0934,Street lamp is not working,Lighting,10.21351,76.51643,images/lighting/light_035.jpg,2026-08-07,Resolved,I0467
C1476,Street light not working,Lighting,10.06288,76.500113,images/lighting/light_027.jpg,2026-08-13,Open,I0341
C0824,Faulty lamp reported near junction,Lighting,10.141405,76.454561,images/lighting/light_025.jpg,2026-08-07,Resolved,I0412
C0505,Street light flickering at night,Lighting,10.192157,76.528866,images/lighting/light_006.jpg,2026-08-15,Resolved,I0253
C1552,Road surface broken near junction,Road,10.189634,76.364755,images/road/road_003.jpg,2026-08-22,Resolved,I0175
C0348,Crack and pothole on main road,Road,10.222737,76.51697,images/road/road_049.jpg,2026-08-17,Open,I0174
C0387,Road surface broken near junction,Road,10.249597,76.488497,images/road/road_038.jpg,2026-08-05,Resolved,I0194
C1025,Uncollected waste on street,Waste,10.065872,76.528611,images/waste/waste_026.jpg,2026-08-08,Resolved,I0525
C0895,Damaged street light pole,Lighting,10.128381,76.40439,images/lighting/light_046.jpg,2026-08-28,Open,I0448
C0829,No light on main street,Lighting,10.189151,76.417824,images/lighting/light_030.jpg,2026-08-23,Open,I0415
C1650,Crack and pothole on main road,Road,10.151363,76.47688,images/road/road_001.jpg,2026-08-29,In Progress,I0090
C0476,Pothole causing traffic problem,Road,10.18972,76.432381,images/road/road_027.jpg,2026-08-14,Open,I0238
C1544,Street light flickering at night,Lighting,10.133853,76.532837,images/lighting/light_045.jpg,2026-08-02,In Progress,I0335
C1218,Garbage collection missed,Waste,10.139161,76.359216,images/waste/waste_019.jpg,2026-08-24,In Progress,I0718
C0653,Damaged street light pole,Lighting,10.154128,76.46856,images/lighting/light_004.jpg,2026-08-24,Resolved,I0327
C0173,Crack and pothole on main road,Road,10.097618,76.415019,images/road/road_024.jpg,2026-08-29,Resolved,I0087
C0039,Road damaged close to school,Road,10.091376,76.46411,images/road/road_040.jpg,2026-08-25,Resolved,I0020
C0714,Street light not working,Lighting,10.194514,76.520805,images/lighting/light_015.jpg,2026-08-08,Resolved,I0357
C0091,Road damaged close to school,Road,10.17469,76.409211,images/road/road_042.jpg,2026-08-22,In Progress,I0046
C1690,Garbage accumulation near bus stop,Waste,10.13476,76.483912,images/waste/waste_041.jpg,2026-08-23,Open,I0627
C0876,Damaged street light pole,Lighting,10.215505,76.373287,images/lighting/light_027.jpg,2026-08-21,Resolved,I0438
C1177,Garbage not collected,Waste,10.084843,76.450058,images/waste/waste_028.jpg,2026-08-04,In Progress,I0677
C1094,Garbage not collected,Waste,10.179985,76.415068,images/waste/waste_045.jpg,2026-08-13,Resolved,I0594
C1188,Garbage not collected,Waste,10.109271,76.435655,images/waste/waste_039.jpg,2026-08-16,In Progress,I0688
C1709,Public bin overflowing,Waste,10.223504,76.49231,images/waste/waste_010.jpg,2026-08-18,Open,I0523
C0500,Road damaged close to school,Road,10.235021,76.397473,images/road/road_001.jpg,2026-08-20,In Progress,I0250
C0339,Pothole causing traffic problem,Road,10.236222,76.544647,images/road/road_040.jpg,2026-08-09,In Progress,I0170
C0029,Road damaged close to school,Road,10.211803,76.410965,images/road/road_030.jpg,2026-08-24,Open,I0015
C1156,Garbage collection missed,Waste,10.053653,76.497094,images/waste/waste_007.jpg,2026-08-19,Resolved,I0656
C1589,Waste dumping reported,Waste,10.056717,76.412137,images/waste/waste_040.jpg,2026-08-08,Open,I0575
C0946,Street lamp is not working,Lighting,10.242299,76.418387,images/lighting/light_047.jpg,2026-08-24,Resolved,I0473
C0170,Damaged road with deep pothole,Road,10.159409,76.488707,images/road/road_021.jpg,2026-08-17,Open,I0085
C0913,Broken street light near bus stop,Lighting,10.214469,76.41918,images/lighting/light_014.jpg,2026-08-10,Open,I0457
C0492,Crack and pothole on main road,Road,10.187892,76.451643,images/road/road_043.jpg,2026-08-22,In Progress,I0246
C0954,Street light flickering at night,Lighting,10.063579,76.466124,images/lighting/light_005.jpg,2026-08-18,In Progress,I0477
C1098,Garbage collection missed,Waste,10.052732,76.4676,images/waste/waste_049.jpg,2026-08-13,Resolved,I0598
C1033,Waste dumping reported,Waste,10.161325,76.49374,images/waste/waste_034.jpg,2026-08-27,In Progress,I0533
C0588,Street lamp is not working,Lighting,10.176631,76.531774,images/lighting/light_039.jpg,2026-08-26,Open,I0294
C0751,Street light not working,Lighting,10.156125,76.512943,images/lighting/light_002.jpg,2026-08-24,In Progress,I0376
C0658,Street lamp is not working,Lighting,10.210736,76.351254,images/lighting/light_009.jpg,2026-08-29,Resolved,I0329
C0235,Road damaged close to school,Road,10.110692,76.457761,images/road/road_036.jpg,2026-08-13,In Progress,I0118
C0733,Dark street due to faulty light,Lighting,10.136741,76.40848,images/lighting/light_034.jpg,2026-08-17,Resolved,I0367
C1282,Pothole causing traffic problem,Road,10.090916,76.404911,images/road/road_033.jpg,2026-08-24,Resolved,I0148
C1426,Street lamp is not working,Lighting,10.169718,76.417595,images/lighting/light_027.jpg,2026-08-29,Open,I0354
C0935,Damaged street light pole,Lighting,10.101333,76.38848,images/lighting/light_036.jpg,2026-08-08,Open,I0468
C1066,Garbage accumulation near bus stop,Waste,10.247517,76.374626,images/waste/waste_017.jpg,2026-08-16,Resolved,I0566
C0109,Large pothole near bus stop,Road,10.115037,76.454528,images/road/road_010.jpg,2026-08-17,Open,I0055
C1348,Road damaged close to school,Road,10.19458,76.406067,images/road/road_049.jpg,2026-08-23,In Progress,I0095
C0569,Faulty lamp reported near junction,Lighting,10.201781,76.469188,images/lighting/light_020.jpg,2026-08-16,Open,I0285
C0891,Dark street due to faulty light,Lighting,10.199798,76.35713,images/lighting/light_042.jpg,2026-08-16,Open,I0446
C0948,No light on main street,Lighting,10.086063,76.500733,images/lighting/light_049.jpg,2026-08-28,Resolved,I0474
C1049,Garbage accumulation near bus stop,Waste,10.244678,76.385793,images/waste/waste_050.jpg,2026-08-10,Open,I0549
C1178,Waste pile near market,Waste,10.215413,76.483158,images/waste/waste_029.jpg,2026-08-15,Resolved,I0678
C1572,Damaged street light pole,Lighting,10.061688,76.364994,images/lighting/light_023.jpg,2026-08-18,Resolved,I0478
C1275,Large pothole near bus stop,Road,10.14451,76.483556,images/road/road_026.jpg,2026-08-27,Resolved,I0239
C0885,Broken street light near bus stop,Lighting,10.084156,76.429368,images/lighting/light_036.jpg,2026-08-27,Open,I0443
C1466,Garbage collection missed,Waste,10.184276,76.5491,images/waste/waste_017.jpg,2026-08-19,Resolved,I0647
C0851,Dark street due to faulty light,Lighting,10.067707,76.417116,images/lighting/light_002.jpg,2026-08-06,Open,I0426
C0735,Street light not working,Lighting,10.24522,76.506218,images/lighting/light_036.jpg,2026-08-04,In Progress,I0368
C0718,Dark street due to faulty light,Lighting,10.091329,76.408715,images/lighting/light_019.jpg,2026-08-09,Open,I0359
C0455,Large pothole near bus stop,Road,10.068351,76.495431,images/road/road_006.jpg,2026-08-06,Resolved,I0228
C0265,Large pothole near bus stop,Road,10.120967,76.501839,images/road/road_016.jpg,2026-08-24,Resolved,I0133
C0076,Large pothole near bus stop,Road,10.194599,76.397431,images/road/road_027.jpg,2026-08-13,Resolved,I0038
C0445,Broken road near market,Road,10.1306,76.377053,images/road/road_046.jpg,2026-08-15,Open,I0223
C0396,Damaged road with deep pothole,Road,10.083919,76.478878,images/road/road_047.jpg,2026-08-16,Resolved,I0198
C0177,Crack and pothole on main road,Road,10.1815,76.464355,images/road/road_028.jpg,2026-08-01,Resolved,I0089
C1043,Waste dumping reported,Waste,10.224569,76.530141,images/waste/waste_044.jpg,2026-08-02,In Progress,I0543
C1520,Crack and pothole on main road,Road,10.053137,76.364727,images/road/road_021.jpg,2026-08-09,Open,I0212
C1221,Waste pile near market,Waste,10.241166,76.497691,images/waste/waste_022.jpg,2026-08-28,Open,I0721
C1203,Uncollected waste on street,Waste,10.210251,76.54192,images/waste/waste_004.jpg,2026-08-15,In Progress,I0703
C0596,Broken street light near bus stop,Lighting,10.138089,76.465076,images/lighting/light_047.jpg,2026-08-25,Open,I0298
C0062,Road damaged close to school,Road,10.196217,76.50516,images/road/road_013.jpg,2026-08-25,Resolved,I0031
C0873,Damaged street light pole,Lighting,10.238747,76.480184,images/lighting/light_024.jpg,2026-08-26,Resolved,I0437
C1300,Broken road near market,Road,10.097341,76.390607,images/road/road_001.jpg,2026-08-01,Resolved,I0216
C1640,Faulty lamp reported near junction,Lighting,10.05139,76.3706,images/lighting/light_041.jpg,2026-08-21,Open,I0398
C0279,Road surface broken near junction,Road,10.101987,76.352966,images/road/road_030.jpg,2026-08-12,In Progress,I0140
C0037,Pothole causing traffic problem,Road,10.182607,76.411867,images/road/road_038.jpg,2026-08-19,Open,I0019
C0663,Faulty lamp reported near junction,Lighting,10.146136,76.533737,images/lighting/light_014.jpg,2026-08-02,In Progress,I0332
C1577,Broken road near market,Road,10.248722,76.432918,images/road/road_028.jpg,2026-08-12,In Progress,I0157
C1259,No light on main street,Lighting,10.188897,76.409418,images/lighting/light_010.jpg,2026-08-25,In Progress,I0409
C0978,Damaged street light pole,Lighting,10.240181,76.38047,images/lighting/light_029.jpg,2026-08-17,In Progress,I0489
C1375,Pothole causing traffic problem,Road,10.21168,76.419456,images/road/road_026.jpg,2026-08-01,Open,I0070
C0739,Broken street light near bus stop,Lighting,10.144247,76.386371,images/lighting/light_040.jpg,2026-08-27,Resolved,I0370
C0192,Road surface broken near junction,Road,10.204205,76.358528,images/road/road_043.jpg,2026-08-23,Resolved,I0096
C0920,Broken street light near bus stop,Lighting,10.098795,76.381391,images/lighting/light_021.jpg,2026-08-26,In Progress,I0460
C0457,Crack and pothole on main road,Road,10.152897,76.506629,images/road/road_008.jpg,2026-08-16,In Progress,I0229
C0676,Dark street due to faulty light,Lighting,10.245375,76.441513,images/lighting/light_027.jpg,2026-08-24,Open,I0338
C0761,No light on main street,Lighting,10.170863,76.482509,images/lighting/light_012.jpg,2026-08-22,Resolved,I0381
C1712,Faulty lamp reported near junction,Lighting,10.144341,76.41346,images/lighting/light_013.jpg,2026-08-06,In Progress,I0408
C0729,Damaged street light pole,Lighting,10.168032,76.403507,images/lighting/light_030.jpg,2026-08-03,Resolved,I0365
C0413,Large pothole near bus stop,Road,10.05449,76.42455,images/road/road_014.jpg,2026-08-25,Resolved,I0207
C1099,Waste dumping reported,Waste,10.183967,76.474214,images/waste/waste_050.jpg,2026-08-07,In Progress,I0599
C0826,Broken street light near bus stop,Lighting,10.057264,76.469041,images/lighting/light_027.jpg,2026-08-09,Resolved,I0413
C0617,Faulty lamp reported near junction,Lighting,10.072356,76.51958,images/lighting/light_018.jpg,2026-08-16,Open,I0309
C0115,Deep pothole reported on street,Road,10.193391,76.379447,images/road/road_016.jpg,2026-08-26,Resolved,I0058
C0418,Crack and pothole on main road,Road,10.168598,76.426179,images/road/road_019.jpg,2026-08-20,Open,I0209
C1665,Faulty lamp reported near junction,Lighting,10.208835,76.47442,images/lighting/light_016.jpg,2026-08-25,Open,I0303
C0970,Faulty lamp reported near junction,Lighting,10.135456,76.440418,images/lighting/light_021.jpg,2026-08-24,In Progress,I0485
C0605,Dark street due to faulty light,Lighting,10.209283,76.474275,images/lighting/light_006.jpg,2026-08-22,Open,I0303
C1672,No light on main street,Lighting,10.246196,76.527167,images/lighting/light_023.jpg,2026-08-10,In Progress,I0434
C0090,Large pothole near bus stop,Road,10.108043,76.382469,images/road/road_041.jpg,2026-08-17,Open,I0045
C0849,Broken street light near bus stop,Lighting,10.225037,76.546185,images/lighting/light_050.jpg,2026-08-07,Open,I0425
C1459,Damaged street light pole,Lighting,10.083212,76.512994,images/lighting/light_010.jpg,2026-08-20,Resolved,I0293
C1671,Garbage not collected,Waste,10.204342,76.482119,images/waste/waste_022.jpg,2026-08-28,Open,I0723
C0754,Street lamp is not working,Lighting,10.104774,76.461432,images/lighting/light_005.jpg,2026-08-10,Resolved,I0377
C0499,Crack and pothole on main road,Road,10.235044,76.396394,images/road/road_050.jpg,2026-08-19,Open,I0250
C0012,Deep pothole reported on street,Road,10.237573,76.350012,images/road/road_013.jpg,2026-08-13,Open,I0006
C0397,Crack and pothole on main road,Road,10.121315,76.466937,images/road/road_048.jpg,2026-08-28,In Progress,I0199
C0285,Deep pothole reported on street,Road,10.178508,76.355555,images/road/road_036.jpg,2026-08-19,Resolved,I0143
C1067,Public bin overflowing,Waste,10.236895,76.357476,images/waste/waste_018.jpg,2026-08-21,Open,I0567
C1192,Uncollected waste on street,Waste,10.095539,76.396313,images/waste/waste_043.jpg,2026-08-28,Resolved,I0692
C0691,Street light flickering at night,Lighting,10.156859,76.445766,images/lighting/light_042.jpg,2026-08-21,Resolved,I0346
C1429,Dark street due to faulty light,Lighting,10.242441,76.443158,images/lighting/light_030.jpg,2026-08-06,Open,I0464
C1637,Garbage not collected,Waste,10.153337,76.367383,images/waste/waste_038.jpg,2026-08-26,In Progress,I0515
C0690,Broken street light near bus stop,Lighting,10.205275,76.440494,images/lighting/light_041.jpg,2026-08-29,Open,I0345
C0852,Faulty lamp reported near junction,Lighting,10.068182,76.417328,images/lighting/light_003.jpg,2026-08-16,In Progress,I0426
C0160,Damaged road with deep pothole,Road,10.221217,76.430335,images/road/road_011.jpg,2026-08-02,Open,I0080
C0896,Faulty lamp reported near junction,Lighting,10.128372,76.404257,images/lighting/light_047.jpg,2026-08-22,Resolved,I0448
C1379,Public bin overflowing,Waste,10.063471,76.355932,images/waste/waste_030.jpg,2026-08-12,Resolved,I0679
C0258,Deep pothole reported on street,Road,10.159596,76.493425,images/road/road_009.jpg,2026-08-19,Resolved,I0129
C0336,Deep pothole reported on street,Road,10.160675,76.392329,images/road/road_037.jpg,2026-08-27,In Progress,I0168
C1641,Waste dumping reported,Waste,10.085344,76.488821,images/waste/waste_042.jpg,2026-08-22,Resolved,I0579
C1040,Waste pile near market,Waste,10.203168,76.451332,images/waste/waste_041.jpg,2026-08-23,Resolved,I0540
C0516,Street lamp is not working,Lighting,10.068156,76.457225,images/lighting/light_017.jpg,2026-08-12,Open,I0258
C1016,Waste pile near market,Waste,10.066805,76.514634,images/waste/waste_017.jpg,2026-08-10,Open,I0516
C0769,Broken street light near bus stop,Lighting,10.066523,76.470768,images/lighting/light_020.jpg,2026-08-22,Resolved,I0385
C1528,Street light flickering at night,Lighting,10.246481,76.371807,images/lighting/light_029.jpg,2026-08-19,In Progress,I0271
C0762,Street light flickering at night,Lighting,10.169866,76.482896,images/lighting/light_013.jpg,2026-08-12,Open,I0381
C1204,Overflowing garbage bin,Waste,10.124095,76.403305,images/waste/waste_005.jpg,2026-08-13,Resolved,I0704
C1366,Road damaged close to school,Road,10.236296,76.54489,images/road/road_017.jpg,2026-08-18,Resolved,I0170
C1734,Pothole causing traffic problem,Road,10.186793,76.473675,images/road/road_035.jpg,2026-08-14,Open,I0142
C0522,Dark street due to faulty light,Lighting,10.067625,76.457809,images/lighting/light_023.jpg,2026-08-04,Open,I0261
C0023,Road damaged close to school,Road,10.246475,76.442961,images/road/road_024.jpg,2026-08-18,Open,I0012
C0357,Crack and pothole on main road,Road,10.240054,76.547237,images/road/road_008.jpg,2026-08-07,Resolved,I0179
C1475,Damaged road with deep pothole,Road,10.235485,76.544519,images/road/road_026.jpg,2026-08-24,In Progress,I0170
C0341,Broken road near market,Road,10.159625,76.438833,images/road/road_042.jpg,2026-08-28,Open,I0171
C0432,Damaged road with deep pothole,Road,10.098566,76.390846,images/road/road_033.jpg,2026-08-12,Open,I0216
C0474,Damaged road with deep pothole,Road,10.077689,76.478144,images/road/road_025.jpg,2026-08-21,In Progress,I0237
C0218,Deep pothole reported on street,Road,10.211843,76.511588,images/road/road_019.jpg,2026-08-04,Open,I0109
C0912,Broken street light near bus stop,Lighting,10.226725,76.453135,images/lighting/light_013.jpg,2026-08-29,Open,I0456
C1228,Public bin overflowing,Waste,10.095792,76.545414,images/waste/waste_029.jpg,2026-08-17,In Progress,I0728
C1735,Garbage not collected,Waste,10.142664,76.361694,images/waste/waste_036.jpg,2026-08-13,In Progress,I0649
C1012,Waste dumping reported,Waste,10.164103,76.353542,images/waste/waste_013.jpg,2026-08-24,Resolved,I0512
C1701,Crack and pothole on main road,Road,10.238023,76.433593,images/road/road_002.jpg,2026-08-03,Open,I0204
C0094,Road surface broken near junction,Road,10.224319,76.510174,images/road/road_045.jpg,2026-08-28,Open,I0047
C1009,Waste dumping reported,Waste,10.189061,76.522369,images/waste/waste_010.jpg,2026-08-02,Open,I0509
C1071,Waste pile near market,Waste,10.243017,76.351089,images/waste/waste_022.jpg,2026-08-03,Open,I0571
C1093,Waste dumping reported,Waste,10.213471,76.374037,images/waste/waste_044.jpg,2026-08-12,Resolved,I0593
C1388,Faulty lamp reported near junction,Lighting,10.229969,76.471949,images/lighting/light_039.jpg,2026-08-14,Open,I0264
C0697,Street light flickering at night,Lighting,10.124719,76.40373,images/lighting/light_048.jpg,2026-08-06,Resolved,I0349
C1566,Street light not working,Lighting,10.237973,76.386987,images/lighting/light_017.jpg,2026-08-04,Open,I0289
C0997,Damaged street light pole,Lighting,10.17532,76.375917,images/lighting/light_048.jpg,2026-08-11,In Progress,I0499
C0154,Deep pothole reported on street,Road,10.069044,76.528939,images/road/road_005.jpg,2026-08-15,Open,I0077
C1100,Garbage collection missed,Waste,10.150156,76.458892,images/waste/waste_001.jpg,2026-08-11,Resolved,I0600
C1507,Garbage collection missed,Waste,10.187879,76.38969,images/waste/waste_008.jpg,2026-08-21,Resolved,I0651
C1748,Overflowing garbage bin,Waste,10.244904,76.494134,images/waste/waste_049.jpg,2026-08-25,In Progress,I0508
C0790,Broken street light near bus stop,Lighting,10.149688,76.48803,images/lighting/light_041.jpg,2026-08-22,Open,I0395
C0581,Street light not working,Lighting,10.2188,76.378155,images/lighting/light_032.jpg,2026-08-25,Open,I0291
C0704,Broken street light near bus stop,Lighting,10.132258,76.460583,images/lighting/light_005.jpg,2026-08-06,In Progress,I0352
C1213,Garbage accumulation near bus stop,Waste,10.057943,76.530374,images/waste/waste_014.jpg,2026-08-14,Open,I0713
C1749,Crack and pothole on main road,Road,10.172877,76.54805,images/road/road_050.jpg,2026-08-01,Open,I0105
C1261,Uncollected waste on street,Waste,10.136223,76.389881,images/waste/waste_012.jpg,2026-08-08,Open,I0503
C0488,Road damaged close to school,Road,10.075708,76.416116,images/road/road_039.jpg,2026-08-17,Open,I0244
C0560,Broken street light near bus stop,Lighting,10.15175,76.536921,images/lighting/light_011.jpg,2026-08-22,Resolved,I0280
C1142,Garbage accumulation near bus stop,Waste,10.118809,76.473906,images/waste/waste_043.jpg,2026-08-26,Resolved,I0642
C1120,Public bin overflowing,Waste,10.12411,76.455238,images/waste/waste_021.jpg,2026-08-28,In Progress,I0620
C0802,Damaged street light pole,Lighting,10.087188,76.458319,images/lighting/light_003.jpg,2026-08-05,Open,I0401
C0513,No light on main street,Lighting,10.054209,76.415266,images/lighting/light_014.jpg,2026-08-12,Open,I0257
C0634,Dark street due to faulty light,Lighting,10.080898,76.467119,images/lighting/light_035.jpg,2026-08-16,Open,I0317
C1289,Waste dumping reported,Waste,10.244277,76.385928,images/waste/waste_040.jpg,2026-08-16,Resolved,I0549
C1562,Waste pile near market,Waste,10.094386,76.391271,images/waste/waste_013.jpg,2026-08-26,In Progress,I0632
C1151,Garbage collection missed,Waste,10.188157,76.389859,images/waste/waste_002.jpg,2026-08-13,Resolved,I0651
C0791,Broken street light near bus stop,Lighting,10.142159,76.364618,images/lighting/light_042.jpg,2026-08-23,Open,I0396
C0117,Damaged road with deep pothole,Road,10.057318,76.471686,images/road/road_018.jpg,2026-08-11,In Progress,I0059
C0741,Faulty lamp reported near junction,Lighting,10.054548,76.403093,images/lighting/light_042.jpg,2026-08-08,Open,I0371
C1082,Overflowing garbage bin,Waste,10.222915,76.503935,images/waste/waste_033.jpg,2026-08-18,Resolved,I0582
C0831,Faulty lamp reported near junction,Lighting,10.130927,76.465044,images/lighting/light_032.jpg,2026-08-02,In Progress,I0416
C0120,Crack and pothole on main road,Road,10.13216,76.356894,images/road/road_021.jpg,2026-08-08,Resolved,I0060
C0657,Street light not working,Lighting,10.210703,76.351059,images/lighting/light_008.jpg,2026-08-20,Resolved,I0329
C1662,Faulty lamp reported near junction,Lighting,10.053209,76.483096,images/lighting/light_013.jpg,2026-08-18,In Progress,I0337
C0636,Dark street due to faulty light,Lighting,10.070863,76.401251,images/lighting/light_037.jpg,2026-08-28,Open,I0318
C0370,Broken road near market,Road,10.073576,76.48007,images/road/road_021.jpg,2026-08-23,Resolved,I0185
C0269,Crack and pothole on main road,Road,10.05806,76.520877,images/road/road_020.jpg,2026-08-22,Open,I0135
C0656,Dark street due to faulty light,Lighting,10.125252,76.499097,images/lighting/light_007.jpg,2026-08-17,In Progress,I0328
C0936,Dark street due to faulty light,Lighting,10.101783,76.388375,images/lighting/light_037.jpg,2026-08-05,Open,I0468
C0823,No light on main street,Lighting,10.141086,76.455256,images/lighting/light_024.jpg,2026-08-18,Resolved,I0412
C0867,Faulty lamp reported near junction,Lighting,10.246562,76.526625,images/lighting/light_018.jpg,2026-08-27,Resolved,I0434
C0047,Road damaged close to school,Road,10.154445,76.542518,images/road/road_048.jpg,2026-08-15,Open,I0024
C1554,Street light flickering at night,Lighting,10.189304,76.409467,images/lighting/light_005.jpg,2026-08-21,Resolved,I0409
C0992,Broken street light near bus stop,Lighting,10.158697,76.38124,images/lighting/light_043.jpg,2026-08-04,Open,I0496
C0877,Street light not working,Lighting,10.085308,76.394702,images/lighting/light_028.jpg,2026-08-27,Open,I0439
C0774,Damaged street light pole,Lighting,10.120702,76.49362,images/lighting/light_025.jpg,2026-08-12,Resolved,I0387
C1220,Garbage not collected,Waste,10.210554,76.370675,images/waste/waste_021.jpg,2026-08-23,In Progress,I0720
C1750,Uncollected waste on street,Waste,10.142886,76.362034,images/waste/waste_001.jpg,2026-08-13,In Progress,I0649
C0005,Deep pothole reported on street,Road,10.081126,76.361319,images/road/road_006.jpg,2026-08-10,Resolved,I0003
C1004,Garbage accumulation near bus stop,Waste,10.081928,76.480449,images/waste/waste_005.jpg,2026-08-22,In Progress,I0504
C1510,Public bin overflowing,Waste,10.161229,76.493881,images/waste/waste_011.jpg,2026-08-15,Open,I0533
C0264,Crack and pothole on main road,Road,10.195487,76.359898,images/road/road_015.jpg,2026-08-22,Resolved,I0132
C1380,Dark street due to faulty light,Lighting,10.080272,76.467306,images/lighting/light_031.jpg,2026-08-20,Open,I0317
C1605,Garbage not collected,Waste,10.138556,76.359509,images/waste/waste_006.jpg,2026-08-27,In Progress,I0718
C0444,Pothole causing traffic problem,Road,10.243998,76.368319,images/road/road_045.jpg,2026-08-26,In Progress,I0222
C1003,Garbage not collected,Waste,10.136243,76.389763,images/waste/waste_004.jpg,2026-08-03,Open,I0503
C1078,Public bin overflowing,Waste,10.080845,76.397599,images/waste/waste_029.jpg,2026-08-27,In Progress,I0578
C0838,Broken street light near bus stop,Lighting,10.172828,76.396315,images/lighting/light_039.jpg,2026-08-06,Resolved,I0419
C1564,Faulty lamp reported near junction,Lighting,10.226166,76.452894,images/lighting/light_015.jpg,2026-08-09,Open,I0456
C0305,Road damaged close to school,Road,10.07368,76.489405,images/road/road_006.jpg,2026-08-20,In Progress,I0153
C1361,Overflowing garbage bin,Waste,10.227173,76.44078,images/waste/waste_012.jpg,2026-08-28,In Progress,I0695
C0314,Pothole causing traffic problem,Road,10.248023,76.43168,images/road/road_015.jpg,2026-08-13,Open,I0157
C0150,Pothole causing traffic problem,Road,10.182307,76.513721,images/road/road_001.jpg,2026-08-22,Resolved,I0075
C1149,Uncollected waste on street,Waste,10.143531,76.362157,images/waste/waste_050.jpg,2026-08-08,Open,I0649
C1214,Garbage collection missed,Waste,10.215395,76.449064,images/waste/waste_015.jpg,2026-08-29,In Progress,I0714
C0575,Street lamp is not working,Lighting,10.131998,76.536463,images/lighting/light_026.jpg,2026-08-12,Resolved,I0288
C0051,Crack and pothole on main road,Road,10.167793,76.542889,images/road/road_002.jpg,2026-08-07,Resolved,I0026
C1356,Public bin overflowing,Waste,10.129565,76.46597,images/waste/waste_007.jpg,2026-08-20,Open,I0603
C0727,Street lamp is not working,Lighting,10.117637,76.514529,images/lighting/light_028.jpg,2026-08-16,Resolved,I0364
C0834,Broken street light near bus stop,Lighting,10.157949,76.507914,images/lighting/light_035.jpg,2026-08-26,Open,I0417
C1116,Public bin overflowing,Waste,10.221237,76.509806,images/waste/waste_017.jpg,2026-08-15,Resolved,I0616
C1167,Public bin overflowing,Waste,10.21978,76.392181,images/waste/waste_018.jpg,2026-08-29,In Progress,I0667
C0471,Road surface broken near junction,Road,10.142029,76.466401,images/road/road_022.jpg,2026-08-11,Open,I0236
C0972,Broken street light near bus stop,Lighting,10.155322,76.515042,images/lighting/light_023.jpg,2026-08-15,In Progress,I0486
C0654,Street lamp is not working,Lighting,10.153745,76.468281,images/lighting/light_005.jpg,2026-08-08,Resolved,I0327
C0400,Large pothole near bus stop,Road,10.122161,76.401551,images/road/road_001.jpg,2026-08-25,In Progress,I0200
C0512,Faulty lamp reported near junction,Lighting,10.070931,76.497494,images/lighting/light_013.jpg,2026-08-11,Open,I0256
C0321,Pothole causing traffic problem,Road,10.070321,76.530698,images/road/road_022.jpg,2026-08-18,Open,I0161
C0020,Crack and pothole on main road,Road,10.244818,76.396756,images/road/road_021.jpg,2026-08-17,Resolved,I0010
C0685,Street light flickering at night,Lighting,10.087518,76.357475,images/lighting/light_036.jpg,2026-08-03,In Progress,I0343
C0036,Large pothole near bus stop,Road,10.084816,76.42821,images/road/road_037.jpg,2026-08-05,Resolved,I0018
C0903,Street lamp is not working,Lighting,10.100384,76.351137,images/lighting/light_004.jpg,2026-08-22,In Progress,I0452
C0828,Dark street due to faulty light,Lighting,10.162237,76.445514,images/lighting/light_029.jpg,2026-08-22,Open,I0414
C1569,Deep pothole reported on street,Road,10.083564,76.478806,images/road/road_020.jpg,2026-08-12,In Progress,I0198
C0408,Large pothole near bus stop,Road,10.238154,76.432744,images/road/road_009.jpg,2026-08-20,Open,I0204
C0921,Street light not working,Lighting,10.191839,76.516477,images/lighting/light_022.jpg,2026-08-19,Open,I0461
C0538,Street light not working,Lighting,10.084522,76.52851,images/lighting/light_039.jpg,2026-08-12,Open,I0269
C0759,Broken street light near bus stop,Lighting,10.102633,76.49601,images/lighting/light_010.jpg,2026-08-07,In Progress,I0380
C1063,Uncollected waste on street,Waste,10.145586,76.518509,images/waste/waste_014.jpg,2026-08-20,Resolved,I0563
C1200,Garbage collection missed,Waste,10.166376,76.485894,images/waste/waste_001.jpg,2026-08-19,Open,I0700
C0246,Pothole causing traffic problem,Road,10.244689,76.453098,images/road/road_047.jpg,2026-08-22,In Progress,I0123
C1128,Public bin overflowing,Waste,10.203304,76.379676,images/waste/waste_029.jpg,2026-08-23,Open,I0628
C0785,Damaged street light pole,Lighting,10.117008,76.504415,images/lighting/light_036.jpg,2026-08-25,Open,I0393
C0490,Road surface broken near junction,Road,10.057737,76.509854,images/road/road_041.jpg,2026-08-26,Resolved,I0245
C0155,Large pothole near bus stop,Road,10.226807,76.388005,images/road/road_006.jpg,2026-08-09,Resolved,I0078
C0962,No light on main street,Lighting,10.201957,76.354551,images/lighting/light_013.jpg,2026-08-27,Resolved,I0481
C0854,Street light flickering at night,Lighting,10.197723,76.397994,images/lighting/light_005.jpg,2026-08-25,In Progress,I0427
C1312,Street light flickering at night,Lighting,10.163493,76.502953,images/lighting/light_013.jpg,2026-08-05,Open,I0307
C0626,Street light flickering at night,Lighting,10.18884,76.458834,images/lighting/light_027.jpg,2026-08-19,Open,I0313
C0686,Damaged street light pole,Lighting,10.087411,76.35728,images/lighting/light_037.jpg,2026-08-02,Resolved,I0343
C1365,Damaged road with deep pothole,Road,10.053023,76.543874,images/road/road_016.jpg,2026-08-28,In Progress,I0189
C0570,Faulty lamp reported near junction,Lighting,10.202466,76.469239,images/lighting/light_021.jpg,2026-08-22,In Progress,I0285
C1663,Broken street light near bus stop,Lighting,10.16519,76.533603,images/lighting/light_014.jpg,2026-08-22,Resolved,I0272
C0018,Crack and pothole on main road,Road,10.1714,76.378179,images/road/road_019.jpg,2026-08-04,Open,I0009
C0128,Pothole causing traffic problem,Road,10.123879,76.39869,images/road/road_029.jpg,2026-08-19,Open,I0064
C1347,Road damaged close to school,Road,10.160135,76.438539,images/road/road_048.jpg,2026-08-12,In Progress,I0171
C1280,Garbage not collected,Waste,10.140708,76.453214,images/waste/waste_031.jpg,2026-08-18,Resolved,I0573
C1719,Deep pothole reported on street,Road,10.078817,76.50192,images/road/road_020.jpg,2026-08-15,Open,I0173
C0928,Dark street due to faulty light,Lighting,10.242835,76.443553,images/lighting/light_029.jpg,2026-08-26,Open,I0464
C0981,Street light not working,Lighting,10.177113,76.429176,images/lighting/light_032.jpg,2026-08-29,Resolved,I0491
C1715,Waste pile near market,Waste,10.139289,76.522828,images/waste/waste_016.jpg,2026-08-13,Open,I0564
C0191,Crack and pothole on main road,Road,10.203941,76.358624,images/road/road_042.jpg,2026-08-20,Open,I0096
C1140,Uncollected waste on street,Waste,10.102464,76.478616,images/waste/waste_041.jpg,2026-08-11,Open,I0640
C0993,No light on main street,Lighting,10.223703,76.505404,images/lighting/light_044.jpg,2026-08-20,In Progress,I0497
C1708,Broken street light near bus stop,Lighting,10.07304,76.434904,images/lighting/light_009.jpg,2026-08-15,Open,I0410
C1451,Faulty lamp reported near junction,Lighting,10.236977,76.351208,images/lighting/light_002.jpg,2026-08-05,Resolved,I0266
C0607,Damaged street light pole,Lighting,10.198713,76.464729,images/lighting/light_008.jpg,2026-08-27,Open,I0304
C0181,Road damaged close to school,Road,10.098749,76.544445,images/road/road_032.jpg,2026-08-16,In Progress,I0091
C0302,Road damaged close to school,Road,10.113804,76.518303,images/road/road_003.jpg,2026-08-29,In Progress,I0151
C0497,Broken road near market,Road,10.086552,76.391529,images/road/road_048.jpg,2026-08-14,Resolved,I0249
C1597,Street light not working,Lighting,10.088573,76.358031,images/lighting/light_048.jpg,2026-08-22,Open,I0343
C1498,Waste pile near market,Waste,10.215717,76.496669,images/waste/waste_049.jpg,2026-08-08,In Progress,I0697
C1456,Garbage not collected,Waste,10.235863,76.487758,images/waste/waste_007.jpg,2026-08-21,In Progress,I0583
C1436,Public bin overflowing,Waste,10.18742,76.390602,images/waste/waste_037.jpg,2026-08-13,Open,I0651
C0518,Street light not working,Lighting,10.227667,76.468987,images/lighting/light_019.jpg,2026-08-22,Open,I0259
C1070,Waste pile near market,Waste,10.1879,76.429778,images/waste/waste_021.jpg,2026-08-15,In Progress,I0570
C0477,Damaged road with deep pothole,Road,10.144793,76.484064,images/road/road_028.jpg,2026-08-10,Resolved,I0239
C0158,Deep pothole reported on street,Road,10.119879,76.495144,images/road/road_009.jpg,2026-08-13,Resolved,I0079
C1244,Waste dumping reported,Waste,10.245994,76.499652,images/waste/waste_045.jpg,2026-08-04,Open,I0744
C1196,Waste dumping reported,Waste,10.120923,76.455369,images/waste/waste_047.jpg,2026-08-15,Resolved,I0696
C0017,Crack and pothole on main road,Road,10.172761,76.377672,images/road/road_018.jpg,2026-08-06,Open,I0009
C1073,Waste pile near market,Waste,10.140678,76.453431,images/waste/waste_024.jpg,2026-08-26,Open,I0573
C1722,Road damaged close to school,Road,10.249701,76.489251,images/road/road_023.jpg,2026-08-29,In Progress,I0194
C0547,Broken street light near bus stop,Lighting,10.19456,76.513828,images/lighting/light_048.jpg,2026-08-11,Open,I0274
C0659,Broken street light near bus stop,Lighting,10.072702,76.432624,images/lighting/light_010.jpg,2026-08-20,Open,I0330
C1424,No light on main street,Lighting,10.23885,76.383606,images/lighting/light_025.jpg,2026-08-15,Open,I0476
C1020,Overflowing garbage bin,Waste,10.23995,76.374713,images/waste/waste_021.jpg,2026-08-02,In Progress,I0520
C1457,Pothole causing traffic problem,Road,10.185051,76.353489,images/road/road_008.jpg,2026-08-17,Open,I0069
C0960,Street lamp is not working,Lighting,10.139236,76.479103,images/lighting/light_011.jpg,2026-08-01,Open,I0480
C1643,Overflowing garbage bin,Waste,10.094505,76.434772,images/waste/waste_044.jpg,2026-08-24,Resolved,I0536
C0284,Pothole causing traffic problem,Road,10.18649,76.473764,images/road/road_035.jpg,2026-08-17,In Progress,I0142
C0798,No light on main street,Lighting,10.068207,76.53361,images/lighting/light_049.jpg,2026-08-22,In Progress,I0399
C1425,Damaged road with deep pothole,Road,10.172067,76.547905,images/road/road_026.jpg,2026-08-17,Open,I0105
C0226,Large pothole near bus stop,Road,10.227745,76.417684,images/road/road_027.jpg,2026-08-03,Open,I0113
C0027,Pothole causing traffic problem,Road,10.052688,76.538491,images/road/road_028.jpg,2026-08-04,Resolved,I0014
C1548,Garbage collection missed,Waste,10.214658,76.406774,images/waste/waste_049.jpg,2026-08-27,In Progress,I0664
C0438,Road surface broken near junction,Road,10.121855,76.37232,images/road/road_039.jpg,2026-08-26,Resolved,I0219
C1700,Public bin overflowing,Waste,10.21554,76.436542,images/waste/waste_001.jpg,2026-08-26,In Progress,I0559
C1389,Dark street due to faulty light,Lighting,10.244666,76.50535,images/lighting/light_040.jpg,2026-08-06,Open,I0368
C0230,Broken road near market,Road,10.056654,76.443131,images/road/road_031.jpg,2026-08-09,Open,I0115
C0038,Road damaged close to school,Road,10.181939,76.41275,images/road/road_039.jpg,2026-08-09,Open,I0019
C0750,Street light flickering at night,Lighting,10.104612,76.353892,images/lighting/light_001.jpg,2026-08-22,In Progress,I0375
C1046,Garbage not collected,Waste,10.14336,76.517772,images/waste/waste_047.jpg,2026-08-21,Open,I0546
C1399,Large pothole near bus stop,Road,10.135718,76.513402,images/road/road_050.jpg,2026-08-27,In Progress,I0051
C0470,Road damaged close to school,Road,10.098064,76.364642,images/road/road_021.jpg,2026-08-02,In Progress,I0235
C1737,Garbage accumulation near bus stop,Waste,10.170304,76.506624,images/waste/waste_038.jpg,2026-08-05,Open,I0526
C1718,Street lamp is not working,Lighting,10.130752,76.465087,images/lighting/light_019.jpg,2026-08-17,Open,I0416
C0688,Street light flickering at night,Lighting,10.217631,76.467652,images/lighting/light_039.jpg,2026-08-24,Open,I0344
C1609,Dark street due to faulty light,Lighting,10.079583,76.467453,images/lighting/light_010.jpg,2026-08-22,Resolved,I0317
C0640,Damaged street light pole,Lighting,10.234424,76.50765,images/lighting/light_041.jpg,2026-08-23,In Progress,I0320
C1661,Street light not working,Lighting,10.149486,76.486752,images/lighting/light_012.jpg,2026-08-21,In Progress,I0395
C1219,Garbage accumulation near bus stop,Waste,10.066697,76.493033,images/waste/waste_020.jpg,2026-08-03,Open,I0719
C1159,Garbage collection missed,Waste,10.201491,76.37569,images/waste/waste_010.jpg,2026-08-06,Resolved,I0659
C1416,Uncollected waste on street,Waste,10.201543,76.419025,images/waste/waste_017.jpg,2026-08-23,Open,I0653
C1450,Street light flickering at night,Lighting,10.157176,76.446176,images/lighting/light_001.jpg,2026-08-25,Open,I0346
C1301,Uncollected waste on street,Waste,10.160232,76.494027,images/waste/waste_002.jpg,2026-08-29,Open,I0533
C1699,Broken street light near bus stop,Lighting,10.197222,76.464932,images/lighting/light_050.jpg,2026-08-10,In Progress,I0304
C0801,Faulty lamp reported near junction,Lighting,10.086973,76.458908,images/lighting/light_002.jpg,2026-08-07,Open,I0401
C0161,Deep pothole reported on street,Road,10.177844,76.366561,images/road/road_012.jpg,2026-08-28,Resolved,I0081
C0957,Damaged street light pole,Lighting,10.224731,76.545084,images/lighting/light_008.jpg,2026-08-26,Resolved,I0479
C1187,Garbage collection missed,Waste,10.249379,76.361597,images/waste/waste_038.jpg,2026-08-15,Resolved,I0687
C0822,Dark street due to faulty light,Lighting,10.144528,76.522616,images/lighting/light_023.jpg,2026-08-13,In Progress,I0411
C1474,Damaged street light pole,Lighting,10.132876,76.36757,images/lighting/light_025.jpg,2026-08-06,Open,I0339
C0878,Street light not working,Lighting,10.085186,76.394272,images/lighting/light_029.jpg,2026-08-21,Resolved,I0439
C0914,Damaged street light pole,Lighting,10.2148,76.418915,images/lighting/light_015.jpg,2026-08-17,Resolved,I0457
C0153,Road damaged close to school,Road,10.069127,76.529492,images/road/road_004.jpg,2026-08-03,Resolved,I0077
C1603,Damaged street light pole,Lighting,10.099431,76.38167,images/lighting/light_004.jpg,2026-08-06,Open,I0460
C0510,No light on main street,Lighting,10.139384,76.455884,images/lighting/light_011.jpg,2026-08-02,In Progress,I0255
C1136,Garbage not collected,Waste,10.138997,76.438995,images/waste/waste_037.jpg,2026-08-01,Resolved,I0636
C1251,Pothole causing traffic problem,Road,10.203343,76.358726,images/road/road_002.jpg,2026-08-20,In Progress,I0096
C1458,Deep pothole reported on street,Road,10.164139,76.498961,images/road/road_009.jpg,2026-08-15,In Progress,I0184
C0104,Broken road near market,Road,10.111622,76.38291,images/road/road_005.jpg,2026-08-19,In Progress,I0052
C0587,Street light not working,Lighting,10.176169,76.53207,images/lighting/light_038.jpg,2026-08-06,In Progress,I0294
C1546,Uncollected waste on street,Waste,10.232789,76.39229,images/waste/waste_047.jpg,2026-08-25,Resolved,I0545
C1144,Garbage collection missed,Waste,10.063818,76.477542,images/waste/waste_045.jpg,2026-08-14,Resolved,I0644
C0054,Large pothole near bus stop,Road,10.159195,76.378563,images/road/road_005.jpg,2026-08-23,Resolved,I0027
C0152,Road damaged close to school,Road,10.153728,76.40198,images/road/road_003.jpg,2026-08-24,Resolved,I0076
C0404,Damaged road with deep pothole,Road,10.132316,76.470846,images/road/road_005.jpg,2026-08-06,Resolved,I0202
C1695,Road damaged close to school,Road,10.144955,76.48335,images/road/road_046.jpg,2026-08-05,In Progress,I0239
C0208,Damaged road with deep pothole,Road,10.235711,76.364815,images/road/road_009.jpg,2026-08-22,In Progress,I0104
C1652,Garbage accumulation near bus stop,Waste,10.225813,76.479835,images/waste/waste_003.jpg,2026-08-26,In Progress,I0645
C1123,Waste pile near market,Waste,10.092113,76.472421,images/waste/waste_024.jpg,2026-08-29,In Progress,I0623
C1531,Pothole causing traffic problem,Road,10.077874,76.478777,images/road/road_032.jpg,2026-08-19,In Progress,I0237
C0009,Crack and pothole on main road,Road,10.053609,76.543595,images/road/road_010.jpg,2026-08-19,Resolved,I0005
C1015,Garbage accumulation near bus stop,Waste,10.153272,76.368137,images/waste/waste_016.jpg,2026-08-02,In Progress,I0515
C1568,Broken road near market,Road,10.235838,76.364399,images/road/road_019.jpg,2026-08-11,Open,I0104
C1061,Garbage not collected,Waste,10.083686,76.383627,images/waste/waste_012.jpg,2026-08-07,Resolved,I0561
C0453,Road surface broken near junction,Road,10.168029,76.428343,images/road/road_004.jpg,2026-08-23,Open,I0227
C0254,Large pothole near bus stop,Road,10.189488,76.431575,images/road/road_005.jpg,2026-08-29,Open,I0127
C1328,Damaged street light pole,Lighting,10.145027,76.521742,images/lighting/light_029.jpg,2026-08-24,Open,I0411
C0897,Dark street due to faulty light,Lighting,10.227092,76.541456,images/lighting/light_048.jpg,2026-08-01,Resolved,I0449
C1518,Overflowing garbage bin,Waste,10.225444,76.480077,images/waste/waste_019.jpg,2026-08-02,Open,I0645
C0881,Street light not working,Lighting,10.061777,76.543112,images/lighting/light_032.jpg,2026-08-15,Resolved,I0441
C1647,Deep pothole reported on street,Road,10.141511,76.466972,images/road/road_048.jpg,2026-08-14,Resolved,I0236
C0624,Damaged street light pole,Lighting,10.204007,76.352435,images/lighting/light_025.jpg,2026-08-02,Resolved,I0312
C0346,Deep pothole reported on street,Road,10.07896,76.502402,images/road/road_047.jpg,2026-08-12,Resolved,I0173
C1493,Large pothole near bus stop,Road,10.144857,76.547015,images/road/road_044.jpg,2026-08-13,In Progress,I0208
C0263,Damaged road with deep pothole,Road,10.196155,76.359437,images/road/road_014.jpg,2026-08-25,Open,I0132
C1322,Garbage collection missed,Waste,10.137291,76.495391,images/waste/waste_023.jpg,2026-08-09,In Progress,I0528
C1439,Damaged street light pole,Lighting,10.120408,76.547452,images/lighting/light_040.jpg,2026-08-10,Open,I0265
C0151,Large pothole near bus stop,Road,10.15366,76.402551,images/road/road_002.jpg,2026-08-10,Resolved,I0076
C0473,Deep pothole reported on street,Road,10.077234,76.477826,images/road/road_024.jpg,2026-08-16,In Progress,I0237
C0641,Dark street due to faulty light,Lighting,10.191207,76.379885,images/lighting/light_042.jpg,2026-08-22,Open,I0321
C1733,Street light not working,Lighting,10.123719,76.522229,images/lighting/light_034.jpg,2026-08-24,Resolved,I0495
C1644,Overflowing garbage bin,Waste,10.201461,76.375441,images/waste/waste_045.jpg,2026-08-12,Open,I0659
C0551,Broken street light near bus stop,Lighting,10.21733,76.391063,images/lighting/light_002.jpg,2026-08-15,In Progress,I0276
C0929,Street lamp is not working,Lighting,10.215058,76.375802,images/lighting/light_030.jpg,2026-08-12,Resolved,I0465
C0489,Large pothole near bus stop,Road,10.057655,76.509845,images/road/road_040.jpg,2026-08-11,In Progress,I0245
C1582,Pothole causing traffic problem,Road,10.122088,76.402302,images/road/road_033.jpg,2026-08-12,Open,I0200
C1172,Overflowing garbage bin,Waste,10.054735,76.380765,images/waste/waste_023.jpg,2026-08-22,Open,I0672
C0147,Broken road near market,Road,10.15827,76.489257,images/road/road_048.jpg,2026-08-19,Resolved,I0074
C1682,Garbage not collected,Waste,10.180696,76.548467,images/waste/waste_033.jpg,2026-08-05,Resolved,I0544
C0403,Deep pothole reported on street,Road,10.132323,76.470479,images/road/road_004.jpg,2026-08-03,Open,I0202
C0955,Broken street light near bus stop,Lighting,10.061817,76.365141,images/lighting/light_006.jpg,2026-08-21,Resolved,I0478
C1742,No light on main street,Lighting,10.099911,76.465614,images/lighting/light_043.jpg,2026-08-12,Open,I0334
C0660,Broken street light near bus stop,Lighting,10.072476,76.43248,images/lighting/light_011.jpg,2026-08-15,Resolved,I0330
C1373,Road damaged close to school,Road,10.24892,76.385018,images/road/road_024.jpg,2026-08-19,Open,I0086
C0464,Broken road near market,Road,10.218481,76.503954,images/road/road_015.jpg,2026-08-17,Resolved,I0232
C1350,Damaged road with deep pothole,Road,10.212447,76.550472,images/road/road_001.jpg,2026-08-13,Resolved,I0213
C0187,Crack and pothole on main road,Road,10.183833,76.522715,images/road/road_038.jpg,2026-08-22,Open,I0094
C1148,Public bin overflowing,Waste,10.12293,76.548835,images/waste/waste_049.jpg,2026-08-05,Resolved,I0648
C1225,Garbage collection missed,Waste,10.181882,76.50313,images/waste/waste_026.jpg,2026-08-12,Open,I0725
C0609,Damaged street light pole,Lighting,10.081024,76.412186,images/lighting/light_010.jpg,2026-08-23,In Progress,I0305
C0144,Crack and pothole on main road,Road,10.15364,76.517908,images/road/road_045.jpg,2026-08-26,In Progress,I0072
C0752,Street light not working,Lighting,10.156346,76.51271,images/lighting/light_003.jpg,2026-08-22,Resolved,I0376
C0982,Street lamp is not working,Lighting,10.177961,76.429291,images/lighting/light_033.jpg,2026-08-05,In Progress,I0491
C0198,Deep pothole reported on street,Road,10.235724,76.435722,images/road/road_049.jpg,2026-08-25,Open,I0099
C0884,Faulty lamp reported near junction,Lighting,10.153306,76.469477,images/lighting/light_035.jpg,2026-08-14,Resolved,I0442
C0280,Road surface broken near junction,Road,10.101724,76.353351,images/road/road_031.jpg,2026-08-02,Resolved,I0140
C0294,Damaged road with deep pothole,Road,10.127395,76.542403,images/road/road_045.jpg,2026-08-27,Open,I0147
C1592,Broken road near market,Road,10.121209,76.501694,images/road/road_043.jpg,2026-08-01,Open,I0133
C0401,Large pothole near bus stop,Road,10.18954,76.45757,images/road/road_002.jpg,2026-08-28,In Progress,I0201
C0123,Pothole causing traffic problem,Road,10.155849,76.439406,images/road/road_024.jpg,2026-08-29,In Progress,I0062
C1208,Garbage accumulation near bus stop,Waste,10.212322,76.472775,images/waste/waste_009.jpg,2026-08-15,Resolved,I0708
C0203,Damaged road with deep pothole,Road,10.103927,76.446753,images/road/road_004.jpg,2026-08-07,Open,I0102
C1463,Street light not working,Lighting,10.197825,76.465212,images/lighting/light_014.jpg,2026-08-14,In Progress,I0304
C0836,Broken street light near bus stop,Lighting,10.197709,76.453974,images/lighting/light_037.jpg,2026-08-22,Resolved,I0418
C0247,Road surface broken near junction,Road,10.058822,76.430107,images/road/road_048.jpg,2026-08-27,In Progress,I0124
C1440,Overflowing garbage bin,Waste,10.140974,76.452884,images/waste/waste_041.jpg,2026-08-05,Open,I0573
C1658,Dark street due to faulty light,Lighting,10.19817,76.464421,images/lighting/light_009.jpg,2026-08-21,Resolved,I0304
C1642,Street light not working,Lighting,10.240106,76.379916,images/lighting/light_043.jpg,2026-08-11,Open,I0489
C1154,Waste dumping reported,Waste,10.246414,76.444366,images/waste/waste_005.jpg,2026-08-09,In Progress,I0654
C1427,Waste dumping reported,Waste,10.083461,76.428397,images/waste/waste_028.jpg,2026-08-10,Open,I0553
C0385,Broken road near market,Road,10.175647,76.489088,images/road/road_036.jpg,2026-08-12,Open,I0193
C1537,Street light flickering at night,Lighting,10.213552,76.51644,images/lighting/light_038.jpg,2026-08-19,Resolved,I0467
C0855,Broken street light near bus stop,Lighting,10.143462,76.409202,images/lighting/light_006.jpg,2026-08-17,Resolved,I0428
C0220,Damaged road with deep pothole,Road,10.172301,76.366866,images/road/road_021.jpg,2026-08-09,Resolved,I0110
C0642,Damaged street light pole,Lighting,10.191272,76.380011,images/lighting/light_043.jpg,2026-08-19,In Progress,I0321
C0002,Pothole causing traffic problem,Road,10.125542,76.540361,images/road/road_003.jpg,2026-08-07,In Progress,I0001
C0113,Damaged road with deep pothole,Road,10.242648,76.39998,images/road/road_014.jpg,2026-08-21,Resolved,I0057
C0699,No light on main street,Lighting,10.155631,76.510521,images/lighting/light_050.jpg,2026-08-23,In Progress,I0350
C1669,Road surface broken near junction,Road,10.17714,76.509832,images/road/road_020.jpg,2026-08-23,Open,I0144
C0952,Faulty lamp reported near junction,Lighting,10.239015,76.382839,images/lighting/light_003.jpg,2026-08-23,Resolved,I0476
C1556,Garbage accumulation near bus stop,Waste,10.162879,76.497529,images/waste/waste_007.jpg,2026-08-21,Resolved,I0589
C1411,Garbage accumulation near bus stop,Waste,10.22263,76.534748,images/waste/waste_012.jpg,2026-08-09,In Progress,I0675
C1410,Road surface broken near junction,Road,10.098655,76.543947,images/road/road_011.jpg,2026-08-10,Open,I0091
C1292,Garbage accumulation near bus stop,Waste,10.142603,76.362045,images/waste/waste_043.jpg,2026-08-27,In Progress,I0649
C1579,Waste pile near market,Waste,10.239344,76.470625,images/waste/waste_030.jpg,2026-08-24,In Progress,I0621
C0442,Crack and pothole on main road,Road,10.154156,76.520237,images/road/road_043.jpg,2026-08-01,Open,I0221
C1521,Street light not working,Lighting,10.224146,76.544834,images/lighting/light_022.jpg,2026-08-02,Resolved,I0479
C1137,Uncollected waste on street,Waste,10.18858,76.548679,images/waste/waste_038.jpg,2026-08-16,Resolved,I0637
C1257,Broken street light near bus stop,Lighting,10.151268,76.536545,images/lighting/light_008.jpg,2026-08-18,Open,I0280
C1627,Garbage not collected,Waste,10.242164,76.497662,images/waste/waste_028.jpg,2026-08-14,Open,I0721
C1398,Road damaged close to school,Road,10.098824,76.364694,images/road/road_049.jpg,2026-08-12,Resolved,I0235
C0664,Dark street due to faulty light,Lighting,10.145717,76.533729,images/lighting/light_015.jpg,2026-08-18,In Progress,I0332
C1602,Garbage not collected,Waste,10.240732,76.469416,images/waste/waste_003.jpg,2026-08-05,Open,I0621
C1258,Dark street due to faulty light,Lighting,10.214038,76.401379,images/lighting/light_009.jpg,2026-08-29,In Progress,I0273
C1551,Crack and pothole on main road,Road,10.056652,76.443127,images/road/road_002.jpg,2026-08-03,In Progress,I0115
C0318,Pothole causing traffic problem,Road,10.235974,76.521451,images/road/road_019.jpg,2026-08-19,Open,I0159
C0649,Street light flickering at night,Lighting,10.246571,76.51821,images/lighting/light_050.jpg,2026-08-17,Resolved,I0325
C1435,Faulty lamp reported near junction,Lighting,10.182351,76.488647,images/lighting/light_036.jpg,2026-08-23,In Progress,I0403
C1480,Faulty lamp reported near junction,Lighting,10.242477,76.41768,images/lighting/light_031.jpg,2026-08-21,In Progress,I0473
C0710,No light on main street,Lighting,10.085575,76.48009,images/lighting/light_011.jpg,2026-08-26,Open,I0355
C1383,Overflowing garbage bin,Waste,10.222995,76.534486,images/waste/waste_034.jpg,2026-08-19,Resolved,I0675
C1283,Uncollected waste on street,Waste,10.134158,76.367799,images/waste/waste_034.jpg,2026-08-29,Open,I0726
C0973,Street light flickering at night,Lighting,10.094307,76.366515,images/lighting/light_024.jpg,2026-08-18,Resolved,I0487
C0628,Damaged street light pole,Lighting,10.170367,76.515948,images/lighting/light_029.jpg,2026-08-06,Resolved,I0314
C0633,Street light flickering at night,Lighting,10.081336,76.46751,images/lighting/light_034.jpg,2026-08-02,Resolved,I0317
C1307,Pothole causing traffic problem,Road,10.084045,76.405923,images/road/road_008.jpg,2026-08-09,Open,I0241
C1401,Waste dumping reported,Waste,10.183076,76.511506,images/waste/waste_002.jpg,2026-08-13,In Progress,I0591
C1409,Garbage not collected,Waste,10.209721,76.446763,images/waste/waste_010.jpg,2026-08-05,Open,I0501
C1249,Overflowing garbage bin,Waste,10.213858,76.392962,images/waste/waste_050.jpg,2026-08-03,Open,I0749
C1704,Broken street light near bus stop,Lighting,10.199871,76.355869,images/lighting/light_005.jpg,2026-08-23,Open,I0254
C1255,Faulty lamp reported near junction,Lighting,10.072296,76.519047,images/lighting/light_006.jpg,2026-08-26,Open,I0309
C1497,Broken road near market,Road,10.067137,76.547421,images/road/road_048.jpg,2026-08-24,Open,I0177
C1372,Uncollected waste on street,Waste,10.053085,76.470043,images/waste/waste_023.jpg,2026-08-23,Open,I0684
C1530,Street light flickering at night,Lighting,10.160858,76.464632,images/lighting/light_031.jpg,2026-08-01,In Progress,I0275
C1355,Overflowing garbage bin,Waste,10.237884,76.358181,images/waste/waste_006.jpg,2026-08-05,Resolved,I0747
C1679,Crack and pothole on main road,Road,10.109799,76.454304,images/road/road_030.jpg,2026-08-17,Open,I0230
C1614,Public bin overflowing,Waste,10.124327,76.402055,images/waste/waste_015.jpg,2026-08-07,Resolved,I0704
C0796,Street lamp is not working,Lighting,10.050871,76.370704,images/lighting/light_047.jpg,2026-08-25,Resolved,I0398
C0646,Street lamp is not working,Lighting,10.197005,76.536483,images/lighting/light_047.jpg,2026-08-20,In Progress,I0323
C1013,Waste pile near market,Waste,10.174053,76.490706,images/waste/waste_014.jpg,2026-08-15,Open,I0513
C0557,Damaged street light pole,Lighting,10.171916,76.407668,images/lighting/light_008.jpg,2026-08-19,Open,I0279
C0682,Broken street light near bus stop,Lighting,10.063516,76.499795,images/lighting/light_033.jpg,2026-08-14,Resolved,I0341
C0578,Broken street light near bus stop,Lighting,10.237216,76.38606,images/lighting/light_029.jpg,2026-08-01,Resolved,I0289
C1110,Uncollected waste on street,Waste,10.089455,76.382568,images/waste/waste_011.jpg,2026-08-20,In Progress,I0610
C1267,Large pothole near bus stop,Road,10.145808,76.547023,images/road/road_018.jpg,2026-08-09,Resolved,I0208
C1184,Public bin overflowing,Waste,10.053365,76.469949,images/waste/waste_035.jpg,2026-08-21,Open,I0684
C0525,Street light flickering at night,Lighting,10.075767,76.406018,images/lighting/light_026.jpg,2026-08-05,Resolved,I0263
C1060,Garbage not collected,Waste,10.167658,76.540032,images/waste/waste_011.jpg,2026-08-28,Resolved,I0560
C0541,Broken street light near bus stop,Lighting,10.246433,76.371705,images/lighting/light_042.jpg,2026-08-20,Resolved,I0271
C1195,Garbage accumulation near bus stop,Waste,10.226888,76.44049,images/waste/waste_046.jpg,2026-08-20,In Progress,I0695
C0749,Broken street light near bus stop,Lighting,10.104754,76.353419,images/lighting/light_050.jpg,2026-08-10,In Progress,I0375
C1617,Dark street due to faulty light,Lighting,10.075242,76.541702,images/lighting/light_018.jpg,2026-08-25,In Progress,I0432
C1431,Faulty lamp reported near junction,Lighting,10.233856,76.418668,images/lighting/light_032.jpg,2026-08-01,Open,I0331
C0485,Damaged road with deep pothole,Road,10.142221,76.390897,images/road/road_036.jpg,2026-08-15,Resolved,I0243
C0096,Large pothole near bus stop,Road,10.133084,76.526114,images/road/road_047.jpg,2026-08-22,Open,I0048
C1021,Public bin overflowing,Waste,10.05676,76.537109,images/waste/waste_022.jpg,2026-08-07,Open,I0521
C0564,Broken street light near bus stop,Lighting,10.140892,76.459574,images/lighting/light_015.jpg,2026-08-22,Open,I0282
C1265,Broken road near market,Road,10.075505,76.41585,images/road/road_016.jpg,2026-08-13,Resolved,I0244
C0743,Street light not working,Lighting,10.189786,76.430779,images/lighting/light_044.jpg,2026-08-14,In Progress,I0372
C0864,Damaged street light pole,Lighting,10.07481,76.541368,images/lighting/light_015.jpg,2026-08-07,Resolved,I0432
C1485,Large pothole near bus stop,Road,10.068889,76.529426,images/road/road_036.jpg,2026-08-13,Open,I0077
C0892,Street light not working,Lighting,10.199644,76.356945,images/lighting/light_043.jpg,2026-08-20,Resolved,I0446
C1578,No light on main street,Lighting,10.18261,76.537064,images/lighting/light_029.jpg,2026-08-13,Resolved,I0389
C1039,Uncollected waste on street,Waste,10.135282,76.419142,images/waste/waste_040.jpg,2026-08-21,Resolved,I0539
C0207,Damaged road with deep pothole,Road,10.236109,76.364694,images/road/road_008.jpg,2026-08-09,Resolved,I0104
C0393,Deep pothole reported on street,Road,10.141452,76.473834,images/road/road_044.jpg,2026-08-10,Open,I0197
C0795,Damaged street light pole,Lighting,10.051293,76.370588,images/lighting/light_046.jpg,2026-08-12,In Progress,I0398
C0871,Faulty lamp reported near junction,Lighting,10.199189,76.362931,images/lighting/light_022.jpg,2026-08-10,Open,I0436
C0398,Road surface broken near junction,Road,10.120564,76.466816,images/road/road_049.jpg,2026-08-07,In Progress,I0199
C0767,Street light not working,Lighting,10.12071,76.541573,images/lighting/light_018.jpg,2026-08-03,Resolved,I0384
C1607,Crack and pothole on main road,Road,10.097529,76.414211,images/road/road_008.jpg,2026-08-25,In Progress,I0087
C1242,Public bin overflowing,Waste,10.226024,76.401572,images/waste/waste_043.jpg,2026-08-07,Resolved,I0742
C1029,Garbage accumulation near bus stop,Waste,10.099079,76.381487,images/waste/waste_030.jpg,2026-08-10,In Progress,I0529
C0643,Street lamp is not working,Lighting,10.125057,76.363971,images/lighting/light_044.jpg,2026-08-12,Resolved,I0322
C1649,Public bin overflowing,Waste,10.138172,76.438682,images/waste/waste_050.jpg,2026-08-15,Resolved,I0636
C0613,Street lamp is not working,Lighting,10.163337,76.502124,images/lighting/light_014.jpg,2026-08-11,Open,I0307
C0961,Street lamp is not working,Lighting,10.201733,76.354901,images/lighting/light_012.jpg,2026-08-28,Open,I0481
C1571,Waste dumping reported,Waste,10.221605,76.51049,images/waste/waste_022.jpg,2026-08-13,Resolved,I0616
C0726,Broken street light near bus stop,Lighting,10.228479,76.513273,images/lighting/light_027.jpg,2026-08-08,Resolved,I0363
C0684,Faulty lamp reported near junction,Lighting,10.209997,76.419487,images/lighting/light_035.jpg,2026-08-07,Open,I0342
C0099,Road surface broken near junction,Road,10.230915,76.403505,images/road/road_050.jpg,2026-08-17,In Progress,I0050
C0805,Street light flickering at night,Lighting,10.182204,76.488684,images/lighting/light_006.jpg,2026-08-17,Open,I0403
C1598,Garbage not collected,Waste,10.135863,76.359008,images/waste/waste_049.jpg,2026-08-22,In Progress,I0532
C0407,Road damaged close to school,Road,10.237458,76.43362,images/road/road_008.jpg,2026-08-20,Resolved,I0204
C0503,Street lamp is not working,Lighting,10.06225,76.379809,images/lighting/light_004.jpg,2026-08-22,Open,I0252
C1072,Public bin overflowing,Waste,10.114315,76.544688,images/waste/waste_023.jpg,2026-08-05,Resolved,I0572
C1057,Waste dumping reported,Waste,10.097971,76.364944,images/waste/waste_008.jpg,2026-08-18,In Progress,I0557
C0930,Street lamp is not working,Lighting,10.214458,76.375545,images/lighting/light_031.jpg,2026-08-29,Open,I0465
C0780,Street lamp is not working,Lighting,10.146366,76.404479,images/lighting/light_031.jpg,2026-08-10,In Progress,I0390
C0201,Broken road near market,Road,10.108647,76.427005,images/road/road_002.jpg,2026-08-26,Resolved,I0101
C0135,Crack and pothole on main road,Road,10.188721,76.521369,images/road/road_036.jpg,2026-08-12,Resolved,I0068
C1052,Public bin overflowing,Waste,10.16554,76.482234,images/waste/waste_003.jpg,2026-08-13,Resolved,I0552
C0041,Damaged road with deep pothole,Road,10.243813,76.50508,images/road/road_042.jpg,2026-08-22,In Progress,I0021
C1018,Public bin overflowing,Waste,10.090289,76.488875,images/waste/waste_019.jpg,2026-08-04,In Progress,I0518
C0231,Damaged road with deep pothole,Road,10.245988,76.518035,images/road/road_032.jpg,2026-08-04,In Progress,I0116
C1514,Broken road near market,Road,10.110334,76.382229,images/road/road_015.jpg,2026-08-12,Resolved,I0052
C0379,Road damaged close to school,Road,10.11461,76.358939,images/road/road_030.jpg,2026-08-23,Resolved,I0190
C0289,Large pothole near bus stop,Road,10.127726,76.478124,images/road/road_040.jpg,2026-08-09,Open,I0145
C0419,Large pothole near bus stop,Road,10.215561,76.464059,images/road/road_020.jpg,2026-08-15,In Progress,I0210
C0392,Deep pothole reported on street,Road,10.241781,76.361537,images/road/road_043.jpg,2026-08-01,In Progress,I0196
C0593,No light on main street,Lighting,10.142377,76.410199,images/lighting/light_044.jpg,2026-08-12,Resolved,I0297
C1523,Garbage accumulation near bus stop,Waste,10.11107,76.366934,images/waste/waste_024.jpg,2026-08-05,Open,I0671
C1163,Overflowing garbage bin,Waste,10.237459,76.461143,images/waste/waste_014.jpg,2026-08-07,Resolved,I0663
C1087,Garbage not collected,Waste,10.059139,76.545901,images/waste/waste_038.jpg,2026-08-19,Resolved,I0587
C1496,Deep pothole reported on street,Road,10.18631,76.472814,images/road/road_047.jpg,2026-08-18,In Progress,I0142
C0648,Broken street light near bus stop,Lighting,10.23229,76.374478,images/lighting/light_049.jpg,2026-08-18,Resolved,I0324
C1153,Uncollected waste on street,Waste,10.201426,76.419634,images/waste/waste_004.jpg,2026-08-09,Open,I0653
C1368,Public bin overflowing,Waste,10.112582,76.451819,images/waste/waste_019.jpg,2026-08-23,Resolved,I0569
C0521,Broken street light near bus stop,Lighting,10.067802,76.457589,images/lighting/light_022.jpg,2026-08-16,Open,I0261
C0065,Damaged road with deep pothole,Road,10.222514,76.473975,images/road/road_016.jpg,2026-08-15,Resolved,I0033
C0015,Road surface broken near junction,Road,10.052293,76.354494,images/road/road_016.jpg,2026-08-19,Open,I0008
C1181,Garbage accumulation near bus stop,Waste,10.242944,76.436568,images/waste/waste_032.jpg,2026-08-22,Resolved,I0681
C1065,Waste pile near market,Waste,10.091128,76.372667,images/waste/waste_016.jpg,2026-08-27,Resolved,I0565
C0493,Damaged road with deep pothole,Road,10.234508,76.361858,images/road/road_044.jpg,2026-08-08,Resolved,I0247
C0380,Pothole causing traffic problem,Road,10.114552,76.359577,images/road/road_031.jpg,2026-08-27,Resolved,I0190
C0188,Crack and pothole on main road,Road,10.184136,76.523015,images/road/road_039.jpg,2026-08-22,In Progress,I0094
C0764,Faulty lamp reported near junction,Lighting,10.165079,76.517642,images/lighting/light_015.jpg,2026-08-18,In Progress,I0382
C0217,Large pothole near bus stop,Road,10.211882,76.512223,images/road/road_018.jpg,2026-08-02,Resolved,I0109
C0792,Faulty lamp reported near junction,Lighting,10.142038,76.36506,images/lighting/light_043.jpg,2026-08-15,In Progress,I0396
C1077,Garbage collection missed,Waste,10.244013,76.368632,images/waste/waste_028.jpg,2026-08-18,Resolved,I0577
C0879,Damaged street light pole,Lighting,10.241035,76.514958,images/lighting/light_030.jpg,2026-08-22,Resolved,I0440
C0338,Damaged road with deep pothole,Road,10.208243,76.508662,images/road/road_039.jpg,2026-08-28,Resolved,I0169
C0720,Dark street due to faulty light,Lighting,10.068069,76.476603,images/lighting/light_021.jpg,2026-08-14,Resolved,I0360
C0296,Deep pothole reported on street,Road,10.091199,76.405307,images/road/road_047.jpg,2026-08-29,In Progress,I0148
C1017,Public bin overflowing,Waste,10.12903,76.375953,images/waste/waste_018.jpg,2026-08-24,Resolved,I0517
C1276,No light on main street,Lighting,10.194579,76.521254,images/lighting/light_027.jpg,2026-08-16,Open,I0357
C1486,Road surface broken near junction,Road,10.182918,76.412651,images/road/road_037.jpg,2026-08-27,In Progress,I0019
C0456,Deep pothole reported on street,Road,10.068604,76.495098,images/road/road_007.jpg,2026-08-17,In Progress,I0228
C1747,Overflowing garbage bin,Waste,10.096626,76.392575,images/waste/waste_048.jpg,2026-08-14,Resolved,I0632
C0816,Damaged street light pole,Lighting,10.144658,76.412766,images/lighting/light_017.jpg,2026-08-17,Open,I0408
C0270,Damaged road with deep pothole,Road,10.05797,76.520655,images/road/road_021.jpg,2026-08-01,Resolved,I0135
C0996,Dark street due to faulty light,Lighting,10.140944,76.456288,images/lighting/light_047.jpg,2026-08-04,Resolved,I0498
C0202,Broken road near market,Road,10.109078,76.427038,images/road/road_003.jpg,2026-08-28,Resolved,I0101
C0162,Road surface broken near junction,Road,10.178697,76.36676,images/road/road_013.jpg,2026-08-29,In Progress,I0081
C1580,Garbage not collected,Waste,10.124418,76.455166,images/waste/waste_031.jpg,2026-08-04,Open,I0620
C0730,Damaged street light pole,Lighting,10.168618,76.403098,images/lighting/light_031.jpg,2026-08-12,In Progress,I0365
C0402,Large pothole near bus stop,Road,10.189325,76.457556,images/road/road_003.jpg,2026-08-06,Resolved,I0201
C0703,Street lamp is not working,Lighting,10.132179,76.460418,images/lighting/light_004.jpg,2026-08-26,Resolved,I0352
C1501,Street light not working,Lighting,10.080407,76.39638,images/lighting/light_002.jpg,2026-08-22,In Progress,I0311
C1130,Garbage accumulation near bus stop,Waste,10.224192,76.444574,images/waste/waste_031.jpg,2026-08-11,In Progress,I0630
C0566,Faulty lamp reported near junction,Lighting,10.248379,76.414273,images/lighting/light_017.jpg,2026-08-18,In Progress,I0283
C1414,Broken street light near bus stop,Lighting,10.095631,76.531349,images/lighting/light_015.jpg,2026-08-20,Resolved,I0466
C1022,Uncollected waste on street,Waste,10.172275,76.409873,images/waste/waste_023.jpg,2026-08-04,Open,I0522
C1026,Public bin overflowing,Waste,10.169529,76.506452,images/waste/waste_027.jpg,2026-08-26,In Progress,I0526
C1412,Uncollected waste on street,Waste,10.057745,76.411556,images/waste/waste_013.jpg,2026-08-02,Open,I0661
C1586,Large pothole near bus stop,Road,10.195071,76.406179,images/road/road_037.jpg,2026-08-17,In Progress,I0095
C1105,Overflowing garbage bin,Waste,10.21194,76.493573,images/waste/waste_006.jpg,2026-08-03,Resolved,I0605
C0206,Road surface broken near junction,Road,10.161076,76.536791,images/road/road_007.jpg,2026-08-20,Open,I0103
C0035,Damaged road with deep pothole,Road,10.085079,76.42808,images/road/road_036.jpg,2026-08-24,Open,I0018
C0776,Street light not working,Lighting,10.171979,76.539735,images/lighting/light_027.jpg,2026-08-29,Resolved,I0388
C0509,No light on main street,Lighting,10.139694,76.456914,images/lighting/light_010.jpg,2026-08-25,In Progress,I0255
C1452,Large pothole near bus stop,Road,10.24628,76.443229,images/road/road_003.jpg,2026-08-19,Open,I0012
C1479,Garbage accumulation near bus stop,Waste,10.083683,76.427178,images/waste/waste_030.jpg,2026-08-25,Resolved,I0553
C1721,Road surface broken near junction,Road,10.222734,76.524412,images/road/road_022.jpg,2026-08-10,Open,I0178
C1391,No light on main street,Lighting,10.20728,76.487695,images/lighting/light_042.jpg,2026-08-16,In Progress,I0400
C0092,Broken road near market,Road,10.174735,76.408817,images/road/road_043.jpg,2026-08-20,In Progress,I0046
C1364,Overflowing garbage bin,Waste,10.097101,76.39085,images/waste/waste_015.jpg,2026-08-25,Open,I0632
C0898,Street lamp is not working,Lighting,10.227167,76.541028,images/lighting/light_049.jpg,2026-08-17,Resolved,I0449
C0565,Broken street light near bus stop,Lighting,10.24875,76.414887,images/lighting/light_016.jpg,2026-08-09,Open,I0283
C1370,Waste pile near market,Waste,10.129723,76.376177,images/waste/waste_021.jpg,2026-08-05,Resolved,I0517
C0777,Damaged street light pole,Lighting,10.182874,76.537519,images/lighting/light_028.jpg,2026-08-10,Open,I0389
C0242,Broken road near market,Road,10.059956,76.455891,images/road/road_043.jpg,2026-08-03,Resolved,I0121
C0014,Road damaged close to school,Road,10.087221,76.411551,images/road/road_015.jpg,2026-08-04,Open,I0007
C0316,Pothole causing traffic problem,Road,10.099905,76.466258,images/road/road_017.jpg,2026-08-10,Resolved,I0158
C0601,No light on main street,Lighting,10.072938,76.538144,images/lighting/light_002.jpg,2026-08-10,In Progress,I0301
C0388,Deep pothole reported on street,Road,10.249022,76.489216,images/road/road_039.jpg,2026-08-08,Open,I0194
C1298,Damaged road with deep pothole,Road,10.244674,76.453629,images/road/road_049.jpg,2026-08-18,In Progress,I0123
C0167,Pothole causing traffic problem,Road,10.245028,76.40698,images/road/road_018.jpg,2026-08-24,Open,I0084
C0841,Faulty lamp reported near junction,Lighting,10.224542,76.455475,images/lighting/light_042.jpg,2026-08-12,In Progress,I0421
C0021,Broken road near market,Road,10.20657,76.389929,images/road/road_022.jpg,2026-08-15,In Progress,I0011
C0647,Damaged street light pole,Lighting,10.23241,76.374592,images/lighting/light_048.jpg,2026-08-07,Resolved,I0324
C1509,Public bin overflowing,Waste,10.09598,76.441386,images/waste/waste_010.jpg,2026-08-09,In Progress,I0646
C1155,Garbage collection missed,Waste,10.096781,76.429715,images/waste/waste_006.jpg,2026-08-02,Resolved,I0655
C1529,Waste pile near market,Waste,10.114367,76.545122,images/waste/waste_030.jpg,2026-08-26,Open,I0572
C0832,Street light flickering at night,Lighting,10.131318,76.464693,images/lighting/light_033.jpg,2026-08-07,Resolved,I0416
C1268,Uncollected waste on street,Waste,10.129632,76.457589,images/waste/waste_019.jpg,2026-08-14,In Progress,I0668
C1591,Street light flickering at night,Lighting,10.203992,76.486855,images/lighting/light_042.jpg,2026-08-23,Open,I0483
C0563,Broken street light near bus stop,Lighting,10.140713,76.459976,images/lighting/light_014.jpg,2026-08-12,In Progress,I0282
C1703,Garbage accumulation near bus stop,Waste,10.085192,76.488041,images/waste/waste_004.jpg,2026-08-23,Resolved,I0579
C0687,Street light not working,Lighting,10.217757,76.467149,images/lighting/light_038.jpg,2026-08-26,Open,I0344
C0958,Dark street due to faulty light,Lighting,10.224115,76.544911,images/lighting/light_009.jpg,2026-08-14,Resolved,I0479
C0190,Pothole causing traffic problem,Road,10.19441,76.405806,images/road/road_041.jpg,2026-08-25,Resolved,I0095
C0976,Dark street due to faulty light,Lighting,10.095867,76.375643,images/lighting/light_027.jpg,2026-08-26,Resolved,I0488
C0700,Street light not working,Lighting,10.155327,76.510809,images/lighting/light_001.jpg,2026-08-26,Open,I0350
C1500,Damaged street light pole,Lighting,10.061973,76.36372,images/lighting/light_001.jpg,2026-08-16,Resolved,I0478
C1706,Street light flickering at night,Lighting,10.102409,76.388643,images/lighting/light_007.jpg,2026-08-26,Resolved,I0468
C0511,Dark street due to faulty light,Lighting,10.071714,76.497147,images/lighting/light_012.jpg,2026-08-24,In Progress,I0256
C1083,Garbage not collected,Waste,10.235731,76.487629,images/waste/waste_034.jpg,2026-08-17,Resolved,I0583
C0475,Deep pothole reported on street,Road,10.189572,76.432526,images/road/road_026.jpg,2026-08-13,Resolved,I0238
C1585,No light on main street,Lighting,10.068038,76.457214,images/lighting/light_036.jpg,2026-08-10,Open,I0258
C0857,Street light not working,Lighting,10.109218,76.39644,images/lighting/light_008.jpg,2026-08-10,Open,I0429
C0748,Broken street light near bus stop,Lighting,10.07654,76.529386,images/lighting/light_049.jpg,2026-08-10,Resolved,I0374
C0253,Damaged road with deep pothole,Road,10.189275,76.431965,images/road/road_004.jpg,2026-08-07,Resolved,I0127
C0022,Pothole causing traffic problem,Road,10.207333,76.390241,images/road/road_023.jpg,2026-08-26,In Progress,I0011
C1338,Waste dumping reported,Waste,10.183473,76.548581,images/waste/waste_039.jpg,2026-08-25,Resolved,I0647
C0460,Deep pothole reported on street,Road,10.109659,76.454878,images/road/road_011.jpg,2026-08-25,Resolved,I0230
C1185,Overflowing garbage bin,Waste,10.079982,76.361933,images/waste/waste_036.jpg,2026-08-16,Open,I0685
C0277,Damaged road with deep pothole,Road,10.17345,76.477758,images/road/road_028.jpg,2026-08-06,Resolved,I0139
C0956,Street lamp is not working,Lighting,10.062077,76.364769,images/lighting/light_007.jpg,2026-08-04,Open,I0478
C1216,Garbage accumulation near bus stop,Waste,10.22751,76.439332,images/waste/waste_017.jpg,2026-08-10,Open,I0716
C0386,Road surface broken near junction,Road,10.175274,76.489069,images/road/road_037.jpg,2026-08-10,Open,I0193
C0806,Damaged street light pole,Lighting,10.181993,76.488409,images/lighting/light_007.jpg,2026-08-11,Open,I0403
C1438,Damaged street light pole,Lighting,10.199392,76.357118,images/lighting/light_039.jpg,2026-08-27,Open,I0446
C1516,Broken road near market,Road,10.158368,76.378356,images/road/road_017.jpg,2026-08-09,In Progress,I0027
C0344,Road damaged close to school,Road,10.158822,76.491306,images/road/road_045.jpg,2026-08-10,In Progress,I0172
C0770,No light on main street,Lighting,10.066721,76.470699,images/lighting/light_021.jpg,2026-08-24,Open,I0385
C1333,Street light not working,Lighting,10.197785,76.456426,images/lighting/light_034.jpg,2026-08-12,In Progress,I0278
C1686,Pothole causing traffic problem,Road,10.205187,76.460826,images/road/road_037.jpg,2026-08-08,Open,I0181
C0131,Deep pothole reported on street,Road,10.130175,76.513416,images/road/road_032.jpg,2026-08-17,Open,I0066
C1688,Road surface broken near junction,Road,10.243361,76.5056,images/road/road_039.jpg,2026-08-10,In Progress,I0021
C0872,Dark street due to faulty light,Lighting,10.198409,76.363013,images/lighting/light_023.jpg,2026-08-06,Resolved,I0436
C1124,Garbage collection missed,Waste,10.121933,76.530837,images/waste/waste_025.jpg,2026-08-06,In Progress,I0624
C1397,Garbage not collected,Waste,10.184513,76.549077,images/waste/waste_048.jpg,2026-08-26,Open,I0647
C0088,Deep pothole reported on street,Road,10.090736,76.539058,images/road/road_039.jpg,2026-08-21,Open,I0044
C1483,Broken road near market,Road,10.168218,76.427245,images/road/road_034.jpg,2026-08-13,In Progress,I0227
C0331,Deep pothole reported on street,Road,10.14639,76.448601,images/road/road_032.jpg,2026-08-14,In Progress,I0166
C1239,Garbage collection missed,Waste,10.097875,76.374434,images/waste/waste_040.jpg,2026-08-12,Open,I0739
C0467,Road surface broken near junction,Road,10.119382,76.391552,images/road/road_018.jpg,2026-08-13,In Progress,I0234
C0122,Deep pothole reported on street,Road,10.23181,76.397552,images/road/road_023.jpg,2026-08-05,Resolved,I0061
C1639,Deep pothole reported on street,Road,10.181846,76.464481,images/road/road_040.jpg,2026-08-15,Open,I0089
C1045,Garbage accumulation near bus stop,Waste,10.232152,76.392531,images/waste/waste_046.jpg,2026-08-01,Resolved,I0545
C1725,Broken street light near bus stop,Lighting,10.159873,76.366711,images/lighting/light_026.jpg,2026-08-04,Open,I0451
C1096,Garbage not collected,Waste,10.126212,76.460047,images/waste/waste_047.jpg,2026-08-02,Open,I0596
C1131,Public bin overflowing,Waste,10.06943,76.354876,images/waste/waste_032.jpg,2026-08-07,Open,I0631
C1295,Garbage collection missed,Waste,10.247588,76.374797,images/waste/waste_046.jpg,2026-08-02,In Progress,I0566
C0861,Faulty lamp reported near junction,Lighting,10.135704,76.427253,images/lighting/light_012.jpg,2026-08-27,Open,I0431
C1460,Dark street due to faulty light,Lighting,10.140623,76.454783,images/lighting/light_011.jpg,2026-08-04,Open,I0412
C1127,Waste pile near market,Waste,10.13449,76.484093,images/waste/waste_028.jpg,2026-08-20,In Progress,I0627
