event_id,issue_id,event_type,event_date,assigned_team,notes
EVT00001,ISSUE0001,Complaint Received,2026-08-04,Waste Management Team,Issue reported by citizen
EVT00002,ISSUE0001,Assigned,2026-08-04,Waste Management Team,Issue assigned to the responsible municipal team
EVT00003,ISSUE0001,Inspection,2026-08-07,Waste Management Team,Municipal staff inspected the reported location
EVT00004,ISSUE0001,Work Started,2026-08-08,Waste Management Team,Repair/cleanup work started
EVT00005,ISSUE0001,Work Completed,2026-08-09,Waste Management Team,Repair/cleanup work completed
EVT00006,ISSUE0001,Issue Closed,2026-08-10,Waste Management Team,Issue marked as resolved
EVT00007,ISSUE0002,Complaint Received,2026-08-04,Road Maintenance Team,Issue reported by citizen
EVT00008,ISSUE0002,Assigned,2026-08-06,Road Maintenance Team,Issue assigned to the responsible municipal team
EVT00009,ISSUE0002,Inspection,2026-08-07,Road Maintenance Team,Municipal staff inspected the reported location
EVT00010,ISSUE0002,Work Started,2026-08-06,Road Maintenance Team,Repair/cleanup work started
EVT00011,ISSUE0002,Work Completed,2026-08-12,Road Maintenance Team,Repair/cleanup work completed
EVT00012,ISSUE0002,Issue Closed,2026-08-12,Road Maintenance Team,Issue marked as resolved
EVT00013,ISSUE0003,Complaint Received,2026-08-01,Road Maintenance Team,Issue reported by citizen
EVT00014,ISSUE0003,Assigned,2026-08-01,Road Maintenance Team,Issue assigned to the responsible municipal team
EVT00015,ISSUE0003,Inspection,2026-08-02,Road Maintenance Team,Municipal staff inspected the reported location
EVT00016,ISSUE0003,Work Started,2026-08-04,Road Maintenance Team,Repair/cleanup work started
EVT00017,ISSUE0003,Work Completed,2026-08-09,Road Maintenance Team,Repair/cleanup work completed
EVT00018,ISSUE0003,Issue Closed,2026-08-10,Road Maintenance Team,Issue marked as resolved
EVT00019,ISSUE0004,Complaint Received,2026-08-18,Road Maintenance Team,Issue reported by citizen
EVT00020,ISSUE0004,Assigned,2026-08-18,Road Maintenance Team,Issue assigned to the responsible municipal team
EVT00021,ISSUE0004,Inspection,2026-08-21,Road Maintenance Team,Municipal staff inspected the reported location
EVT00022,ISSUE0004,Work Started,2026-08-23,Road Maintenance Team,Repair/cleanup work started
EVT00023,ISSUE0004,Work Completed,2026-08-23,Road Maintenance Team,Repair/cleanup work completed
EVT00024,ISSUE0004,Issue Closed,2026-08-26,Road Maintenance Team,Issue marked as resolved
EVT00025,ISSUE0005,Complaint Received,2026-08-09,Waste Management Team,Issue reported by citizen
EVT00026,ISSUE0005,Assigned,2026-08-09,Waste Management Team,Issue assigned to the responsible municipal team
EVT00027,ISSUE0005,Inspection,2026-08-10,Waste Management Team,Municipal staff inspected the reported location
EVT00028,ISSUE0005,Work Started,2026-08-14,Waste Management Team,Repair/cleanup work started
EVT00029,ISSUE0005,Work Completed,2026-08-15,Waste Management Team,Repair/cleanup work completed
EVT00030,ISSUE0005,Issue Closed,2026-08-16,Waste Management Team,Issue marked as resolved
EVT00031,ISSUE0006,Complaint Received,2026-08-07,Road Maintenance Team,Issue reported by citizen
EVT00032,ISSUE0006,Assigned,2026-08-08,Road Maintenance Team,Issue assigned to the responsible municipal team
EVT00033,ISSUE0006,Inspection,2026-08-08,Road Maintenance Team,Municipal staff inspected the reported location
EVT00034,ISSUE0006,Work Started,2026-08-09,Road Maintenance Team,Repair/cleanup work started
EVT00035,ISSUE0006,Work Completed,2026-08-14,Road Maintenance Team,Repair/cleanup work completed
EVT00036,ISSUE0006,Issue Closed,2026-08-12,Road Maintenance Team,Issue marked as resolved
EVT00037,ISSUE0007,Complaint Received,2026-08-12,Electrical Maintenance Team,Issue reported by citizen
EVT00038,ISSUE0007,Assigned,2026-08-14,Electrical Maintenance Team,Issue assigned to the responsible municipal team
EVT00039,ISSUE0007,Inspection,2026-08-14,Electrical Maintenance Team,Municipal staff inspected the reported location
EVT00040,ISSUE0007,Work Started,2026-08-14,Electrical Maintenance Team,Repair/cleanup work started
EVT00041,ISSUE0007,Work Completed,2026-08-19,Electrical Maintenance Team,Repair/cleanup work completed
EVT00042,ISSUE0007,Issue Closed,2026-08-21,Electrical Maintenance Team,Issue marked as resolved
EVT00043,ISSUE0008,Complaint Received,2026-08-13,Road Maintenance Team,Issue reported by citizen
EVT00044,ISSUE0008,Assigned,2026-08-13,Road Maintenance Team,Issue assigned to the responsible municipal team
EVT00045,ISSUE0008,Inspection,2026-08-16,Road Maintenance Team,Municipal staff inspected the reported location
EVT00046,ISSUE0008,Work Started,2026-08-17,Road Maintenance Team,Repair/cleanup work started
EVT00047,ISSUE0008,Work Completed,2026-08-21,Road Maintenance Team,Repair/cleanup work completed
EVT00048,ISSUE0008,Issue Closed,2026-08-20,Road Maintenance Team,Issue marked as resolved
EVT00049,ISSUE0009,Complaint Received,2026-08-07,Waste Management Team,Issue reported by citizen
EVT00050,ISSUE0009,Assigned,2026-08-09,Waste Management Team,Issue assigned to the responsible municipal team
EVT00051,ISSUE0009,Inspection,2026-08-08,Waste Management Team,Municipal staff inspected the reported location
EVT00052,ISSUE0009,Work Started,2026-08-09,Waste Management Team,Repair/cleanup work started
EVT00053,ISSUE0009,Work Completed,2026-08-12,Waste Management Team,Repair/cleanup work completed
EVT00054,ISSUE0009,Issue Closed,2026-08-14,Waste Management Team,Issue marked as resolved
EVT00055,ISSUE0010,Complaint Received,2026-08-08,Road Maintenance Team,Issue reported by citizen
EVT00056,ISSUE0010,Assigned,2026-08-08,Road Maintenance Team,Issue assigned to the responsible municipal team
EVT00057,ISSUE0010,Inspection,2026-08-10,Road Maintenance Team,Municipal staff inspected the reported location
EVT00058,ISSUE0010,Work Started,2026-08-12,Road Maintenance Team,Repair/cleanup work started
EVT00059,ISSUE0010,Work Completed,2026-08-15,Road Maintenance Team,Repair/cleanup work completed
EVT00060,ISSUE0010,Issue Closed,2026-08-18,Road Maintenance Team,Issue marked as resolved
EVT00061,ISSUE0011,Complaint Received,2026-08-06,Electrical Maintenance Team,Issue reported by citizen
EVT00062,ISSUE0011,Assigned,2026-08-07,Electrical Maintenance Team,Issue assigned to the responsible municipal team
EVT00063,ISSUE0011,Inspection,2026-08-08,Electrical Maintenance Team,Municipal staff inspected the reported location
EVT00064,ISSUE0011,Work Started,2026-08-09,Electrical Maintenance Team,Repair/cleanup work started
EVT00065,ISSUE0011,Work Completed,2026-08-12,Electrical Maintenance Team,Repair/cleanup work completed
EVT00066,ISSUE0011,Issue Closed,2026-08-16,Electrical Maintenance Team,Issue marked as resolved
EVT00067,ISSUE0012,Complaint Received,2026-08-21,Waste Management Team,Issue reported by citizen
EVT00068,ISSUE0012,Assigned,2026-08-21,Waste Management Team,Issue assigned to the responsible municipal team
EVT00069,ISSUE0012,Inspection,2026-08-24,Waste Management Team,Municipal staff inspected the reported location
EVT00070,ISSUE0012,Work Started,2026-08-24,Waste Management Team,Repair/cleanup work started
EVT00071,ISSUE0012,Work Completed,2026-08-29,Waste Management Team,Repair/cleanup work completed
EVT00072,ISSUE0012,Issue Closed,2026-08-31,Waste Management Team,Issue marked as resolved
EVT00073,ISSUE0013,Complaint Received,2026-08-06,Road Maintenance Team,Issue reported by citizen
EVT00074,ISSUE0013,Assigned,2026-08-07,Road Maintenance Team,Issue assigned to the responsible municipal team
EVT00075,ISSUE0013,Inspection,2026-08-08,Road Maintenance Team,Municipal staff inspected the reported location
EVT00076,ISSUE0013,Work Started,2026-08-10,Road Maintenance Team,Repair/cleanup work started
EVT00077,ISSUE0013,Work Completed,2026-08-14,Road Maintenance Team,Repair/cleanup work completed
EVT00078,ISSUE0013,Issue Closed,2026-08-12,Road Maintenance Team,Issue marked as resolved
EVT00079,ISSUE0014,Complaint Received,2026-08-11,Waste Management Team,Issue reported by citizen
EVT00080,ISSUE0014,Assigned,2026-08-11,Waste Management Team,Issue assigned to the responsible municipal team
EVT00081,ISSUE0014,Inspection,2026-08-12,Waste Management Team,Municipal staff inspected the reported location
EVT00082,ISSUE0014,Work Started,2026-08-13,Waste Management Team,Repair/cleanup work started
EVT00083,ISSUE0014,Work Completed,2026-08-17,Waste Management Team,Repair/cleanup work completed
EVT00084,ISSUE0014,Issue Closed,2026-08-19,Waste Management Team,Issue marked as resolved
EVT00085,ISSUE0015,Complaint Received,2026-08-03,Electrical Maintenance Team,Issue reported by citizen
EVT00086,ISSUE0015,Assigned,2026-08-03,Electrical Maintenance Team,Issue assigned to the responsible municipal team
EVT00087,ISSUE0015,Inspection,2026-08-06,Electrical Maintenance Team,Municipal staff inspected the reported location
EVT00088,ISSUE0015,Work Started,2026-08-07,Electrical Maintenance Team,Repair/cleanup work started
EVT00089,ISSUE0015,Work Completed,2026-08-08,Electrical Maintenance Team,Repair/cleanup work completed
EVT00090,ISSUE0015,Issue Closed,2026-08-13,Electrical Maintenance Team,Issue marked as resolved
EVT00091,ISSUE0016,Complaint Received,2026-08-13,Electrical Maintenance Team,Issue reported by citizen
EVT00092,ISSUE0016,Assigned,2026-08-15,Electrical Maintenance Team,Issue assigned to the responsible municipal team
EVT00093,ISSUE0016,Inspection,2026-08-15,Electrical Maintenance Team,Municipal staff inspected the reported location
EVT00094,ISSUE0016,Work Started,2026-08-16,Electrical Maintenance Team,Repair/cleanup work started
EVT00095,ISSUE0016,Work Completed,2026-08-19,Electrical Maintenance Team,Repair/cleanup work completed
EVT00096,ISSUE0016,Issue Closed,2026-08-19,Electrical Maintenance Team,Issue marked as resolved
EVT00097,ISSUE0017,Complaint Received,2026-08-18,Road Maintenance Team,Issue reported by citizen
EVT00098,ISSUE0017,Assigned,2026-08-20,Road Maintenance Team,Issue assigned to the responsible municipal team
EVT00099,ISSUE0017,Inspection,2026-08-20,Road Maintenance Team,Municipal staff inspected the reported location
EVT00100,ISSUE0017,Work Started,2026-08-23,Road Maintenance Team,Repair/cleanup work started
EVT00101,ISSUE0017,Work Completed,2026-08-26,Road Maintenance Team,Repair/cleanup work completed
EVT00102,ISSUE0017,Issue Closed,2026-08-26,Road Maintenance Team,Issue marked as resolved
EVT00103,ISSUE0018,Complaint Received,2026-08-08,Electrical Maintenance Team,Issue reported by citizen
EVT00104,ISSUE0018,Assigned,2026-08-08,Electrical Maintenance Team,Issue assigned to the responsible municipal team
EVT00105,ISSUE0018,Inspection,2026-08-11,Electrical Maintenance Team,Municipal staff inspected the reported location
EVT00106,ISSUE0018,Work Started,2026-08-13,Electrical Maintenance Team,Repair/cleanup work started
EVT00107,ISSUE0018,Work Completed,2026-08-12,Electrical Maintenance Team,Repair/cleanup work completed
EVT00108,ISSUE0018,Issue Closed,2026-08-13,Electrical Maintenance Team,Issue marked as resolved
EVT00109,ISSUE0019,Complaint Received,2026-08-05,Road Maintenance Team,Issue reported by citizen
EVT00110,ISSUE0019,Assigned,2026-08-07,Road Maintenance Team,Issue assigned to the responsible municipal team
EVT00111,ISSUE0019,Inspection,2026-08-06,Road Maintenance Team,Municipal staff inspected the reported location
EVT00112,ISSUE0019,Work Started,2026-08-10,Road Maintenance Team,Repair/cleanup work started
EVT00113,ISSUE0019,Work Completed,2026-08-13,Road Maintenance Team,Repair/cleanup work completed
EVT00114,ISSUE0019,Issue Closed,2026-08-10,Road Maintenance Team,Issue marked as resolved
EVT00115,ISSUE0020,Complaint Received,2026-08-13,Electrical Maintenance Team,Issue reported by citizen
EVT00116,ISSUE0020,Assigned,2026-08-15,Electrical Maintenance Team,Issue assigned to the responsible municipal team
EVT00117,ISSUE0020,Inspection,2026-08-15,Electrical Maintenance Team,Municipal staff inspected the reported location
EVT00118,ISSUE0020,Work Started,2026-08-17,Electrical Maintenance Team,Repair/cleanup work started
EVT00119,ISSUE0020,Work Completed,2026-08-21,Electrical Maintenance Team,Repair/cleanup work completed
EVT00120,ISSUE0020,Issue Closed,2026-08-18,Electrical Maintenance Team,Issue marked as resolved
EVT00121,ISSUE0021,Complaint Received,2026-08-04,Waste Management Team,Issue reported by citizen
EVT00122,ISSUE0021,Assigned,2026-08-06,Waste Management Team,Issue assigned to the responsible municipal team
EVT00123,ISSUE0021,Inspection,2026-08-07,Waste Management Team,Municipal staff inspected the reported location
EVT00124,ISSUE0021,Work Started,2026-08-08,Waste Management Team,Repair/cleanup work started
EVT00125,ISSUE0021,Work Completed,2026-08-10,Waste Management Team,Repair/cleanup work completed
EVT00126,ISSUE0021,Issue Closed,2026-08-09,Waste Management Team,Issue marked as resolved
EVT00127,ISSUE0022,Complaint Received,2026-08-14,Electrical Maintenance Team,Issue reported by citizen
EVT00128,ISSUE0022,Assigned,2026-08-14,Electrical Maintenance Team,Issue assigned to the responsible municipal team
EVT00129,ISSUE0022,Inspection,2026-08-16,Electrical Maintenance Team,Municipal staff inspected the reported location
EVT00130,ISSUE0022,Work Started,2026-08-16,Electrical Maintenance Team,Repair/cleanup work started
EVT00131,ISSUE0022,Work Completed,2026-08-20,Electrical Maintenance Team,Repair/cleanup work completed
EVT00132,ISSUE0022,Issue Closed,2026-08-23,Electrical Maintenance Team,Issue marked as resolved
EVT00133,ISSUE0023,Complaint Received,2026-08-17,Road Maintenance Team,Issue reported by citizen
EVT00134,ISSUE0023,Assigned,2026-08-17,Road Maintenance Team,Issue assigned to the responsible municipal team
EVT00135,ISSUE0023,Inspection,2026-08-20,Road Maintenance Team,Municipal staff inspected the reported location
EVT00136,ISSUE0023,Work Started,2026-08-21,Road Maintenance Team,Repair/cleanup work started
EVT00137,ISSUE0023,Work Completed,2026-08-25,Road Maintenance Team,Repair/cleanup work completed
EVT00138,ISSUE0023,Issue Closed,2026-08-26,Road Maintenance Team,Issue marked as resolved
EVT00139,ISSUE0024,Complaint Received,2026-08-05,Road Maintenance Team,Issue reported by citizen
EVT00140,ISSUE0024,Assigned,2026-08-06,Road Maintenance Team,Issue assigned to the responsible municipal team
EVT00141,ISSUE0024,Inspection,2026-08-06,Road Maintenance Team,Municipal staff inspected the reported location
EVT00142,ISSUE0024,Work Started,2026-08-07,Road Maintenance Team,Repair/cleanup work started
EVT00143,ISSUE0024,Work Completed,2026-08-13,Road Maintenance Team,Repair/cleanup work completed
EVT00144,ISSUE0024,Issue Closed,2026-08-12,Road Maintenance Team,Issue marked as resolved
EVT00145,ISSUE0025,Complaint Received,2026-08-01,Electrical Maintenance Team,Issue reported by citizen
EVT00146,ISSUE0025,Assigned,2026-08-01,Electrical Maintenance Team,Issue assigned to the responsible municipal team
EVT00147,ISSUE0025,Inspection,2026-08-03,Electrical Maintenance Team,Municipal staff inspected the reported location
EVT00148,ISSUE0025,Work Started,2026-08-05,Electrical Maintenance Team,Repair/cleanup work started
EVT00149,ISSUE0025,Work Completed,2026-08-06,Electrical Maintenance Team,Repair/cleanup work completed
EVT00150,ISSUE0025,Issue Closed,2026-08-06,Electrical Maintenance Team,Issue marked as resolved
EVT00151,ISSUE0026,Complaint Received,2026-08-19,Road Maintenance Team,Issue reported by citizen
EVT00152,ISSUE0026,Assigned,2026-08-19,Road Maintenance Team,Issue assigned to the responsible municipal team
EVT00153,ISSUE0026,Inspection,2026-08-20,Road Maintenance Team,Municipal staff inspected the reported location
EVT00154,ISSUE0026,Work Started,2026-08-24,Road Maintenance Team,Repair/cleanup work started
EVT00155,ISSUE0026,Work Completed,2026-08-23,Road Maintenance Team,Repair/cleanup work completed
EVT00156,ISSUE0026,Issue Closed,2026-08-28,Road Maintenance Team,Issue marked as resolved
EVT00157,ISSUE0027,Complaint Received,2026-08-05,Road Maintenance Team,Issue reported by citizen
EVT00158,ISSUE0027,Assigned,2026-08-07,Road Maintenance Team,Issue assigned to the responsible municipal team
EVT00159,ISSUE0027,Inspection,2026-08-07,Road Maintenance Team,Municipal staff inspected the reported location
EVT00160,ISSUE0027,Work Started,2026-08-08,Road Maintenance Team,Repair/cleanup work started
EVT00161,ISSUE0027,Work Completed,2026-08-11,Road Maintenance Team,Repair/cleanup work completed
EVT00162,ISSUE0027,Issue Closed,2026-08-14,Road Maintenance Team,Issue marked as resolved
EVT00163,ISSUE0028,Complaint Received,2026-08-14,Waste Management Team,Issue reported by citizen
EVT00164,ISSUE0028,Assigned,2026-08-14,Waste Management Team,Issue assigned to the responsible municipal team
EVT00165,ISSUE0028,Inspection,2026-08-17,Waste Management Team,Municipal staff inspected the reported location
EVT00166,ISSUE0028,Work Started,2026-08-17,Waste Management Team,Repair/cleanup work started
EVT00167,ISSUE0028,Work Completed,2026-08-20,Waste Management Team,Repair/cleanup work completed
EVT00168,ISSUE0028,Issue Closed,2026-08-22,Waste Management Team,Issue marked as resolved
EVT00169,ISSUE0029,Complaint Received,2026-08-21,Waste Management Team,Issue reported by citizen
EVT00170,ISSUE0029,Assigned,2026-08-22,Waste Management Team,Issue assigned to the responsible municipal team
EVT00171,ISSUE0029,Inspection,2026-08-23,Waste Management Team,Municipal staff inspected the reported location
EVT00172,ISSUE0029,Work Started,2026-08-26,Waste Management Team,Repair/cleanup work started
EVT00173,ISSUE0029,Work Completed,2026-08-25,Waste Management Team,Repair/cleanup work completed
EVT00174,ISSUE0029,Issue Closed,2026-08-27,Waste Management Team,Issue marked as resolved
EVT00175,ISSUE0030,Complaint Received,2026-08-03,Road Maintenance Team,Issue reported by citizen
EVT00176,ISSUE0030,Assigned,2026-08-04,Road Maintenance Team,Issue assigned to the responsible municipal team
EVT00177,ISSUE0030,Inspection,2026-08-04,Road Maintenance Team,Municipal staff inspected the reported location
EVT00178,ISSUE0030,Work Started,2026-08-06,Road Maintenance Team,Repair/cleanup work started
EVT00179,ISSUE0030,Work Completed,2026-08-11,Road Maintenance Team,Repair/cleanup work completed
EVT00180,ISSUE0030,Issue Closed,2026-08-09,Road Maintenance Team,Issue marked as resolved
EVT00181,ISSUE0031,Complaint Received,2026-08-03,Road Maintenance Team,Issue reported by citizen
EVT00182,ISSUE0031,Assigned,2026-08-05,Road Maintenance Team,Issue assigned to the responsible municipal team
EVT00183,ISSUE0031,Inspection,2026-08-06,Road Maintenance Team,Municipal staff inspected the reported location
EVT00184,ISSUE0031,Work Started,2026-08-05,Road Maintenance Team,Repair/cleanup work started
EVT00185,ISSUE0031,Work Completed,2026-08-08,Road Maintenance Team,Repair/cleanup work completed
EVT00186,ISSUE0031,Issue Closed,2026-08-08,Road Maintenance Team,Issue marked as resolved
EVT00187,ISSUE0032,Complaint Received,2026-08-11,Road Maintenance Team,Issue reported by citizen
EVT00188,ISSUE0032,Assigned,2026-08-11,Road Maintenance Team,Issue assigned to the responsible municipal team
EVT00189,ISSUE0032,Inspection,2026-08-14,Road Maintenance Team,Municipal staff inspected the reported location
EVT00190,ISSUE0032,Work Started,2026-08-14,Road Maintenance Team,Repair/cleanup work started
EVT00191,ISSUE0032,Work Completed,2026-08-17,Road Maintenance Team,Repair/cleanup work completed
EVT00192,ISSUE0032,Issue Closed,2026-08-21,Road Maintenance Team,Issue marked as resolved
EVT00193,ISSUE0033,Complaint Received,2026-08-07,Electrical Maintenance Team,Issue reported by citizen
EVT00194,ISSUE0033,Assigned,2026-08-09,Electrical Maintenance Team,Issue assigned to the responsible municipal team
EVT00195,ISSUE0033,Inspection,2026-08-08,Electrical Maintenance Team,Municipal staff inspected the reported location
EVT00196,ISSUE0033,Work Started,2026-08-12,Electrical Maintenance Team,Repair/cleanup work started
EVT00197,ISSUE0033,Work Completed,2026-08-12,Electrical Maintenance Team,Repair/cleanup work completed
EVT00198,ISSUE0033,Issue Closed,2026-08-15,Electrical Maintenance Team,Issue marked as resolved
EVT00199,ISSUE0034,Complaint Received,2026-08-07,Electrical Maintenance Team,Issue reported by citizen
EVT00200,ISSUE0034,Assigned,2026-08-07,Electrical Maintenance Team,Issue assigned to the responsible municipal team
EVT00201,ISSUE0034,Inspection,2026-08-08,Electrical Maintenance Team,Municipal staff inspected the reported location
EVT00202,ISSUE0034,Work Started,2026-08-12,Electrical Maintenance Team,Repair/cleanup work started
EVT00203,ISSUE0034,Work Completed,2026-08-13,Electrical Maintenance Team,Repair/cleanup work completed
EVT00204,ISSUE0034,Issue Closed,2026-08-15,Electrical Maintenance Team,Issue marked as resolved
EVT00205,ISSUE0035,Complaint Received,2026-08-15,Electrical Maintenance Team,Issue reported by citizen
EVT00206,ISSUE0035,Assigned,2026-08-17,Electrical Maintenance Team,Issue assigned to the responsible municipal team
EVT00207,ISSUE0035,Inspection,2026-08-16,Electrical Maintenance Team,Municipal staff inspected the reported location
EVT00208,ISSUE0035,Work Started,2026-08-17,Electrical Maintenance Team,Repair/cleanup work started
EVT00209,ISSUE0035,Work Completed,2026-08-19,Electrical Maintenance Team,Repair/cleanup work completed
EVT00210,ISSUE0035,Issue Closed,2026-08-23,Electrical Maintenance Team,Issue marked as resolved
EVT00211,ISSUE0036,Complaint Received,2026-08-11,Waste Management Team,Issue reported by citizen
EVT00212,ISSUE0036,Assigned,2026-08-11,Waste Management Team,Issue assigned to the responsible municipal team
EVT00213,ISSUE0036,Inspection,2026-08-12,Waste Management Team,Municipal staff inspected the reported location
EVT00214,ISSUE0036,Work Started,2026-08-14,Waste Management Team,Repair/cleanup work started
EVT00215,ISSUE0036,Work Completed,2026-08-16,Waste Management Team,Repair/cleanup work completed
EVT00216,ISSUE0036,Issue Closed,2026-08-20,Waste Management Team,Issue marked as resolved
EVT00217,ISSUE0037,Complaint Received,2026-08-05,Electrical Maintenance Team,Issue reported by citizen
EVT00218,ISSUE0037,Assigned,2026-08-06,Electrical Maintenance Team,Issue assigned to the responsible municipal team
EVT00219,ISSUE0037,Inspection,2026-08-06,Electrical Maintenance Team,Municipal staff inspected the reported location
EVT00220,ISSUE0037,Work Started,2026-08-09,Electrical Maintenance Team,Repair/cleanup work started
EVT00221,ISSUE0037,Work Completed,2026-08-12,Electrical Maintenance Team,Repair/cleanup work completed
EVT00222,ISSUE0037,Issue Closed,2026-08-11,Electrical Maintenance Team,Issue marked as resolved
EVT00223,ISSUE0038,Complaint Received,2026-08-15,Road Maintenance Team,Issue reported by citizen
EVT00224,ISSUE0038,Assigned,2026-08-17,Road Maintenance Team,Issue assigned to the responsible municipal team
EVT00225,ISSUE0038,Inspection,2026-08-16,Road Maintenance Team,Municipal staff inspected the reported location
EVT00226,ISSUE0038,Work Started,2026-08-17,Road Maintenance Team,Repair/cleanup work started
EVT00227,ISSUE0038,Work Completed,2026-08-23,Road Maintenance Team,Repair/cleanup work completed
EVT00228,ISSUE0038,Issue Closed,2026-08-20,Road Maintenance Team,Issue marked as resolved
EVT00229,ISSUE0039,Complaint Received,2026-08-08,Road Maintenance Team,Issue reported by citizen
EVT00230,ISSUE0039,Assigned,2026-08-08,Road Maintenance Team,Issue assigned to the responsible municipal team
EVT00231,ISSUE0039,Inspection,2026-08-10,Road Maintenance Team,Municipal staff inspected the reported location
EVT00232,ISSUE0039,Work Started,2026-08-13,Road Maintenance Team,Repair/cleanup work started
EVT00233,ISSUE0039,Work Completed,2026-08-15,Road Maintenance Team,Repair/cleanup work completed
EVT00234,ISSUE0039,Issue Closed,2026-08-14,Road Maintenance Team,Issue marked as resolved
EVT00235,ISSUE0040,Complaint Received,2026-08-02,Electrical Maintenance Team,Issue reported by citizen
EVT00236,ISSUE0040,Assigned,2026-08-02,Electrical Maintenance Team,Issue assigned to the responsible municipal team
EVT00237,ISSUE0040,Inspection,2026-08-04,Electrical Maintenance Team,Municipal staff inspected the reported location
EVT00238,ISSUE0040,Work Started,2026-08-04,Electrical Maintenance Team,Repair/cleanup work started
EVT00239,ISSUE0040,Work Completed,2026-08-09,Electrical Maintenance Team,Repair/cleanup work completed
EVT00240,ISSUE0040,Issue Closed,2026-08-09,Electrical Maintenance Team,Issue marked as resolved
EVT00241,ISSUE0041,Complaint Received,2026-08-10,Electrical Maintenance Team,Issue reported by citizen
EVT00242,ISSUE0041,Assigned,2026-08-11,Electrical Maintenance Team,Issue assigned to the responsible municipal team
EVT00243,ISSUE0041,Inspection,2026-08-13,Electrical Maintenance Team,Municipal staff inspected the reported location
EVT00244,ISSUE0041,Work Started,2026-08-15,Electrical Maintenance Team,Repair/cleanup work started
EVT00245,ISSUE0041,Work Completed,2026-08-15,Electrical Maintenance Team,Repair/cleanup work completed
EVT00246,ISSUE0041,Issue Closed,2026-08-16,Electrical Maintenance Team,Issue marked as resolved
EVT00247,ISSUE0042,Complaint Received,2026-08-07,Electrical Maintenance Team,Issue reported by citizen
EVT00248,ISSUE0042,Assigned,2026-08-07,Electrical Maintenance Team,Issue assigned to the responsible municipal team
EVT00249,ISSUE0042,Inspection,2026-08-10,Electrical Maintenance Team,Municipal staff inspected the reported location
EVT00250,ISSUE0042,Work Started,2026-08-09,Electrical Maintenance Team,Repair/cleanup work started
EVT00251,ISSUE0042,Work Completed,2026-08-13,Electrical Maintenance Team,Repair/cleanup work completed
EVT00252,ISSUE0042,Issue Closed,2026-08-12,Electrical Maintenance Team,Issue marked as resolved
EVT00253,ISSUE0043,Complaint Received,2026-08-19,Road Maintenance Team,Issue reported by citizen
EVT00254,ISSUE0043,Assigned,2026-08-20,Road Maintenance Team,Issue assigned to the responsible municipal team
EVT00255,ISSUE0043,Inspection,2026-08-22,Road Maintenance Team,Municipal staff inspected the reported location
EVT00256,ISSUE0043,Work Started,2026-08-22,Road Maintenance Team,Repair/cleanup work started
EVT00257,ISSUE0043,Work Completed,2026-08-23,Road Maintenance Team,Repair/cleanup work completed
EVT00258,ISSUE0043,Issue Closed,2026-08-28,Road Maintenance Team,Issue marked as resolved
EVT00259,ISSUE0044,Complaint Received,2026-08-06,Road Maintenance Team,Issue reported by citizen
EVT00260,ISSUE0044,Assigned,2026-08-06,Road Maintenance Team,Issue assigned to the responsible municipal team
EVT00261,ISSUE0044,Inspection,2026-08-09,Road Maintenance Team,Municipal staff inspected the reported location
EVT00262,ISSUE0044,Work Started,2026-08-08,Road Maintenance Team,Repair/cleanup work started
EVT00263,ISSUE0044,Work Completed,2026-08-11,Road Maintenance Team,Repair/cleanup work completed
EVT00264,ISSUE0044,Issue Closed,2026-08-14,Road Maintenance Team,Issue marked as resolved
EVT00265,ISSUE0045,Complaint Received,2026-08-19,Road Maintenance Team,Issue reported by citizen
EVT00266,ISSUE0045,Assigned,2026-08-19,Road Maintenance Team,Issue assigned to the responsible municipal team
EVT00267,ISSUE0045,Inspection,2026-08-22,Road Maintenance Team,Municipal staff inspected the reported location
EVT00268,ISSUE0045,Work Started,2026-08-21,Road Maintenance Team,Repair/cleanup work started
EVT00269,ISSUE0045,Work Completed,2026-08-27,Road Maintenance Team,Repair/cleanup work completed
EVT00270,ISSUE0045,Issue Closed,2026-08-24,Road Maintenance Team,Issue marked as resolved
EVT00271,ISSUE0046,Complaint Received,2026-08-19,Electrical Maintenance Team,Issue reported by citizen
EVT00272,ISSUE0046,Assigned,2026-08-21,Electrical Maintenance Team,Issue assigned to the responsible municipal team
EVT00273,ISSUE0046,Inspection,2026-08-22,Electrical Maintenance Team,Municipal staff inspected the reported location
EVT00274,ISSUE0046,Work Started,2026-08-23,Electrical Maintenance Team,Repair/cleanup work started
EVT00275,ISSUE0046,Work Completed,2026-08-25,Electrical Maintenance Team,Repair/cleanup work completed
EVT00276,ISSUE0046,Issue Closed,2026-08-25,Electrical Maintenance Team,Issue marked as resolved
EVT00277,ISSUE0047,Complaint Received,2026-08-11,Waste Management Team,Issue reported by citizen
EVT00278,ISSUE0047,Assigned,2026-08-11,Waste Management Team,Issue assigned to the responsible municipal team
EVT00279,ISSUE0047,Inspection,2026-08-13,Waste Management Team,Municipal staff inspected the reported location
EVT00280,ISSUE0047,Work Started,2026-08-16,Waste Management Team,Repair/cleanup work started
EVT00281,ISSUE0047,Work Completed,2026-08-16,Waste Management Team,Repair/cleanup work completed
EVT00282,ISSUE0047,Issue Closed,2026-08-21,Waste Management Team,Issue marked as resolved
EVT00283,ISSUE0048,Complaint Received,2026-08-10,Waste Management Team,Issue reported by citizen
EVT00284,ISSUE0048,Assigned,2026-08-11,Waste Management Team,Issue assigned to the responsible municipal team
EVT00285,ISSUE0048,Inspection,2026-08-12,Waste Management Team,Municipal staff inspected the reported location
EVT00286,ISSUE0048,Work Started,2026-08-12,Waste Management Team,Repair/cleanup work started
EVT00287,ISSUE0048,Work Completed,2026-08-14,Waste Management Team,Repair/cleanup work completed
EVT00288,ISSUE0048,Issue Closed,2026-08-18,Waste Management Team,Issue marked as resolved
EVT00289,ISSUE0049,Complaint Received,2026-08-19,Waste Management Team,Issue reported by citizen
EVT00290,ISSUE0049,Assigned,2026-08-19,Waste Management Team,Issue assigned to the responsible municipal team
EVT00291,ISSUE0049,Inspection,2026-08-20,Waste Management Team,Municipal staff inspected the reported location
EVT00292,ISSUE0049,Work Started,2026-08-22,Waste Management Team,Repair/cleanup work started
EVT00293,ISSUE0049,Work Completed,2026-08-27,Waste Management Team,Repair/cleanup work completed
EVT00294,ISSUE0049,Issue Closed,2026-08-26,Waste Management Team,Issue marked as resolved
EVT00295,ISSUE0050,Complaint Received,2026-08-12,Road Maintenance Team,Issue reported by citizen
EVT00296,ISSUE0050,Assigned,2026-08-12,Road Maintenance Team,Issue assigned to the responsible municipal team
EVT00297,ISSUE0050,Inspection,2026-08-13,Road Maintenance Team,Municipal staff inspected the reported location
EVT00298,ISSUE0050,Work Started,2026-08-16,Road Maintenance Team,Repair/cleanup work started
EVT00299,ISSUE0050,Work Completed,2026-08-18,Road Maintenance Team,Repair/cleanup work completed
EVT00300,ISSUE0050,Issue Closed,2026-08-18,Road Maintenance Team,Issue marked as resolved
EVT00301,ISSUE0051,Complaint Received,2026-08-18,Electrical Maintenance Team,Issue reported by citizen
EVT00302,ISSUE0051,Assigned,2026-08-20,Electrical Maintenance Team,Issue assigned to the responsible municipal team
EVT00303,ISSUE0051,Inspection,2026-08-20,Electrical Maintenance Team,Municipal staff inspected the reported location
EVT00304,ISSUE0051,Work Started,2026-08-20,Electrical Maintenance Team,Repair/cleanup work started
EVT00305,ISSUE0051,Work Completed,2026-08-26,Electrical Maintenance Team,Repair/cleanup work completed
EVT00306,ISSUE0051,Issue Closed,2026-08-25,Electrical Maintenance Team,Issue marked as resolved
EVT00307,ISSUE0052,Complaint Received,2026-08-04,Waste Management Team,Issue reported by citizen
EVT00308,ISSUE0052,Assigned,2026-08-04,Waste Management Team,Issue assigned to the responsible municipal team
EVT00309,ISSUE0052,Inspection,2026-08-06,Waste Management Team,Municipal staff inspected the reported location
EVT00310,ISSUE0052,Work Started,2026-08-06,Waste Management Team,Repair/cleanup work started
EVT00311,ISSUE0052,Work Completed,2026-08-08,Waste Management Team,Repair/cleanup work completed
EVT00312,ISSUE0052,Issue Closed,2026-08-14,Waste Management Team,Issue marked as resolved
EVT00313,ISSUE0053,Complaint Received,2026-08-05,Waste Management Team,Issue reported by citizen
EVT00314,ISSUE0053,Assigned,2026-08-06,Waste Management Team,Issue assigned to the responsible municipal team
EVT00315,ISSUE0053,Inspection,2026-08-07,Waste Management Team,Municipal staff inspected the reported location
EVT00316,ISSUE0053,Work Started,2026-08-08,Waste Management Team,Repair/cleanup work started
EVT00317,ISSUE0053,Work Completed,2026-08-11,Waste Management Team,Repair/cleanup work completed
EVT00318,ISSUE0053,Issue Closed,2026-08-11,Waste Management Team,Issue marked as resolved
EVT00319,ISSUE0054,Complaint Received,2026-08-21,Waste Management Team,Issue reported by citizen
EVT00320,ISSUE0054,Assigned,2026-08-22,Waste Management Team,Issue assigned to the responsible municipal team
EVT00321,ISSUE0054,Inspection,2026-08-24,Waste Management Team,Municipal staff inspected the reported location
EVT00322,ISSUE0054,Work Started,2026-08-26,Waste Management Team,Repair/cleanup work started
EVT00323,ISSUE0054,Work Completed,2026-08-27,Waste Management Team,Repair/cleanup work completed
EVT00324,ISSUE0054,Issue Closed,2026-08-26,Waste Management Team,Issue marked as resolved
EVT00325,ISSUE0055,Complaint Received,2026-08-21,Road Maintenance Team,Issue reported by citizen
EVT00326,ISSUE0055,Assigned,2026-08-22,Road Maintenance Team,Issue assigned to the responsible municipal team
EVT00327,ISSUE0055,Inspection,2026-08-23,Road Maintenance Team,Municipal staff inspected the reported location
EVT00328,ISSUE0055,Work Started,2026-08-23,Road Maintenance Team,Repair/cleanup work started
EVT00329,ISSUE0055,Work Completed,2026-08-25,Road Maintenance Team,Repair/cleanup work completed
EVT00330,ISSUE0055,Issue Closed,2026-08-28,Road Maintenance Team,Issue marked as resolved
EVT00331,ISSUE0056,Complaint Received,2026-08-21,Road Maintenance Team,Issue reported by citizen
EVT00332,ISSUE0056,Assigned,2026-08-22,Road Maintenance Team,Issue assigned to the responsible municipal team
EVT00333,ISSUE0056,Inspection,2026-08-22,Road Maintenance Team,Municipal staff inspected the reported location
EVT00334,ISSUE0056,Work Started,2026-08-26,Road Maintenance Team,Repair/cleanup work started
EVT00335,ISSUE0056,Work Completed,2026-08-29,Road Maintenance Team,Repair/cleanup work completed
EVT00336,ISSUE0056,Issue Closed,2026-08-31,Road Maintenance Team,Issue marked as resolved
EVT00337,ISSUE0057,Complaint Received,2026-08-18,Electrical Maintenance Team,Issue reported by citizen
EVT00338,ISSUE0057,Assigned,2026-08-18,Electrical Maintenance Team,Issue assigned to the responsible municipal team
EVT00339,ISSUE0057,Inspection,2026-08-19,Electrical Maintenance Team,Municipal staff inspected the reported location
EVT00340,ISSUE0057,Work Started,2026-08-20,Electrical Maintenance Team,Repair/cleanup work started
EVT00341,ISSUE0057,Work Completed,2026-08-23,Electrical Maintenance Team,Repair/cleanup work completed
EVT00342,ISSUE0057,Issue Closed,2026-08-27,Electrical Maintenance Team,Issue marked as resolved
EVT00343,ISSUE0058,Complaint Received,2026-08-12,Road Maintenance Team,Issue reported by citizen
EVT00344,ISSUE0058,Assigned,2026-08-14,Road Maintenance Team,Issue assigned to the responsible municipal team
EVT00345,ISSUE0058,Inspection,2026-08-15,Road Maintenance Team,Municipal staff inspected the reported location
EVT00346,ISSUE0058,Work Started,2026-08-15,Road Maintenance Team,Repair/cleanup work started
EVT00347,ISSUE0058,Work Completed,2026-08-19,Road Maintenance Team,Repair/cleanup work completed
EVT00348,ISSUE0058,Issue Closed,2026-08-18,Road Maintenance Team,Issue marked as resolved
EVT00349,ISSUE0059,Complaint Received,2026-08-10,Road Maintenance Team,Issue reported by citizen
EVT00350,ISSUE0059,Assigned,2026-08-11,Road Maintenance Team,Issue assigned to the responsible municipal team
EVT00351,ISSUE0059,Inspection,2026-08-11,Road Maintenance Team,Municipal staff inspected the reported location
EVT00352,ISSUE0059,Work Started,2026-08-14,Road Maintenance Team,Repair/cleanup work started
EVT00353,ISSUE0059,Work Completed,2026-08-15,Road Maintenance Team,Repair/cleanup work completed
EVT00354,ISSUE0059,Issue Closed,2026-08-20,Road Maintenance Team,Issue marked as resolved
EVT00355,ISSUE0060,Complaint Received,2026-08-04,Road Maintenance Team,Issue reported by citizen
EVT00356,ISSUE0060,Assigned,2026-08-05,Road Maintenance Team,Issue assigned to the responsible municipal team
EVT00357,ISSUE0060,Inspection,2026-08-07,Road Maintenance Team,Municipal staff inspected the reported location
EVT00358,ISSUE0060,Work Started,2026-08-09,Road Maintenance Team,Repair/cleanup work started
EVT00359,ISSUE0060,Work Completed,2026-08-12,Road Maintenance Team,Repair/cleanup work completed
EVT00360,ISSUE0060,Issue Closed,2026-08-14,Road Maintenance Team,Issue marked as resolved
EVT00361,ISSUE0061,Complaint Received,2026-08-08,Road Maintenance Team,Issue reported by citizen
EVT00362,ISSUE0061,Assigned,2026-08-08,Road Maintenance Team,Issue assigned to the responsible municipal team
EVT00363,ISSUE0061,Inspection,2026-08-09,Road Maintenance Team,Municipal staff inspected the reported location
EVT00364,ISSUE0061,Work Started,2026-08-13,Road Maintenance Team,Repair/cleanup work started
EVT00365,ISSUE0061,Work Completed,2026-08-12,Road Maintenance Team,Repair/cleanup work completed
EVT00366,ISSUE0061,Issue Closed,2026-08-14,Road Maintenance Team,Issue marked as resolved
EVT00367,ISSUE0062,Complaint Received,2026-08-11,Waste Management Team,Issue reported by citizen
EVT00368,ISSUE0062,Assigned,2026-08-12,Waste Management Team,Issue assigned to the responsible municipal team
EVT00369,ISSUE0062,Inspection,2026-08-14,Waste Management Team,Municipal staff inspected the reported location
EVT00370,ISSUE0062,Work Started,2026-08-14,Waste Management Team,Repair/cleanup work started
EVT00371,ISSUE0062,Work Completed,2026-08-17,Waste Management Team,Repair/cleanup work completed
EVT00372,ISSUE0062,Issue Closed,2026-08-17,Waste Management Team,Issue marked as resolved
EVT00373,ISSUE0063,Complaint Received,2026-08-04,Waste Management Team,Issue reported by citizen
EVT00374,ISSUE0063,Assigned,2026-08-05,Waste Management Team,Issue assigned to the responsible municipal team
EVT00375,ISSUE0063,Inspection,2026-08-05,Waste Management Team,Municipal staff inspected the reported location
EVT00376,ISSUE0063,Work Started,2026-08-09,Waste Management Team,Repair/cleanup work started
EVT00377,ISSUE0063,Work Completed,2026-08-09,Waste Management Team,Repair/cleanup work completed
EVT00378,ISSUE0063,Issue Closed,2026-08-10,Waste Management Team,Issue marked as resolved
EVT00379,ISSUE0064,Complaint Received,2026-08-12,Electrical Maintenance Team,Issue reported by citizen
EVT00380,ISSUE0064,Assigned,2026-08-13,Electrical Maintenance Team,Issue assigned to the responsible municipal team
EVT00381,ISSUE0064,Inspection,2026-08-13,Electrical Maintenance Team,Municipal staff inspected the reported location
EVT00382,ISSUE0064,Work Started,2026-08-15,Electrical Maintenance Team,Repair/cleanup work started
EVT00383,ISSUE0064,Work Completed,2026-08-16,Electrical Maintenance Team,Repair/cleanup work completed
EVT00384,ISSUE0064,Issue Closed,2026-08-22,Electrical Maintenance Team,Issue marked as resolved
EVT00385,ISSUE0065,Complaint Received,2026-08-13,Road Maintenance Team,Issue reported by citizen
EVT00386,ISSUE0065,Assigned,2026-08-14,Road Maintenance Team,Issue assigned to the responsible municipal team
EVT00387,ISSUE0065,Inspection,2026-08-15,Road Maintenance Team,Municipal staff inspected the reported location
EVT00388,ISSUE0065,Work Started,2026-08-15,Road Maintenance Team,Repair/cleanup work started
EVT00389,ISSUE0065,Work Completed,2026-08-19,Road Maintenance Team,Repair/cleanup work completed
EVT00390,ISSUE0065,Issue Closed,2026-08-20,Road Maintenance Team,Issue marked as resolved
EVT00391,ISSUE0066,Complaint Received,2026-08-17,Waste Management Team,Issue reported by citizen
EVT00392,ISSUE0066,Assigned,2026-08-18,Waste Management Team,Issue assigned to the responsible municipal team
EVT00393,ISSUE0066,Inspection,2026-08-20,Waste Management Team,Municipal staff inspected the reported location
EVT00394,ISSUE0066,Work Started,2026-08-21,Waste Management Team,Repair/cleanup work started
EVT00395,ISSUE0066,Work Completed,2026-08-21,Waste Management Team,Repair/cleanup work completed
EVT00396,ISSUE0066,Issue Closed,2026-08-22,Waste Management Team,Issue marked as resolved
EVT00397,ISSUE0067,Complaint Received,2026-08-06,Electrical Maintenance Team,Issue reported by citizen
EVT00398,ISSUE0067,Assigned,2026-08-08,Electrical Maintenance Team,Issue assigned to the responsible municipal team
EVT00399,ISSUE0067,Inspection,2026-08-08,Electrical Maintenance Team,Municipal staff inspected the reported location
EVT00400,ISSUE0067,Work Started,2026-08-08,Electrical Maintenance Team,Repair/cleanup work started
EVT00401,ISSUE0067,Work Completed,2026-08-10,Electrical Maintenance Team,Repair/cleanup work completed
EVT00402,ISSUE0067,Issue Closed,2026-08-15,Electrical Maintenance Team,Issue marked as resolved
EVT00403,ISSUE0068,Complaint Received,2026-08-12,Electrical Maintenance Team,Issue reported by citizen
EVT00404,ISSUE0068,Assigned,2026-08-14,Electrical Maintenance Team,Issue assigned to the responsible municipal team
EVT00405,ISSUE0068,Inspection,2026-08-14,Electrical Maintenance Team,Municipal staff inspected the reported location
EVT00406,ISSUE0068,Work Started,2026-08-17,Electrical Maintenance Team,Repair/cleanup work started
EVT00407,ISSUE0068,Work Completed,2026-08-20,Electrical Maintenance Team,Repair/cleanup work completed
EVT00408,ISSUE0068,Issue Closed,2026-08-21,Electrical Maintenance Team,Issue marked as resolved
EVT00409,ISSUE0069,Complaint Received,2026-08-13,Road Maintenance Team,Issue reported by citizen
EVT00410,ISSUE0069,Assigned,2026-08-15,Road Maintenance Team,Issue assigned to the responsible municipal team
EVT00411,ISSUE0069,Inspection,2026-08-14,Road Maintenance Team,Municipal staff inspected the reported location
EVT00412,ISSUE0069,Work Started,2026-08-17,Road Maintenance Team,Repair/cleanup work started
EVT00413,ISSUE0069,Work Completed,2026-08-17,Road Maintenance Team,Repair/cleanup work completed
EVT00414,ISSUE0069,Issue Closed,2026-08-23,Road Maintenance Team,Issue marked as resolved
EVT00415,ISSUE0070,Complaint Received,2026-08-01,Electrical Maintenance Team,Issue reported by citizen
EVT00416,ISSUE0070,Assigned,2026-08-03,Electrical Maintenance Team,Issue assigned to the responsible municipal team
EVT00417,ISSUE0070,Inspection,2026-08-04,Electrical Maintenance Team,Municipal staff inspected the reported location
EVT00418,ISSUE0070,Work Started,2026-08-04,Electrical Maintenance Team,Repair/cleanup work started
EVT00419,ISSUE0070,Work Completed,2026-08-07,Electrical Maintenance Team,Repair/cleanup work completed
EVT00420,ISSUE0070,Issue Closed,2026-08-09,Electrical Maintenance Team,Issue marked as resolved
EVT00421,ISSUE0071,Complaint Received,2026-08-11,Road Maintenance Team,Issue reported by citizen
EVT00422,ISSUE0071,Assigned,2026-08-13,Road Maintenance Team,Issue assigned to the responsible municipal team
EVT00423,ISSUE0071,Inspection,2026-08-13,Road Maintenance Team,Municipal staff inspected the reported location
EVT00424,ISSUE0071,Work Started,2026-08-13,Road Maintenance Team,Repair/cleanup work started
EVT00425,ISSUE0071,Work Completed,2026-08-17,Road Maintenance Team,Repair/cleanup work completed
EVT00426,ISSUE0071,Issue Closed,2026-08-20,Road Maintenance Team,Issue marked as resolved
EVT00427,ISSUE0072,Complaint Received,2026-08-14,Electrical Maintenance Team,Issue reported by citizen
EVT00428,ISSUE0072,Assigned,2026-08-15,Electrical Maintenance Team,Issue assigned to the responsible municipal team
EVT00429,ISSUE0072,Inspection,2026-08-16,Electrical Maintenance Team,Municipal staff inspected the reported location
EVT00430,ISSUE0072,Work Started,2026-08-18,Electrical Maintenance Team,Repair/cleanup work started
EVT00431,ISSUE0072,Work Completed,2026-08-22,Electrical Maintenance Team,Repair/cleanup work completed
EVT00432,ISSUE0072,Issue Closed,2026-08-20,Electrical Maintenance Team,Issue marked as resolved
EVT00433,ISSUE0073,Complaint Received,2026-08-14,Road Maintenance Team,Issue reported by citizen
EVT00434,ISSUE0073,Assigned,2026-08-16,Road Maintenance Team,Issue assigned to the responsible municipal team
EVT00435,ISSUE0073,Inspection,2026-08-16,Road Maintenance Team,Municipal staff inspected the reported location
EVT00436,ISSUE0073,Work Started,2026-08-17,Road Maintenance Team,Repair/cleanup work started
EVT00437,ISSUE0073,Work Completed,2026-08-22,Road Maintenance Team,Repair/cleanup work completed
EVT00438,ISSUE0073,Issue Closed,2026-08-23,Road Maintenance Team,Issue marked as resolved
EVT00439,ISSUE0074,Complaint Received,2026-08-13,Electrical Maintenance Team,Issue reported by citizen
EVT00440,ISSUE0074,Assigned,2026-08-15,Electrical Maintenance Team,Issue assigned to the responsible municipal team
EVT00441,ISSUE0074,Inspection,2026-08-14,Electrical Maintenance Team,Municipal staff inspected the reported location
EVT00442,ISSUE0074,Work Started,2026-08-17,Electrical Maintenance Team,Repair/cleanup work started
EVT00443,ISSUE0074,Work Completed,2026-08-19,Electrical Maintenance Team,Repair/cleanup work completed
EVT00444,ISSUE0074,Issue Closed,2026-08-19,Electrical Maintenance Team,Issue marked as resolved
EVT00445,ISSUE0075,Complaint Received,2026-08-19,Electrical Maintenance Team,Issue reported by citizen
EVT00446,ISSUE0075,Assigned,2026-08-21,Electrical Maintenance Team,Issue assigned to the responsible municipal team
EVT00447,ISSUE0075,Inspection,2026-08-22,Electrical Maintenance Team,Municipal staff inspected the reported location
EVT00448,ISSUE0075,Work Started,2026-08-23,Electrical Maintenance Team,Repair/cleanup work started
EVT00449,ISSUE0075,Work Completed,2026-08-26,Electrical Maintenance Team,Repair/cleanup work completed
EVT00450,ISSUE0075,Issue Closed,2026-08-27,Electrical Maintenance Team,Issue marked as resolved
EVT00451,ISSUE0076,Complaint Received,2026-08-07,Electrical Maintenance Team,Issue reported by citizen
EVT00452,ISSUE0076,Assigned,2026-08-09,Electrical Maintenance Team,Issue assigned to the responsible municipal team
EVT00453,ISSUE0076,Inspection,2026-08-09,Electrical Maintenance Team,Municipal staff inspected the reported location
EVT00454,ISSUE0076,Work Started,2026-08-10,Electrical Maintenance Team,Repair/cleanup work started
EVT00455,ISSUE0076,Work Completed,2026-08-11,Electrical Maintenance Team,Repair/cleanup work completed
EVT00456,ISSUE0076,Issue Closed,2026-08-14,Electrical Maintenance Team,Issue marked as resolved
EVT00457,ISSUE0077,Complaint Received,2026-08-21,Waste Management Team,Issue reported by citizen
EVT00458,ISSUE0077,Assigned,2026-08-23,Waste Management Team,Issue assigned to the responsible municipal team
EVT00459,ISSUE0077,Inspection,2026-08-23,Waste Management Team,Municipal staff inspected the reported location
EVT00460,ISSUE0077,Work Started,2026-08-23,Waste Management Team,Repair/cleanup work started
EVT00461,ISSUE0077,Work Completed,2026-08-26,Waste Management Team,Repair/cleanup work completed
EVT00462,ISSUE0077,Issue Closed,2026-08-31,Waste Management Team,Issue marked as resolved
EVT00463,ISSUE0078,Complaint Received,2026-08-08,Electrical Maintenance Team,Issue reported by citizen
EVT00464,ISSUE0078,Assigned,2026-08-08,Electrical Maintenance Team,Issue assigned to the responsible municipal team
EVT00465,ISSUE0078,Inspection,2026-08-09,Electrical Maintenance Team,Municipal staff inspected the reported location
EVT00466,ISSUE0078,Work Started,2026-08-10,Electrical Maintenance Team,Repair/cleanup work started
EVT00467,ISSUE0078,Work Completed,2026-08-12,Electrical Maintenance Team,Repair/cleanup work completed
EVT00468,ISSUE0078,Issue Closed,2026-08-14,Electrical Maintenance Team,Issue marked as resolved
EVT00469,ISSUE0079,Complaint Received,2026-08-20,Electrical Maintenance Team,Issue reported by citizen
EVT00470,ISSUE0079,Assigned,2026-08-20,Electrical Maintenance Team,Issue assigned to the responsible municipal team
EVT00471,ISSUE0079,Inspection,2026-08-22,Electrical Maintenance Team,Municipal staff inspected the reported location
EVT00472,ISSUE0079,Work Started,2026-08-25,Electrical Maintenance Team,Repair/cleanup work started
EVT00473,ISSUE0079,Work Completed,2026-08-28,Electrical Maintenance Team,Repair/cleanup work completed
EVT00474,ISSUE0079,Issue Closed,2026-08-26,Electrical Maintenance Team,Issue marked as resolved
EVT00475,ISSUE0080,Complaint Received,2026-08-13,Waste Management Team,Issue reported by citizen
EVT00476,ISSUE0080,Assigned,2026-08-14,Waste Management Team,Issue assigned to the responsible municipal team
EVT00477,ISSUE0080,Inspection,2026-08-15,Waste Management Team,Municipal staff inspected the reported location
EVT00478,ISSUE0080,Work Started,2026-08-16,Waste Management Team,Repair/cleanup work started
EVT00479,ISSUE0080,Work Completed,2026-08-18,Waste Management Team,Repair/cleanup work completed
EVT00480,ISSUE0080,Issue Closed,2026-08-23,Waste Management Team,Issue marked as resolved
EVT00481,ISSUE0081,Complaint Received,2026-08-01,Waste Management Team,Issue reported by citizen
EVT00482,ISSUE0081,Assigned,2026-08-01,Waste Management Team,Issue assigned to the responsible municipal team
EVT00483,ISSUE0081,Inspection,2026-08-03,Waste Management Team,Municipal staff inspected the reported location
EVT00484,ISSUE0081,Work Started,2026-08-04,Waste Management Team,Repair/cleanup work started
EVT00485,ISSUE0081,Work Completed,2026-08-06,Waste Management Team,Repair/cleanup work completed
EVT00486,ISSUE0081,Issue Closed,2026-08-11,Waste Management Team,Issue marked as resolved
EVT00487,ISSUE0082,Complaint Received,2026-08-15,Waste Management Team,Issue reported by citizen
EVT00488,ISSUE0082,Assigned,2026-08-15,Waste Management Team,Issue assigned to the responsible municipal team
EVT00489,ISSUE0082,Inspection,2026-08-18,Waste Management Team,Municipal staff inspected the reported location
EVT00490,ISSUE0082,Work Started,2026-08-18,Waste Management Team,Repair/cleanup work started
EVT00491,ISSUE0082,Work Completed,2026-08-19,Waste Management Team,Repair/cleanup work completed
EVT00492,ISSUE0082,Issue Closed,2026-08-23,Waste Management Team,Issue marked as resolved
EVT00493,ISSUE0083,Complaint Received,2026-08-15,Road Maintenance Team,Issue reported by citizen
EVT00494,ISSUE0083,Assigned,2026-08-17,Road Maintenance Team,Issue assigned to the responsible municipal team
EVT00495,ISSUE0083,Inspection,2026-08-18,Road Maintenance Team,Municipal staff inspected the reported location
EVT00496,ISSUE0083,Work Started,2026-08-19,Road Maintenance Team,Repair/cleanup work started
EVT00497,ISSUE0083,Work Completed,2026-08-22,Road Maintenance Team,Repair/cleanup work completed
EVT00498,ISSUE0083,Issue Closed,2026-08-24,Road Maintenance Team,Issue marked as resolved
EVT00499,ISSUE0084,Complaint Received,2026-08-17,Waste Management Team,Issue reported by citizen
EVT00500,ISSUE0084,Assigned,2026-08-18,Waste Management Team,Issue assigned to the responsible municipal team
EVT00501,ISSUE0084,Inspection,2026-08-20,Waste Management Team,Municipal staff inspected the reported location
EVT00502,ISSUE0084,Work Started,2026-08-22,Waste Management Team,Repair/cleanup work started
EVT00503,ISSUE0084,Work Completed,2026-08-22,Waste Management Team,Repair/cleanup work completed
EVT00504,ISSUE0084,Issue Closed,2026-08-27,Waste Management Team,Issue marked as resolved
EVT00505,ISSUE0085,Complaint Received,2026-08-15,Electrical Maintenance Team,Issue reported by citizen
EVT00506,ISSUE0085,Assigned,2026-08-16,Electrical Maintenance Team,Issue assigned to the responsible municipal team
EVT00507,ISSUE0085,Inspection,2026-08-16,Electrical Maintenance Team,Municipal staff inspected the reported location
EVT00508,ISSUE0085,Work Started,2026-08-19,Electrical Maintenance Team,Repair/cleanup work started
EVT00509,ISSUE0085,Work Completed,2026-08-23,Electrical Maintenance Team,Repair/cleanup work completed
EVT00510,ISSUE0085,Issue Closed,2026-08-23,Electrical Maintenance Team,Issue marked as resolved
EVT00511,ISSUE0086,Complaint Received,2026-08-08,Waste Management Team,Issue reported by citizen
EVT00512,ISSUE0086,Assigned,2026-08-09,Waste Management Team,Issue assigned to the responsible municipal team
EVT00513,ISSUE0086,Inspection,2026-08-10,Waste Management Team,Municipal staff inspected the reported location
EVT00514,ISSUE0086,Work Started,2026-08-10,Waste Management Team,Repair/cleanup work started
EVT00515,ISSUE0086,Work Completed,2026-08-14,Waste Management Team,Repair/cleanup work completed
EVT00516,ISSUE0086,Issue Closed,2026-08-14,Waste Management Team,Issue marked as resolved
EVT00517,ISSUE0087,Complaint Received,2026-08-11,Electrical Maintenance Team,Issue reported by citizen
EVT00518,ISSUE0087,Assigned,2026-08-12,Electrical Maintenance Team,Issue assigned to the responsible municipal team
EVT00519,ISSUE0087,Inspection,2026-08-14,Electrical Maintenance Team,Municipal staff inspected the reported location
EVT00520,ISSUE0087,Work Started,2026-08-13,Electrical Maintenance Team,Repair/cleanup work started
EVT00521,ISSUE0087,Work Completed,2026-08-16,Electrical Maintenance Team,Repair/cleanup work completed
EVT00522,ISSUE0087,Issue Closed,2026-08-17,Electrical Maintenance Team,Issue marked as resolved
EVT00523,ISSUE0088,Complaint Received,2026-08-13,Road Maintenance Team,Issue reported by citizen
EVT00524,ISSUE0088,Assigned,2026-08-15,Road Maintenance Team,Issue assigned to the responsible municipal team
EVT00525,ISSUE0088,Inspection,2026-08-14,Road Maintenance Team,Municipal staff inspected the reported location
EVT00526,ISSUE0088,Work Started,2026-08-16,Road Maintenance Team,Repair/cleanup work started
EVT00527,ISSUE0088,Work Completed,2026-08-17,Road Maintenance Team,Repair/cleanup work completed
EVT00528,ISSUE0088,Issue Closed,2026-08-21,Road Maintenance Team,Issue marked as resolved
EVT00529,ISSUE0089,Complaint Received,2026-08-11,Electrical Maintenance Team,Issue reported by citizen
EVT00530,ISSUE0089,Assigned,2026-08-13,Electrical Maintenance Team,Issue assigned to the responsible municipal team
EVT00531,ISSUE0089,Inspection,2026-08-13,Electrical Maintenance Team,Municipal staff inspected the reported location
EVT00532,ISSUE0089,Work Started,2026-08-16,Electrical Maintenance Team,Repair/cleanup work started
EVT00533,ISSUE0089,Work Completed,2026-08-15,Electrical Maintenance Team,Repair/cleanup work completed
EVT00534,ISSUE0089,Issue Closed,2026-08-17,Electrical Maintenance Team,Issue marked as resolved
EVT00535,ISSUE0090,Complaint Received,2026-08-13,Electrical Maintenance Team,Issue reported by citizen
EVT00536,ISSUE0090,Assigned,2026-08-15,Electrical Maintenance Team,Issue assigned to the responsible municipal team
EVT00537,ISSUE0090,Inspection,2026-08-16,Electrical Maintenance Team,Municipal staff inspected the reported location
EVT00538,ISSUE0090,Work Started,2026-08-15,Electrical Maintenance Team,Repair/cleanup work started
EVT00539,ISSUE0090,Work Completed,2026-08-21,Electrical Maintenance Team,Repair/cleanup work completed
EVT00540,ISSUE0090,Issue Closed,2026-08-21,Electrical Maintenance Team,Issue marked as resolved
EVT00541,ISSUE0091,Complaint Received,2026-08-01,Electrical Maintenance Team,Issue reported by citizen
EVT00542,ISSUE0091,Assigned,2026-08-02,Electrical Maintenance Team,Issue assigned to the responsible municipal team
EVT00543,ISSUE0091,Inspection,2026-08-03,Electrical Maintenance Team,Municipal staff inspected the reported location
EVT00544,ISSUE0091,Work Started,2026-08-06,Electrical Maintenance Team,Repair/cleanup work started
EVT00545,ISSUE0091,Work Completed,2026-08-08,Electrical Maintenance Team,Repair/cleanup work completed
EVT00546,ISSUE0091,Issue Closed,2026-08-10,Electrical Maintenance Team,Issue marked as resolved
EVT00547,ISSUE0092,Complaint Received,2026-08-18,Waste Management Team,Issue reported by citizen
EVT00548,ISSUE0092,Assigned,2026-08-20,Waste Management Team,Issue assigned to the responsible municipal team
EVT00549,ISSUE0092,Inspection,2026-08-19,Waste Management Team,Municipal staff inspected the reported location
EVT00550,ISSUE0092,Work Started,2026-08-23,Waste Management Team,Repair/cleanup work started
EVT00551,ISSUE0092,Work Completed,2026-08-23,Waste Management Team,Repair/cleanup work completed
EVT00552,ISSUE0092,Issue Closed,2026-08-25,Waste Management Team,Issue marked as resolved
EVT00553,ISSUE0093,Complaint Received,2026-08-16,Electrical Maintenance Team,Issue reported by citizen
EVT00554,ISSUE0093,Assigned,2026-08-16,Electrical Maintenance Team,Issue assigned to the responsible municipal team
EVT00555,ISSUE0093,Inspection,2026-08-18,Electrical Maintenance Team,Municipal staff inspected the reported location
EVT00556,ISSUE0093,Work Started,2026-08-20,Electrical Maintenance Team,Repair/cleanup work started
EVT00557,ISSUE0093,Work Completed,2026-08-23,Electrical Maintenance Team,Repair/cleanup work completed
EVT00558,ISSUE0093,Issue Closed,2026-08-26,Electrical Maintenance Team,Issue marked as resolved
EVT00559,ISSUE0094,Complaint Received,2026-08-15,Road Maintenance Team,Issue reported by citizen
EVT00560,ISSUE0094,Assigned,2026-08-15,Road Maintenance Team,Issue assigned to the responsible municipal team
EVT00561,ISSUE0094,Inspection,2026-08-18,Road Maintenance Team,Municipal staff inspected the reported location
EVT00562,ISSUE0094,Work Started,2026-08-17,Road Maintenance Team,Repair/cleanup work started
EVT00563,ISSUE0094,Work Completed,2026-08-22,Road Maintenance Team,Repair/cleanup work completed
EVT00564,ISSUE0094,Issue Closed,2026-08-24,Road Maintenance Team,Issue marked as resolved
EVT00565,ISSUE0095,Complaint Received,2026-08-01,Waste Management Team,Issue reported by citizen
EVT00566,ISSUE0095,Assigned,2026-08-01,Waste Management Team,Issue assigned to the responsible municipal team
EVT00567,ISSUE0095,Inspection,2026-08-04,Waste Management Team,Municipal staff inspected the reported location
EVT00568,ISSUE0095,Work Started,2026-08-06,Waste Management Team,Repair/cleanup work started
EVT00569,ISSUE0095,Work Completed,2026-08-06,Waste Management Team,Repair/cleanup work completed
EVT00570,ISSUE0095,Issue Closed,2026-08-09,Waste Management Team,Issue marked as resolved
EVT00571,ISSUE0096,Complaint Received,2026-08-02,Road Maintenance Team,Issue reported by citizen
EVT00572,ISSUE0096,Assigned,2026-08-03,Road Maintenance Team,Issue assigned to the responsible municipal team
EVT00573,ISSUE0096,Inspection,2026-08-04,Road Maintenance Team,Municipal staff inspected the reported location
EVT00574,ISSUE0096,Work Started,2026-08-06,Road Maintenance Team,Repair/cleanup work started
EVT00575,ISSUE0096,Work Completed,2026-08-07,Road Maintenance Team,Repair/cleanup work completed
EVT00576,ISSUE0096,Issue Closed,2026-08-10,Road Maintenance Team,Issue marked as resolved
EVT00577,ISSUE0097,Complaint Received,2026-08-11,Electrical Maintenance Team,Issue reported by citizen
EVT00578,ISSUE0097,Assigned,2026-08-12,Electrical Maintenance Team,Issue assigned to the responsible municipal team
EVT00579,ISSUE0097,Inspection,2026-08-13,Electrical Maintenance Team,Municipal staff inspected the reported location
EVT00580,ISSUE0097,Work Started,2026-08-16,Electrical Maintenance Team,Repair/cleanup work started
EVT00581,ISSUE0097,Work Completed,2026-08-17,Electrical Maintenance Team,Repair/cleanup work completed
EVT00582,ISSUE0097,Issue Closed,2026-08-16,Electrical Maintenance Team,Issue marked as resolved
EVT00583,ISSUE0098,Complaint Received,2026-08-01,Electrical Maintenance Team,Issue reported by citizen
EVT00584,ISSUE0098,Assigned,2026-08-03,Electrical Maintenance Team,Issue assigned to the responsible municipal team
EVT00585,ISSUE0098,Inspection,2026-08-04,Electrical Maintenance Team,Municipal staff inspected the reported location
EVT00586,ISSUE0098,Work Started,2026-08-03,Electrical Maintenance Team,Repair/cleanup work started
EVT00587,ISSUE0098,Work Completed,2026-08-07,Electrical Maintenance Team,Repair/cleanup work completed
EVT00588,ISSUE0098,Issue Closed,2026-08-07,Electrical Maintenance Team,Issue marked as resolved
EVT00589,ISSUE0099,Complaint Received,2026-08-03,Waste Management Team,Issue reported by citizen
EVT00590,ISSUE0099,Assigned,2026-08-05,Waste Management Team,Issue assigned to the responsible municipal team
EVT00591,ISSUE0099,Inspection,2026-08-04,Waste Management Team,Municipal staff inspected the reported location
EVT00592,ISSUE0099,Work Started,2026-08-05,Waste Management Team,Repair/cleanup work started
EVT00593,ISSUE0099,Work Completed,2026-08-08,Waste Management Team,Repair/cleanup work completed
EVT00594,ISSUE0099,Issue Closed,2026-08-09,Waste Management Team,Issue marked as resolved
EVT00595,ISSUE0100,Complaint Received,2026-08-20,Road Maintenance Team,Issue reported by citizen
EVT00596,ISSUE0100,Assigned,2026-08-20,Road Maintenance Team,Issue assigned to the responsible municipal team
EVT00597,ISSUE0100,Inspection,2026-08-21,Road Maintenance Team,Municipal staff inspected the reported location
EVT00598,ISSUE0100,Work Started,2026-08-23,Road Maintenance Team,Repair/cleanup work started
EVT00599,ISSUE0100,Work Completed,2026-08-27,Road Maintenance Team,Repair/cleanup work completed
EVT00600,ISSUE0100,Issue Closed,2026-08-30,Road Maintenance Team,Issue marked as resolved
EVT00601,ISSUE0101,Complaint Received,2026-08-19,Road Maintenance Team,Issue reported by citizen
EVT00602,ISSUE0101,Assigned,2026-08-19,Road Maintenance Team,Issue assigned to the responsible municipal team
EVT00603,ISSUE0101,Inspection,2026-08-21,Road Maintenance Team,Municipal staff inspected the reported location
EVT00604,ISSUE0101,Work Started,2026-08-23,Road Maintenance Team,Repair/cleanup work started
EVT00605,ISSUE0101,Work Completed,2026-08-25,Road Maintenance Team,Repair/cleanup work completed
EVT00606,ISSUE0101,Issue Closed,2026-08-25,Road Maintenance Team,Issue marked as resolved
EVT00607,ISSUE0102,Complaint Received,2026-08-20,Waste Management Team,Issue reported by citizen
EVT00608,ISSUE0102,Assigned,2026-08-22,Waste Management Team,Issue assigned to the responsible municipal team
EVT00609,ISSUE0102,Inspection,2026-08-23,Waste Management Team,Municipal staff inspected the reported location
EVT00610,ISSUE0102,Work Started,2026-08-22,Waste Management Team,Repair/cleanup work started
EVT00611,ISSUE0102,Work Completed,2026-08-25,Waste Management Team,Repair/cleanup work completed
EVT00612,ISSUE0102,Issue Closed,2026-08-27,Waste Management Team,Issue marked as resolved
EVT00613,ISSUE0103,Complaint Received,2026-08-19,Road Maintenance Team,Issue reported by citizen
EVT00614,ISSUE0103,Assigned,2026-08-19,Road Maintenance Team,Issue assigned to the responsible municipal team
EVT00615,ISSUE0103,Inspection,2026-08-21,Road Maintenance Team,Municipal staff inspected the reported location
EVT00616,ISSUE0103,Work Started,2026-08-24,Road Maintenance Team,Repair/cleanup work started
EVT00617,ISSUE0103,Work Completed,2026-08-26,Road Maintenance Team,Repair/cleanup work completed
EVT00618,ISSUE0103,Issue Closed,2026-08-29,Road Maintenance Team,Issue marked as resolved
EVT00619,ISSUE0104,Complaint Received,2026-08-03,Road Maintenance Team,Issue reported by citizen
EVT00620,ISSUE0104,Assigned,2026-08-05,Road Maintenance Team,Issue assigned to the responsible municipal team
EVT00621,ISSUE0104,Inspection,2026-08-06,Road Maintenance Team,Municipal staff inspected the reported location
EVT00622,ISSUE0104,Work Started,2026-08-06,Road Maintenance Team,Repair/cleanup work started
EVT00623,ISSUE0104,Work Completed,2026-08-07,Road Maintenance Team,Repair/cleanup work completed
EVT00624,ISSUE0104,Issue Closed,2026-08-13,Road Maintenance Team,Issue marked as resolved
EVT00625,ISSUE0105,Complaint Received,2026-08-20,Electrical Maintenance Team,Issue reported by citizen
EVT00626,ISSUE0105,Assigned,2026-08-20,Electrical Maintenance Team,Issue assigned to the responsible municipal team
EVT00627,ISSUE0105,Inspection,2026-08-23,Electrical Maintenance Team,Municipal staff inspected the reported location
EVT00628,ISSUE0105,Work Started,2026-08-22,Electrical Maintenance Team,Repair/cleanup work started
EVT00629,ISSUE0105,Work Completed,2026-08-26,Electrical Maintenance Team,Repair/cleanup work completed
EVT00630,ISSUE0105,Issue Closed,2026-08-29,Electrical Maintenance Team,Issue marked as resolved
EVT00631,ISSUE0106,Complaint Received,2026-08-12,Electrical Maintenance Team,Issue reported by citizen
EVT00632,ISSUE0106,Assigned,2026-08-12,Electrical Maintenance Team,Issue assigned to the responsible municipal team
EVT00633,ISSUE0106,Inspection,2026-08-15,Electrical Maintenance Team,Municipal staff inspected the reported location
EVT00634,ISSUE0106,Work Started,2026-08-16,Electrical Maintenance Team,Repair/cleanup work started
EVT00635,ISSUE0106,Work Completed,2026-08-16,Electrical Maintenance Team,Repair/cleanup work completed
EVT00636,ISSUE0106,Issue Closed,2026-08-20,Electrical Maintenance Team,Issue marked as resolved
EVT00637,ISSUE0107,Complaint Received,2026-08-04,Electrical Maintenance Team,Issue reported by citizen
EVT00638,ISSUE0107,Assigned,2026-08-05,Electrical Maintenance Team,Issue assigned to the responsible municipal team
EVT00639,ISSUE0107,Inspection,2026-08-06,Electrical Maintenance Team,Municipal staff inspected the reported location
EVT00640,ISSUE0107,Work Started,2026-08-09,Electrical Maintenance Team,Repair/cleanup work started
EVT00641,ISSUE0107,Work Completed,2026-08-09,Electrical Maintenance Team,Repair/cleanup work completed
EVT00642,ISSUE0107,Issue Closed,2026-08-12,Electrical Maintenance Team,Issue marked as resolved
EVT00643,ISSUE0108,Complaint Received,2026-08-17,Road Maintenance Team,Issue reported by citizen
EVT00644,ISSUE0108,Assigned,2026-08-19,Road Maintenance Team,Issue assigned to the responsible municipal team
EVT00645,ISSUE0108,Inspection,2026-08-19,Road Maintenance Team,Municipal staff inspected the reported location
EVT00646,ISSUE0108,Work Started,2026-08-22,Road Maintenance Team,Repair/cleanup work started
EVT00647,ISSUE0108,Work Completed,2026-08-24,Road Maintenance Team,Repair/cleanup work completed
EVT00648,ISSUE0108,Issue Closed,2026-08-25,Road Maintenance Team,Issue marked as resolved
EVT00649,ISSUE0109,Complaint Received,2026-08-19,Waste Management Team,Issue reported by citizen
EVT00650,ISSUE0109,Assigned,2026-08-20,Waste Management Team,Issue assigned to the responsible municipal team
EVT00651,ISSUE0109,Inspection,2026-08-21,Waste Management Team,Municipal staff inspected the reported location
EVT00652,ISSUE0109,Work Started,2026-08-22,Waste Management Team,Repair/cleanup work started
EVT00653,ISSUE0109,Work Completed,2026-08-23,Waste Management Team,Repair/cleanup work completed
EVT00654,ISSUE0109,Issue Closed,2026-08-26,Waste Management Team,Issue marked as resolved
EVT00655,ISSUE0110,Complaint Received,2026-08-08,Electrical Maintenance Team,Issue reported by citizen
EVT00656,ISSUE0110,Assigned,2026-08-09,Electrical Maintenance Team,Issue assigned to the responsible municipal team
EVT00657,ISSUE0110,Inspection,2026-08-11,Electrical Maintenance Team,Municipal staff inspected the reported location
EVT00658,ISSUE0110,Work Started,2026-08-13,Electrical Maintenance Team,Repair/cleanup work started
EVT00659,ISSUE0110,Work Completed,2026-08-14,Electrical Maintenance Team,Repair/cleanup work completed
EVT00660,ISSUE0110,Issue Closed,2026-08-13,Electrical Maintenance Team,Issue marked as resolved
EVT00661,ISSUE0111,Complaint Received,2026-08-11,Electrical Maintenance Team,Issue reported by citizen
EVT00662,ISSUE0111,Assigned,2026-08-11,Electrical Maintenance Team,Issue assigned to the responsible municipal team
EVT00663,ISSUE0111,Inspection,2026-08-13,Electrical Maintenance Team,Municipal staff inspected the reported location
EVT00664,ISSUE0111,Work Started,2026-08-14,Electrical Maintenance Team,Repair/cleanup work started
EVT00665,ISSUE0111,Work Completed,2026-08-17,Electrical Maintenance Team,Repair/cleanup work completed
EVT00666,ISSUE0111,Issue Closed,2026-08-18,Electrical Maintenance Team,Issue marked as resolved
EVT00667,ISSUE0112,Complaint Received,2026-08-09,Electrical Maintenance Team,Issue reported by citizen
EVT00668,ISSUE0112,Assigned,2026-08-11,Electrical Maintenance Team,Issue assigned to the responsible municipal team
EVT00669,ISSUE0112,Inspection,2026-08-12,Electrical Maintenance Team,Municipal staff inspected the reported location
EVT00670,ISSUE0112,Work Started,2026-08-13,Electrical Maintenance Team,Repair/cleanup work started
EVT00671,ISSUE0112,Work Completed,2026-08-17,Electrical Maintenance Team,Repair/cleanup work completed
EVT00672,ISSUE0112,Issue Closed,2026-08-14,Electrical Maintenance Team,Issue marked as resolved
EVT00673,ISSUE0113,Complaint Received,2026-08-07,Waste Management Team,Issue reported by citizen
EVT00674,ISSUE0113,Assigned,2026-08-07,Waste Management Team,Issue assigned to the responsible municipal team
EVT00675,ISSUE0113,Inspection,2026-08-08,Waste Management Team,Municipal staff inspected the reported location
EVT00676,ISSUE0113,Work Started,2026-08-12,Waste Management Team,Repair/cleanup work started
EVT00677,ISSUE0113,Work Completed,2026-08-14,Waste Management Team,Repair/cleanup work completed
EVT00678,ISSUE0113,Issue Closed,2026-08-16,Waste Management Team,Issue marked as resolved
EVT00679,ISSUE0114,Complaint Received,2026-08-16,Road Maintenance Team,Issue reported by citizen
EVT00680,ISSUE0114,Assigned,2026-08-18,Road Maintenance Team,Issue assigned to the responsible municipal team
EVT00681,ISSUE0114,Inspection,2026-08-19,Road Maintenance Team,Municipal staff inspected the reported location
EVT00682,ISSUE0114,Work Started,2026-08-21,Road Maintenance Team,Repair/cleanup work started
EVT00683,ISSUE0114,Work Completed,2026-08-23,Road Maintenance Team,Repair/cleanup work completed
EVT00684,ISSUE0114,Issue Closed,2026-08-21,Road Maintenance Team,Issue marked as resolved
EVT00685,ISSUE0115,Complaint Received,2026-08-10,Road Maintenance Team,Issue reported by citizen
EVT00686,ISSUE0115,Assigned,2026-08-10,Road Maintenance Team,Issue assigned to the responsible municipal team
EVT00687,ISSUE0115,Inspection,2026-08-12,Road Maintenance Team,Municipal staff inspected the reported location
EVT00688,ISSUE0115,Work Started,2026-08-13,Road Maintenance Team,Repair/cleanup work started
EVT00689,ISSUE0115,Work Completed,2026-08-16,Road Maintenance Team,Repair/cleanup work completed
EVT00690,ISSUE0115,Issue Closed,2026-08-20,Road Maintenance Team,Issue marked as resolved
EVT00691,ISSUE0116,Complaint Received,2026-08-12,Waste Management Team,Issue reported by citizen
EVT00692,ISSUE0116,Assigned,2026-08-13,Waste Management Team,Issue assigned to the responsible municipal team
EVT00693,ISSUE0116,Inspection,2026-08-15,Waste Management Team,Municipal staff inspected the reported location
EVT00694,ISSUE0116,Work Started,2026-08-16,Waste Management Team,Repair/cleanup work started
EVT00695,ISSUE0116,Work Completed,2026-08-19,Waste Management Team,Repair/cleanup work completed
EVT00696,ISSUE0116,Issue Closed,2026-08-22,Waste Management Team,Issue marked as resolved
EVT00697,ISSUE0117,Complaint Received,2026-08-11,Waste Management Team,Issue reported by citizen
EVT00698,ISSUE0117,Assigned,2026-08-12,Waste Management Team,Issue assigned to the responsible municipal team
EVT00699,ISSUE0117,Inspection,2026-08-14,Waste Management Team,Municipal staff inspected the reported location
EVT00700,ISSUE0117,Work Started,2026-08-16,Waste Management Team,Repair/cleanup work started
EVT00701,ISSUE0117,Work Completed,2026-08-17,Waste Management Team,Repair/cleanup work completed
EVT00702,ISSUE0117,Issue Closed,2026-08-18,Waste Management Team,Issue marked as resolved
EVT00703,ISSUE0118,Complaint Received,2026-08-08,Electrical Maintenance Team,Issue reported by citizen
EVT00704,ISSUE0118,Assigned,2026-08-08,Electrical Maintenance Team,Issue assigned to the responsible municipal team
EVT00705,ISSUE0118,Inspection,2026-08-11,Electrical Maintenance Team,Municipal staff inspected the reported location
EVT00706,ISSUE0118,Work Started,2026-08-11,Electrical Maintenance Team,Repair/cleanup work started
EVT00707,ISSUE0118,Work Completed,2026-08-14,Electrical Maintenance Team,Repair/cleanup work completed
EVT00708,ISSUE0118,Issue Closed,2026-08-13,Electrical Maintenance Team,Issue marked as resolved
EVT00709,ISSUE0119,Complaint Received,2026-08-18,Waste Management Team,Issue reported by citizen
EVT00710,ISSUE0119,Assigned,2026-08-20,Waste Management Team,Issue assigned to the responsible municipal team
EVT00711,ISSUE0119,Inspection,2026-08-19,Waste Management Team,Municipal staff inspected the reported location
EVT00712,ISSUE0119,Work Started,2026-08-21,Waste Management Team,Repair/cleanup work started
EVT00713,ISSUE0119,Work Completed,2026-08-23,Waste Management Team,Repair/cleanup work completed
EVT00714,ISSUE0119,Issue Closed,2026-08-28,Waste Management Team,Issue marked as resolved
EVT00715,ISSUE0120,Complaint Received,2026-08-09,Electrical Maintenance Team,Issue reported by citizen
EVT00716,ISSUE0120,Assigned,2026-08-11,Electrical Maintenance Team,Issue assigned to the responsible municipal team
EVT00717,ISSUE0120,Inspection,2026-08-12,Electrical Maintenance Team,Municipal staff inspected the reported location
EVT00718,ISSUE0120,Work Started,2026-08-13,Electrical Maintenance Team,Repair/cleanup work started
EVT00719,ISSUE0120,Work Completed,2026-08-13,Electrical Maintenance Team,Repair/cleanup work completed
EVT00720,ISSUE0120,Issue Closed,2026-08-15,Electrical Maintenance Team,Issue marked as resolved
EVT00721,ISSUE0121,Complaint Received,2026-08-08,Electrical Maintenance Team,Issue reported by citizen
EVT00722,ISSUE0121,Assigned,2026-08-09,Electrical Maintenance Team,Issue assigned to the responsible municipal team
EVT00723,ISSUE0121,Inspection,2026-08-09,Electrical Maintenance Team,Municipal staff inspected the reported location
EVT00724,ISSUE0121,Work Started,2026-08-12,Electrical Maintenance Team,Repair/cleanup work started
EVT00725,ISSUE0121,Work Completed,2026-08-12,Electrical Maintenance Team,Repair/cleanup work completed
EVT00726,ISSUE0121,Issue Closed,2026-08-18,Electrical Maintenance Team,Issue marked as resolved
EVT00727,ISSUE0122,Complaint Received,2026-08-05,Waste Management Team,Issue reported by citizen
EVT00728,ISSUE0122,Assigned,2026-08-06,Waste Management Team,Issue assigned to the responsible municipal team
EVT00729,ISSUE0122,Inspection,2026-08-06,Waste Management Team,Municipal staff inspected the reported location
EVT00730,ISSUE0122,Work Started,2026-08-07,Waste Management Team,Repair/cleanup work started
EVT00731,ISSUE0122,Work Completed,2026-08-13,Waste Management Team,Repair/cleanup work completed
EVT00732,ISSUE0122,Issue Closed,2026-08-12,Waste Management Team,Issue marked as resolved
EVT00733,ISSUE0123,Complaint Received,2026-08-05,Waste Management Team,Issue reported by citizen
EVT00734,ISSUE0123,Assigned,2026-08-07,Waste Management Team,Issue assigned to the responsible municipal team
EVT00735,ISSUE0123,Inspection,2026-08-07,Waste Management Team,Municipal staff inspected the reported location
EVT00736,ISSUE0123,Work Started,2026-08-07,Waste Management Team,Repair/cleanup work started
EVT00737,ISSUE0123,Work Completed,2026-08-09,Waste Management Team,Repair/cleanup work completed
EVT00738,ISSUE0123,Issue Closed,2026-08-14,Waste Management Team,Issue marked as resolved
EVT00739,ISSUE0124,Complaint Received,2026-08-16,Electrical Maintenance Team,Issue reported by citizen
EVT00740,ISSUE0124,Assigned,2026-08-17,Electrical Maintenance Team,Issue assigned to the responsible municipal team
EVT00741,ISSUE0124,Inspection,2026-08-18,Electrical Maintenance Team,Municipal staff inspected the reported location
EVT00742,ISSUE0124,Work Started,2026-08-20,Electrical Maintenance Team,Repair/cleanup work started
EVT00743,ISSUE0124,Work Completed,2026-08-21,Electrical Maintenance Team,Repair/cleanup work completed
EVT00744,ISSUE0124,Issue Closed,2026-08-21,Electrical Maintenance Team,Issue marked as resolved
EVT00745,ISSUE0125,Complaint Received,2026-08-16,Electrical Maintenance Team,Issue reported by citizen
EVT00746,ISSUE0125,Assigned,2026-08-16,Electrical Maintenance Team,Issue assigned to the responsible municipal team
EVT00747,ISSUE0125,Inspection,2026-08-17,Electrical Maintenance Team,Municipal staff inspected the reported location
EVT00748,ISSUE0125,Work Started,2026-08-21,Electrical Maintenance Team,Repair/cleanup work started
EVT00749,ISSUE0125,Work Completed,2026-08-23,Electrical Maintenance Team,Repair/cleanup work completed
EVT00750,ISSUE0125,Issue Closed,2026-08-21,Electrical Maintenance Team,Issue marked as resolved
EVT00751,ISSUE0126,Complaint Received,2026-08-21,Waste Management Team,Issue reported by citizen
EVT00752,ISSUE0126,Assigned,2026-08-23,Waste Management Team,Issue assigned to the responsible municipal team
EVT00753,ISSUE0126,Inspection,2026-08-22,Waste Management Team,Municipal staff inspected the reported location
EVT00754,ISSUE0126,Work Started,2026-08-24,Waste Management Team,Repair/cleanup work started
EVT00755,ISSUE0126,Work Completed,2026-08-26,Waste Management Team,Repair/cleanup work completed
EVT00756,ISSUE0126,Issue Closed,2026-08-30,Waste Management Team,Issue marked as resolved
EVT00757,ISSUE0127,Complaint Received,2026-08-03,Electrical Maintenance Team,Issue reported by citizen
EVT00758,ISSUE0127,Assigned,2026-08-03,Electrical Maintenance Team,Issue assigned to the responsible municipal team
EVT00759,ISSUE0127,Inspection,2026-08-04,Electrical Maintenance Team,Municipal staff inspected the reported location
EVT00760,ISSUE0127,Work Started,2026-08-08,Electrical Maintenance Team,Repair/cleanup work started
EVT00761,ISSUE0127,Work Completed,2026-08-11,Electrical Maintenance Team,Repair/cleanup work completed
EVT00762,ISSUE0127,Issue Closed,2026-08-12,Electrical Maintenance Team,Issue marked as resolved
EVT00763,ISSUE0128,Complaint Received,2026-08-08,Waste Management Team,Issue reported by citizen
EVT00764,ISSUE0128,Assigned,2026-08-10,Waste Management Team,Issue assigned to the responsible municipal team
EVT00765,ISSUE0128,Inspection,2026-08-10,Waste Management Team,Municipal staff inspected the reported location
EVT00766,ISSUE0128,Work Started,2026-08-13,Waste Management Team,Repair/cleanup work started
EVT00767,ISSUE0128,Work Completed,2026-08-15,Waste Management Team,Repair/cleanup work completed
EVT00768,ISSUE0128,Issue Closed,2026-08-15,Waste Management Team,Issue marked as resolved
EVT00769,ISSUE0129,Complaint Received,2026-08-14,Waste Management Team,Issue reported by citizen
EVT00770,ISSUE0129,Assigned,2026-08-15,Waste Management Team,Issue assigned to the responsible municipal team
EVT00771,ISSUE0129,Inspection,2026-08-17,Waste Management Team,Municipal staff inspected the reported location
EVT00772,ISSUE0129,Work Started,2026-08-16,Waste Management Team,Repair/cleanup work started
EVT00773,ISSUE0129,Work Completed,2026-08-22,Waste Management Team,Repair/cleanup work completed
EVT00774,ISSUE0129,Issue Closed,2026-08-24,Waste Management Team,Issue marked as resolved
EVT00775,ISSUE0130,Complaint Received,2026-08-07,Road Maintenance Team,Issue reported by citizen
EVT00776,ISSUE0130,Assigned,2026-08-09,Road Maintenance Team,Issue assigned to the responsible municipal team
EVT00777,ISSUE0130,Inspection,2026-08-08,Road Maintenance Team,Municipal staff inspected the reported location
EVT00778,ISSUE0130,Work Started,2026-08-11,Road Maintenance Team,Repair/cleanup work started
EVT00779,ISSUE0130,Work Completed,2026-08-11,Road Maintenance Team,Repair/cleanup work completed
EVT00780,ISSUE0130,Issue Closed,2026-08-13,Road Maintenance Team,Issue marked as resolved
EVT00781,ISSUE0131,Complaint Received,2026-08-06,Road Maintenance Team,Issue reported by citizen
EVT00782,ISSUE0131,Assigned,2026-08-08,Road Maintenance Team,Issue assigned to the responsible municipal team
EVT00783,ISSUE0131,Inspection,2026-08-07,Road Maintenance Team,Municipal staff inspected the reported location
EVT00784,ISSUE0131,Work Started,2026-08-09,Road Maintenance Team,Repair/cleanup work started
EVT00785,ISSUE0131,Work Completed,2026-08-10,Road Maintenance Team,Repair/cleanup work completed
EVT00786,ISSUE0131,Issue Closed,2026-08-14,Road Maintenance Team,Issue marked as resolved
EVT00787,ISSUE0132,Complaint Received,2026-08-20,Electrical Maintenance Team,Issue reported by citizen
EVT00788,ISSUE0132,Assigned,2026-08-21,Electrical Maintenance Team,Issue assigned to the responsible municipal team
EVT00789,ISSUE0132,Inspection,2026-08-22,Electrical Maintenance Team,Municipal staff inspected the reported location
EVT00790,ISSUE0132,Work Started,2026-08-22,Electrical Maintenance Team,Repair/cleanup work started
EVT00791,ISSUE0132,Work Completed,2026-08-25,Electrical Maintenance Team,Repair/cleanup work completed
EVT00792,ISSUE0132,Issue Closed,2026-08-27,Electrical Maintenance Team,Issue marked as resolved
EVT00793,ISSUE0133,Complaint Received,2026-08-10,Waste Management Team,Issue reported by citizen
EVT00794,ISSUE0133,Assigned,2026-08-12,Waste Management Team,Issue assigned to the responsible municipal team
EVT00795,ISSUE0133,Inspection,2026-08-12,Waste Management Team,Municipal staff inspected the reported location
EVT00796,ISSUE0133,Work Started,2026-08-12,Waste Management Team,Repair/cleanup work started
EVT00797,ISSUE0133,Work Completed,2026-08-15,Waste Management Team,Repair/cleanup work completed
EVT00798,ISSUE0133,Issue Closed,2026-08-17,Waste Management Team,Issue marked as resolved
EVT00799,ISSUE0134,Complaint Received,2026-08-19,Waste Management Team,Issue reported by citizen
EVT00800,ISSUE0134,Assigned,2026-08-21,Waste Management Team,Issue assigned to the responsible municipal team
EVT00801,ISSUE0134,Inspection,2026-08-20,Waste Management Team,Municipal staff inspected the reported location
EVT00802,ISSUE0134,Work Started,2026-08-24,Waste Management Team,Repair/cleanup work started
EVT00803,ISSUE0134,Work Completed,2026-08-23,Waste Management Team,Repair/cleanup work completed
EVT00804,ISSUE0134,Issue Closed,2026-08-28,Waste Management Team,Issue marked as resolved
EVT00805,ISSUE0135,Complaint Received,2026-08-21,Road Maintenance Team,Issue reported by citizen
EVT00806,ISSUE0135,Assigned,2026-08-21,Road Maintenance Team,Issue assigned to the responsible municipal team
EVT00807,ISSUE0135,Inspection,2026-08-23,Road Maintenance Team,Municipal staff inspected the reported location
EVT00808,ISSUE0135,Work Started,2026-08-24,Road Maintenance Team,Repair/cleanup work started
EVT00809,ISSUE0135,Work Completed,2026-08-25,Road Maintenance Team,Repair/cleanup work completed
EVT00810,ISSUE0135,Issue Closed,2026-08-26,Road Maintenance Team,Issue marked as resolved
EVT00811,ISSUE0136,Complaint Received,2026-08-10,Road Maintenance Team,Issue reported by citizen
EVT00812,ISSUE0136,Assigned,2026-08-12,Road Maintenance Team,Issue assigned to the responsible municipal team
EVT00813,ISSUE0136,Inspection,2026-08-13,Road Maintenance Team,Municipal staff inspected the reported location
EVT00814,ISSUE0136,Work Started,2026-08-14,Road Maintenance Team,Repair/cleanup work started
EVT00815,ISSUE0136,Work Completed,2026-08-17,Road Maintenance Team,Repair/cleanup work completed
EVT00816,ISSUE0136,Issue Closed,2026-08-15,Road Maintenance Team,Issue marked as resolved
EVT00817,ISSUE0137,Complaint Received,2026-08-10,Electrical Maintenance Team,Issue reported by citizen
EVT00818,ISSUE0137,Assigned,2026-08-12,Electrical Maintenance Team,Issue assigned to the responsible municipal team
EVT00819,ISSUE0137,Inspection,2026-08-12,Electrical Maintenance Team,Municipal staff inspected the reported location
EVT00820,ISSUE0137,Work Started,2026-08-14,Electrical Maintenance Team,Repair/cleanup work started
EVT00821,ISSUE0137,Work Completed,2026-08-18,Electrical Maintenance Team,Repair/cleanup work completed
EVT00822,ISSUE0137,Issue Closed,2026-08-19,Electrical Maintenance Team,Issue marked as resolved
EVT00823,ISSUE0138,Complaint Received,2026-08-15,Electrical Maintenance Team,Issue reported by citizen
EVT00824,ISSUE0138,Assigned,2026-08-15,Electrical Maintenance Team,Issue assigned to the responsible municipal team
EVT00825,ISSUE0138,Inspection,2026-08-18,Electrical Maintenance Team,Municipal staff inspected the reported location
EVT00826,ISSUE0138,Work Started,2026-08-17,Electrical Maintenance Team,Repair/cleanup work started
EVT00827,ISSUE0138,Work Completed,2026-08-22,Electrical Maintenance Team,Repair/cleanup work completed
EVT00828,ISSUE0138,Issue Closed,2026-08-25,Electrical Maintenance Team,Issue marked as resolved
EVT00829,ISSUE0139,Complaint Received,2026-08-20,Electrical Maintenance Team,Issue reported by citizen
EVT00830,ISSUE0139,Assigned,2026-08-21,Electrical Maintenance Team,Issue assigned to the responsible municipal team
EVT00831,ISSUE0139,Inspection,2026-08-21,Electrical Maintenance Team,Municipal staff inspected the reported location
EVT00832,ISSUE0139,Work Started,2026-08-22,Electrical Maintenance Team,Repair/cleanup work started
EVT00833,ISSUE0139,Work Completed,2026-08-25,Electrical Maintenance Team,Repair/cleanup work completed
EVT00834,ISSUE0139,Issue Closed,2026-08-30,Electrical Maintenance Team,Issue marked as resolved
EVT00835,ISSUE0140,Complaint Received,2026-08-19,Waste Management Team,Issue reported by citizen
EVT00836,ISSUE0140,Assigned,2026-08-19,Waste Management Team,Issue assigned to the responsible municipal team
EVT00837,ISSUE0140,Inspection,2026-08-22,Waste Management Team,Municipal staff inspected the reported location
EVT00838,ISSUE0140,Work Started,2026-08-23,Waste Management Team,Repair/cleanup work started
EVT00839,ISSUE0140,Work Completed,2026-08-27,Waste Management Team,Repair/cleanup work completed
EVT00840,ISSUE0140,Issue Closed,2026-08-24,Waste Management Team,Issue marked as resolved
EVT00841,ISSUE0141,Complaint Received,2026-08-16,Road Maintenance Team,Issue reported by citizen
EVT00842,ISSUE0141,Assigned,2026-08-18,Road Maintenance Team,Issue assigned to the responsible municipal team
EVT00843,ISSUE0141,Inspection,2026-08-19,Road Maintenance Team,Municipal staff inspected the reported location
EVT00844,ISSUE0141,Work Started,2026-08-21,Road Maintenance Team,Repair/cleanup work started
EVT00845,ISSUE0141,Work Completed,2026-08-22,Road Maintenance Team,Repair/cleanup work completed
EVT00846,ISSUE0141,Issue Closed,2026-08-22,Road Maintenance Team,Issue marked as resolved
EVT00847,ISSUE0142,Complaint Received,2026-08-14,Waste Management Team,Issue reported by citizen
EVT00848,ISSUE0142,Assigned,2026-08-16,Waste Management Team,Issue assigned to the responsible municipal team
EVT00849,ISSUE0142,Inspection,2026-08-16,Waste Management Team,Municipal staff inspected the reported location
EVT00850,ISSUE0142,Work Started,2026-08-16,Waste Management Team,Repair/cleanup work started
EVT00851,ISSUE0142,Work Completed,2026-08-21,Waste Management Team,Repair/cleanup work completed
EVT00852,ISSUE0142,Issue Closed,2026-08-21,Waste Management Team,Issue marked as resolved
EVT00853,ISSUE0143,Complaint Received,2026-08-11,Electrical Maintenance Team,Issue reported by citizen
EVT00854,ISSUE0143,Assigned,2026-08-12,Electrical Maintenance Team,Issue assigned to the responsible municipal team
EVT00855,ISSUE0143,Inspection,2026-08-14,Electrical Maintenance Team,Municipal staff inspected the reported location
EVT00856,ISSUE0143,Work Started,2026-08-13,Electrical Maintenance Team,Repair/cleanup work started
EVT00857,ISSUE0143,Work Completed,2026-08-16,Electrical Maintenance Team,Repair/cleanup work completed
EVT00858,ISSUE0143,Issue Closed,2026-08-18,Electrical Maintenance Team,Issue marked as resolved
EVT00859,ISSUE0144,Complaint Received,2026-08-16,Electrical Maintenance Team,Issue reported by citizen
EVT00860,ISSUE0144,Assigned,2026-08-17,Electrical Maintenance Team,Issue assigned to the responsible municipal team
EVT00861,ISSUE0144,Inspection,2026-08-19,Electrical Maintenance Team,Municipal staff inspected the reported location
EVT00862,ISSUE0144,Work Started,2026-08-21,Electrical Maintenance Team,Repair/cleanup work started
EVT00863,ISSUE0144,Work Completed,2026-08-24,Electrical Maintenance Team,Repair/cleanup work completed
EVT00864,ISSUE0144,Issue Closed,2026-08-21,Electrical Maintenance Team,Issue marked as resolved
EVT00865,ISSUE0145,Complaint Received,2026-08-03,Electrical Maintenance Team,Issue reported by citizen
EVT00866,ISSUE0145,Assigned,2026-08-04,Electrical Maintenance Team,Issue assigned to the responsible municipal team
EVT00867,ISSUE0145,Inspection,2026-08-05,Electrical Maintenance Team,Municipal staff inspected the reported location
EVT00868,ISSUE0145,Work Started,2026-08-07,Electrical Maintenance Team,Repair/cleanup work started
EVT00869,ISSUE0145,Work Completed,2026-08-07,Electrical Maintenance Team,Repair/cleanup work completed
EVT00870,ISSUE0145,Issue Closed,2026-08-11,Electrical Maintenance Team,Issue marked as resolved
EVT00871,ISSUE0146,Complaint Received,2026-08-01,Waste Management Team,Issue reported by citizen
EVT00872,ISSUE0146,Assigned,2026-08-03,Waste Management Team,Issue assigned to the responsible municipal team
EVT00873,ISSUE0146,Inspection,2026-08-04,Waste Management Team,Municipal staff inspected the reported location
EVT00874,ISSUE0146,Work Started,2026-08-06,Waste Management Team,Repair/cleanup work started
EVT00875,ISSUE0146,Work Completed,2026-08-08,Waste Management Team,Repair/cleanup work completed
EVT00876,ISSUE0146,Issue Closed,2026-08-06,Waste Management Team,Issue marked as resolved
EVT00877,ISSUE0147,Complaint Received,2026-08-17,Road Maintenance Team,Issue reported by citizen
EVT00878,ISSUE0147,Assigned,2026-08-18,Road Maintenance Team,Issue assigned to the responsible municipal team
EVT00879,ISSUE0147,Inspection,2026-08-20,Road Maintenance Team,Municipal staff inspected the reported location
EVT00880,ISSUE0147,Work Started,2026-08-22,Road Maintenance Team,Repair/cleanup work started
EVT00881,ISSUE0147,Work Completed,2026-08-24,Road Maintenance Team,Repair/cleanup work completed
EVT00882,ISSUE0147,Issue Closed,2026-08-22,Road Maintenance Team,Issue marked as resolved
EVT00883,ISSUE0148,Complaint Received,2026-08-09,Road Maintenance Team,Issue reported by citizen
EVT00884,ISSUE0148,Assigned,2026-08-11,Road Maintenance Team,Issue assigned to the responsible municipal team
EVT00885,ISSUE0148,Inspection,2026-08-10,Road Maintenance Team,Municipal staff inspected the reported location
EVT00886,ISSUE0148,Work Started,2026-08-13,Road Maintenance Team,Repair/cleanup work started
EVT00887,ISSUE0148,Work Completed,2026-08-16,Road Maintenance Team,Repair/cleanup work completed
EVT00888,ISSUE0148,Issue Closed,2026-08-19,Road Maintenance Team,Issue marked as resolved
EVT00889,ISSUE0149,Complaint Received,2026-08-04,Electrical Maintenance Team,Issue reported by citizen
EVT00890,ISSUE0149,Assigned,2026-08-04,Electrical Maintenance Team,Issue assigned to the responsible municipal team
EVT00891,ISSUE0149,Inspection,2026-08-07,Electrical Maintenance Team,Municipal staff inspected the reported location
EVT00892,ISSUE0149,Work Started,2026-08-07,Electrical Maintenance Team,Repair/cleanup work started
EVT00893,ISSUE0149,Work Completed,2026-08-09,Electrical Maintenance Team,Repair/cleanup work completed
EVT00894,ISSUE0149,Issue Closed,2026-08-11,Electrical Maintenance Team,Issue marked as resolved
EVT00895,ISSUE0150,Complaint Received,2026-08-01,Waste Management Team,Issue reported by citizen
EVT00896,ISSUE0150,Assigned,2026-08-03,Waste Management Team,Issue assigned to the responsible municipal team
EVT00897,ISSUE0150,Inspection,2026-08-03,Waste Management Team,Municipal staff inspected the reported location
EVT00898,ISSUE0150,Work Started,2026-08-03,Waste Management Team,Repair/cleanup work started
EVT00899,ISSUE0150,Work Completed,2026-08-06,Waste Management Team,Repair/cleanup work completed
EVT00900,ISSUE0150,Issue Closed,2026-08-06,Waste Management Team,Issue marked as resolved
EVT00901,ISSUE0151,Complaint Received,2026-08-04,Electrical Maintenance Team,Issue reported by citizen
EVT00902,ISSUE0151,Assigned,2026-08-06,Electrical Maintenance Team,Issue assigned to the responsible municipal team
EVT00903,ISSUE0151,Inspection,2026-08-05,Electrical Maintenance Team,Municipal staff inspected the reported location
EVT00904,ISSUE0151,Work Started,2026-08-09,Electrical Maintenance Team,Repair/cleanup work started
EVT00905,ISSUE0151,Work Completed,2026-08-10,Electrical Maintenance Team,Repair/cleanup work completed
EVT00906,ISSUE0151,Issue Closed,2026-08-13,Electrical Maintenance Team,Issue marked as resolved
EVT00907,ISSUE0152,Complaint Received,2026-08-09,Waste Management Team,Issue reported by citizen
EVT00908,ISSUE0152,Assigned,2026-08-10,Waste Management Team,Issue assigned to the responsible municipal team
EVT00909,ISSUE0152,Inspection,2026-08-11,Waste Management Team,Municipal staff inspected the reported location
EVT00910,ISSUE0152,Work Started,2026-08-14,Waste Management Team,Repair/cleanup work started
EVT00911,ISSUE0152,Work Completed,2026-08-14,Waste Management Team,Repair/cleanup work completed
EVT00912,ISSUE0152,Issue Closed,2026-08-17,Waste Management Team,Issue marked as resolved
EVT00913,ISSUE0153,Complaint Received,2026-08-05,Waste Management Team,Issue reported by citizen
EVT00914,ISSUE0153,Assigned,2026-08-06,Waste Management Team,Issue assigned to the responsible municipal team
EVT00915,ISSUE0153,Inspection,2026-08-06,Waste Management Team,Municipal staff inspected the reported location
EVT00916,ISSUE0153,Work Started,2026-08-08,Waste Management Team,Repair/cleanup work started
EVT00917,ISSUE0153,Work Completed,2026-08-09,Waste Management Team,Repair/cleanup work completed
EVT00918,ISSUE0153,Issue Closed,2026-08-12,Waste Management Team,Issue marked as resolved
EVT00919,ISSUE0154,Complaint Received,2026-08-11,Electrical Maintenance Team,Issue reported by citizen
EVT00920,ISSUE0154,Assigned,2026-08-13,Electrical Maintenance Team,Issue assigned to the responsible municipal team
EVT00921,ISSUE0154,Inspection,2026-08-13,Electrical Maintenance Team,Municipal staff inspected the reported location
EVT00922,ISSUE0154,Work Started,2026-08-13,Electrical Maintenance Team,Repair/cleanup work started
EVT00923,ISSUE0154,Work Completed,2026-08-17,Electrical Maintenance Team,Repair/cleanup work completed
EVT00924,ISSUE0154,Issue Closed,2026-08-21,Electrical Maintenance Team,Issue marked as resolved
EVT00925,ISSUE0155,Complaint Received,2026-08-19,Electrical Maintenance Team,Issue reported by citizen
EVT00926,ISSUE0155,Assigned,2026-08-21,Electrical Maintenance Team,Issue assigned to the responsible municipal team
EVT00927,ISSUE0155,Inspection,2026-08-22,Electrical Maintenance Team,Municipal staff inspected the reported location
EVT00928,ISSUE0155,Work Started,2026-08-24,Electrical Maintenance Team,Repair/cleanup work started
EVT00929,ISSUE0155,Work Completed,2026-08-24,Electrical Maintenance Team,Repair/cleanup work completed
EVT00930,ISSUE0155,Issue Closed,2026-08-27,Electrical Maintenance Team,Issue marked as resolved
EVT00931,ISSUE0156,Complaint Received,2026-08-16,Waste Management Team,Issue reported by citizen
EVT00932,ISSUE0156,Assigned,2026-08-17,Waste Management Team,Issue assigned to the responsible municipal team
EVT00933,ISSUE0156,Inspection,2026-08-18,Waste Management Team,Municipal staff inspected the reported location
EVT00934,ISSUE0156,Work Started,2026-08-21,Waste Management Team,Repair/cleanup work started
EVT00935,ISSUE0156,Work Completed,2026-08-23,Waste Management Team,Repair/cleanup work completed
EVT00936,ISSUE0156,Issue Closed,2026-08-23,Waste Management Team,Issue marked as resolved
EVT00937,ISSUE0157,Complaint Received,2026-08-08,Road Maintenance Team,Issue reported by citizen
EVT00938,ISSUE0157,Assigned,2026-08-10,Road Maintenance Team,Issue assigned to the responsible municipal team
EVT00939,ISSUE0157,Inspection,2026-08-10,Road Maintenance Team,Municipal staff inspected the reported location
EVT00940,ISSUE0157,Work Started,2026-08-11,Road Maintenance Team,Repair/cleanup work started
EVT00941,ISSUE0157,Work Completed,2026-08-15,Road Maintenance Team,Repair/cleanup work completed
EVT00942,ISSUE0157,Issue Closed,2026-08-13,Road Maintenance Team,Issue marked as resolved
EVT00943,ISSUE0158,Complaint Received,2026-08-16,Electrical Maintenance Team,Issue reported by citizen
EVT00944,ISSUE0158,Assigned,2026-08-18,Electrical Maintenance Team,Issue assigned to the responsible municipal team
EVT00945,ISSUE0158,Inspection,2026-08-18,Electrical Maintenance Team,Municipal staff inspected the reported location
EVT00946,ISSUE0158,Work Started,2026-08-21,Electrical Maintenance Team,Repair/cleanup work started
EVT00947,ISSUE0158,Work Completed,2026-08-21,Electrical Maintenance Team,Repair/cleanup work completed
EVT00948,ISSUE0158,Issue Closed,2026-08-24,Electrical Maintenance Team,Issue marked as resolved
EVT00949,ISSUE0159,Complaint Received,2026-08-05,Road Maintenance Team,Issue reported by citizen
EVT00950,ISSUE0159,Assigned,2026-08-07,Road Maintenance Team,Issue assigned to the responsible municipal team
EVT00951,ISSUE0159,Inspection,2026-08-08,Road Maintenance Team,Municipal staff inspected the reported location
EVT00952,ISSUE0159,Work Started,2026-08-09,Road Maintenance Team,Repair/cleanup work started
EVT00953,ISSUE0159,Work Completed,2026-08-09,Road Maintenance Team,Repair/cleanup work completed
EVT00954,ISSUE0159,Issue Closed,2026-08-13,Road Maintenance Team,Issue marked as resolved
EVT00955,ISSUE0160,Complaint Received,2026-08-17,Road Maintenance Team,Issue reported by citizen
EVT00956,ISSUE0160,Assigned,2026-08-18,Road Maintenance Team,Issue assigned to the responsible municipal team
EVT00957,ISSUE0160,Inspection,2026-08-18,Road Maintenance Team,Municipal staff inspected the reported location
EVT00958,ISSUE0160,Work Started,2026-08-20,Road Maintenance Team,Repair/cleanup work started
EVT00959,ISSUE0160,Work Completed,2026-08-24,Road Maintenance Team,Repair/cleanup work completed
EVT00960,ISSUE0160,Issue Closed,2026-08-27,Road Maintenance Team,Issue marked as resolved
EVT00961,ISSUE0161,Complaint Received,2026-08-03,Road Maintenance Team,Issue reported by citizen
EVT00962,ISSUE0161,Assigned,2026-08-04,Road Maintenance Team,Issue assigned to the responsible municipal team
EVT00963,ISSUE0161,Inspection,2026-08-05,Road Maintenance Team,Municipal staff inspected the reported location
EVT00964,ISSUE0161,Work Started,2026-08-07,Road Maintenance Team,Repair/cleanup work started
EVT00965,ISSUE0161,Work Completed,2026-08-11,Road Maintenance Team,Repair/cleanup work completed
EVT00966,ISSUE0161,Issue Closed,2026-08-13,Road Maintenance Team,Issue marked as resolved
EVT00967,ISSUE0162,Complaint Received,2026-08-21,Electrical Maintenance Team,Issue reported by citizen
EVT00968,ISSUE0162,Assigned,2026-08-21,Electrical Maintenance Team,Issue assigned to the responsible municipal team
EVT00969,ISSUE0162,Inspection,2026-08-23,Electrical Maintenance Team,Municipal staff inspected the reported location
EVT00970,ISSUE0162,Work Started,2026-08-26,Electrical Maintenance Team,Repair/cleanup work started
EVT00971,ISSUE0162,Work Completed,2026-08-27,Electrical Maintenance Team,Repair/cleanup work completed
EVT00972,ISSUE0162,Issue Closed,2026-08-31,Electrical Maintenance Team,Issue marked as resolved
EVT00973,ISSUE0163,Complaint Received,2026-08-16,Waste Management Team,Issue reported by citizen
EVT00974,ISSUE0163,Assigned,2026-08-18,Waste Management Team,Issue assigned to the responsible municipal team
EVT00975,ISSUE0163,Inspection,2026-08-17,Waste Management Team,Municipal staff inspected the reported location
EVT00976,ISSUE0163,Work Started,2026-08-18,Waste Management Team,Repair/cleanup work started
EVT00977,ISSUE0163,Work Completed,2026-08-21,Waste Management Team,Repair/cleanup work completed
EVT00978,ISSUE0163,Issue Closed,2026-08-26,Waste Management Team,Issue marked as resolved
EVT00979,ISSUE0164,Complaint Received,2026-08-10,Waste Management Team,Issue reported by citizen
EVT00980,ISSUE0164,Assigned,2026-08-10,Waste Management Team,Issue assigned to the responsible municipal team
EVT00981,ISSUE0164,Inspection,2026-08-13,Waste Management Team,Municipal staff inspected the reported location
EVT00982,ISSUE0164,Work Started,2026-08-12,Waste Management Team,Repair/cleanup work started
EVT00983,ISSUE0164,Work Completed,2026-08-17,Waste Management Team,Repair/cleanup work completed
EVT00984,ISSUE0164,Issue Closed,2026-08-15,Waste Management Team,Issue marked as resolved
EVT00985,ISSUE0165,Complaint Received,2026-08-04,Waste Management Team,Issue reported by citizen
EVT00986,ISSUE0165,Assigned,2026-08-05,Waste Management Team,Issue assigned to the responsible municipal team
EVT00987,ISSUE0165,Inspection,2026-08-05,Waste Management Team,Municipal staff inspected the reported location
EVT00988,ISSUE0165,Work Started,2026-08-08,Waste Management Team,Repair/cleanup work started
EVT00989,ISSUE0165,Work Completed,2026-08-08,Waste Management Team,Repair/cleanup work completed
EVT00990,ISSUE0165,Issue Closed,2026-08-09,Waste Management Team,Issue marked as resolved
EVT00991,ISSUE0166,Complaint Received,2026-08-02,Electrical Maintenance Team,Issue reported by citizen
EVT00992,ISSUE0166,Assigned,2026-08-03,Electrical Maintenance Team,Issue assigned to the responsible municipal team
EVT00993,ISSUE0166,Inspection,2026-08-04,Electrical Maintenance Team,Municipal staff inspected the reported location
EVT00994,ISSUE0166,Work Started,2026-08-06,Electrical Maintenance Team,Repair/cleanup work started
EVT00995,ISSUE0166,Work Completed,2026-08-09,Electrical Maintenance Team,Repair/cleanup work completed
EVT00996,ISSUE0166,Issue Closed,2026-08-08,Electrical Maintenance Team,Issue marked as resolved
EVT00997,ISSUE0167,Complaint Received,2026-08-17,Road Maintenance Team,Issue reported by citizen
EVT00998,ISSUE0167,Assigned,2026-08-18,Road Maintenance Team,Issue assigned to the responsible municipal team
EVT00999,ISSUE0167,Inspection,2026-08-20,Road Maintenance Team,Municipal staff inspected the reported location
EVT01000,ISSUE0167,Work Started,2026-08-20,Road Maintenance Team,Repair/cleanup work started
EVT01001,ISSUE0167,Work Completed,2026-08-22,Road Maintenance Team,Repair/cleanup work completed
EVT01002,ISSUE0167,Issue Closed,2026-08-23,Road Maintenance Team,Issue marked as resolved
EVT01003,ISSUE0168,Complaint Received,2026-08-20,Road Maintenance Team,Issue reported by citizen
EVT01004,ISSUE0168,Assigned,2026-08-21,Road Maintenance Team,Issue assigned to the responsible municipal team
EVT01005,ISSUE0168,Inspection,2026-08-23,Road Maintenance Team,Municipal staff inspected the reported location
EVT01006,ISSUE0168,Work Started,2026-08-23,Road Maintenance Team,Repair/cleanup work started
EVT01007,ISSUE0168,Work Completed,2026-08-27,Road Maintenance Team,Repair/cleanup work completed
EVT01008,ISSUE0168,Issue Closed,2026-08-29,Road Maintenance Team,Issue marked as resolved
EVT01009,ISSUE0169,Complaint Received,2026-08-08,Road Maintenance Team,Issue reported by citizen
EVT01010,ISSUE0169,Assigned,2026-08-09,Road Maintenance Team,Issue assigned to the responsible municipal team
EVT01011,ISSUE0169,Inspection,2026-08-11,Road Maintenance Team,Municipal staff inspected the reported location
EVT01012,ISSUE0169,Work Started,2026-08-12,Road Maintenance Team,Repair/cleanup work started
EVT01013,ISSUE0169,Work Completed,2026-08-15,Road Maintenance Team,Repair/cleanup work completed
EVT01014,ISSUE0169,Issue Closed,2026-08-15,Road Maintenance Team,Issue marked as resolved
EVT01015,ISSUE0170,Complaint Received,2026-08-01,Waste Management Team,Issue reported by citizen
EVT01016,ISSUE0170,Assigned,2026-08-02,Waste Management Team,Issue assigned to the responsible municipal team
EVT01017,ISSUE0170,Inspection,2026-08-03,Waste Management Team,Municipal staff inspected the reported location
EVT01018,ISSUE0170,Work Started,2026-08-04,Waste Management Team,Repair/cleanup work started
EVT01019,ISSUE0170,Work Completed,2026-08-05,Waste Management Team,Repair/cleanup work completed
EVT01020,ISSUE0170,Issue Closed,2026-08-09,Waste Management Team,Issue marked as resolved
EVT01021,ISSUE0171,Complaint Received,2026-08-19,Electrical Maintenance Team,Issue reported by citizen
EVT01022,ISSUE0171,Assigned,2026-08-20,Electrical Maintenance Team,Issue assigned to the responsible municipal team
EVT01023,ISSUE0171,Inspection,2026-08-22,Electrical Maintenance Team,Municipal staff inspected the reported location
EVT01024,ISSUE0171,Work Started,2026-08-24,Electrical Maintenance Team,Repair/cleanup work started
EVT01025,ISSUE0171,Work Completed,2026-08-25,Electrical Maintenance Team,Repair/cleanup work completed
EVT01026,ISSUE0171,Issue Closed,2026-08-27,Electrical Maintenance Team,Issue marked as resolved
EVT01027,ISSUE0172,Complaint Received,2026-08-07,Electrical Maintenance Team,Issue reported by citizen
EVT01028,ISSUE0172,Assigned,2026-08-08,Electrical Maintenance Team,Issue assigned to the responsible municipal team
EVT01029,ISSUE0172,Inspection,2026-08-09,Electrical Maintenance Team,Municipal staff inspected the reported location
EVT01030,ISSUE0172,Work Started,2026-08-09,Electrical Maintenance Team,Repair/cleanup work started
EVT01031,ISSUE0172,Work Completed,2026-08-12,Electrical Maintenance Team,Repair/cleanup work completed
EVT01032,ISSUE0172,Issue Closed,2026-08-15,Electrical Maintenance Team,Issue marked as resolved
EVT01033,ISSUE0173,Complaint Received,2026-08-12,Waste Management Team,Issue reported by citizen
EVT01034,ISSUE0173,Assigned,2026-08-14,Waste Management Team,Issue assigned to the responsible municipal team
EVT01035,ISSUE0173,Inspection,2026-08-14,Waste Management Team,Municipal staff inspected the reported location
EVT01036,ISSUE0173,Work Started,2026-08-16,Waste Management Team,Repair/cleanup work started
EVT01037,ISSUE0173,Work Completed,2026-08-16,Waste Management Team,Repair/cleanup work completed
EVT01038,ISSUE0173,Issue Closed,2026-08-22,Waste Management Team,Issue marked as resolved
EVT01039,ISSUE0174,Complaint Received,2026-08-09,Electrical Maintenance Team,Issue reported by citizen
EVT01040,ISSUE0174,Assigned,2026-08-09,Electrical Maintenance Team,Issue assigned to the responsible municipal team
EVT01041,ISSUE0174,Inspection,2026-08-12,Electrical Maintenance Team,Municipal staff inspected the reported location
EVT01042,ISSUE0174,Work Started,2026-08-11,Electrical Maintenance Team,Repair/cleanup work started
EVT01043,ISSUE0174,Work Completed,2026-08-17,Electrical Maintenance Team,Repair/cleanup work completed
EVT01044,ISSUE0174,Issue Closed,2026-08-19,Electrical Maintenance Team,Issue marked as resolved
EVT01045,ISSUE0175,Complaint Received,2026-08-10,Electrical Maintenance Team,Issue reported by citizen
EVT01046,ISSUE0175,Assigned,2026-08-10,Electrical Maintenance Team,Issue assigned to the responsible municipal team
EVT01047,ISSUE0175,Inspection,2026-08-13,Electrical Maintenance Team,Municipal staff inspected the reported location
EVT01048,ISSUE0175,Work Started,2026-08-14,Electrical Maintenance Team,Repair/cleanup work started
EVT01049,ISSUE0175,Work Completed,2026-08-15,Electrical Maintenance Team,Repair/cleanup work completed
EVT01050,ISSUE0175,Issue Closed,2026-08-20,Electrical Maintenance Team,Issue marked as resolved
EVT01051,ISSUE0176,Complaint Received,2026-08-20,Road Maintenance Team,Issue reported by citizen
EVT01052,ISSUE0176,Assigned,2026-08-21,Road Maintenance Team,Issue assigned to the responsible municipal team
EVT01053,ISSUE0176,Inspection,2026-08-23,Road Maintenance Team,Municipal staff inspected the reported location
EVT01054,ISSUE0176,Work Started,2026-08-23,Road Maintenance Team,Repair/cleanup work started
EVT01055,ISSUE0176,Work Completed,2026-08-24,Road Maintenance Team,Repair/cleanup work completed
EVT01056,ISSUE0176,Issue Closed,2026-08-30,Road Maintenance Team,Issue marked as resolved
EVT01057,ISSUE0177,Complaint Received,2026-08-02,Waste Management Team,Issue reported by citizen
EVT01058,ISSUE0177,Assigned,2026-08-03,Waste Management Team,Issue assigned to the responsible municipal team
EVT01059,ISSUE0177,Inspection,2026-08-04,Waste Management Team,Municipal staff inspected the reported location
EVT01060,ISSUE0177,Work Started,2026-08-04,Waste Management Team,Repair/cleanup work started
EVT01061,ISSUE0177,Work Completed,2026-08-10,Waste Management Team,Repair/cleanup work completed
EVT01062,ISSUE0177,Issue Closed,2026-08-09,Waste Management Team,Issue marked as resolved
EVT01063,ISSUE0178,Complaint Received,2026-08-05,Waste Management Team,Issue reported by citizen
EVT01064,ISSUE0178,Assigned,2026-08-05,Waste Management Team,Issue assigned to the responsible municipal team
EVT01065,ISSUE0178,Inspection,2026-08-07,Waste Management Team,Municipal staff inspected the reported location
EVT01066,ISSUE0178,Work Started,2026-08-09,Waste Management Team,Repair/cleanup work started
EVT01067,ISSUE0178,Work Completed,2026-08-12,Waste Management Team,Repair/cleanup work completed
EVT01068,ISSUE0178,Issue Closed,2026-08-11,Waste Management Team,Issue marked as resolved
EVT01069,ISSUE0179,Complaint Received,2026-08-05,Road Maintenance Team,Issue reported by citizen
EVT01070,ISSUE0179,Assigned,2026-08-07,Road Maintenance Team,Issue assigned to the responsible municipal team
EVT01071,ISSUE0179,Inspection,2026-08-07,Road Maintenance Team,Municipal staff inspected the reported location
EVT01072,ISSUE0179,Work Started,2026-08-09,Road Maintenance Team,Repair/cleanup work started
EVT01073,ISSUE0179,Work Completed,2026-08-10,Road Maintenance Team,Repair/cleanup work completed
EVT01074,ISSUE0179,Issue Closed,2026-08-12,Road Maintenance Team,Issue marked as resolved
EVT01075,ISSUE0180,Complaint Received,2026-08-10,Electrical Maintenance Team,Issue reported by citizen
EVT01076,ISSUE0180,Assigned,2026-08-12,Electrical Maintenance Team,Issue assigned to the responsible municipal team
EVT01077,ISSUE0180,Inspection,2026-08-12,Electrical Maintenance Team,Municipal staff inspected the reported location
EVT01078,ISSUE0180,Work Started,2026-08-12,Electrical Maintenance Team,Repair/cleanup work started
EVT01079,ISSUE0180,Work Completed,2026-08-17,Electrical Maintenance Team,Repair/cleanup work completed
EVT01080,ISSUE0180,Issue Closed,2026-08-15,Electrical Maintenance Team,Issue marked as resolved
EVT01081,ISSUE0181,Complaint Received,2026-08-08,Road Maintenance Team,Issue reported by citizen
EVT01082,ISSUE0181,Assigned,2026-08-10,Road Maintenance Team,Issue assigned to the responsible municipal team
EVT01083,ISSUE0181,Inspection,2026-08-11,Road Maintenance Team,Municipal staff inspected the reported location
EVT01084,ISSUE0181,Work Started,2026-08-13,Road Maintenance Team,Repair/cleanup work started
EVT01085,ISSUE0181,Work Completed,2026-08-16,Road Maintenance Team,Repair/cleanup work completed
EVT01086,ISSUE0181,Issue Closed,2026-08-15,Road Maintenance Team,Issue marked as resolved
EVT01087,ISSUE0182,Complaint Received,2026-08-13,Road Maintenance Team,Issue reported by citizen
EVT01088,ISSUE0182,Assigned,2026-08-13,Road Maintenance Team,Issue assigned to the responsible municipal team
EVT01089,ISSUE0182,Inspection,2026-08-15,Road Maintenance Team,Municipal staff inspected the reported location
EVT01090,ISSUE0182,Work Started,2026-08-15,Road Maintenance Team,Repair/cleanup work started
EVT01091,ISSUE0182,Work Completed,2026-08-20,Road Maintenance Team,Repair/cleanup work completed
EVT01092,ISSUE0182,Issue Closed,2026-08-20,Road Maintenance Team,Issue marked as resolved
EVT01093,ISSUE0183,Complaint Received,2026-08-09,Waste Management Team,Issue reported by citizen
EVT01094,ISSUE0183,Assigned,2026-08-11,Waste Management Team,Issue assigned to the responsible municipal team
EVT01095,ISSUE0183,Inspection,2026-08-11,Waste Management Team,Municipal staff inspected the reported location
EVT01096,ISSUE0183,Work Started,2026-08-13,Waste Management Team,Repair/cleanup work started
EVT01097,ISSUE0183,Work Completed,2026-08-13,Waste Management Team,Repair/cleanup work completed
EVT01098,ISSUE0183,Issue Closed,2026-08-19,Waste Management Team,Issue marked as resolved
EVT01099,ISSUE0184,Complaint Received,2026-08-16,Road Maintenance Team,Issue reported by citizen
EVT01100,ISSUE0184,Assigned,2026-08-16,Road Maintenance Team,Issue assigned to the responsible municipal team
EVT01101,ISSUE0184,Inspection,2026-08-19,Road Maintenance Team,Municipal staff inspected the reported location
EVT01102,ISSUE0184,Work Started,2026-08-20,Road Maintenance Team,Repair/cleanup work started
EVT01103,ISSUE0184,Work Completed,2026-08-24,Road Maintenance Team,Repair/cleanup work completed
EVT01104,ISSUE0184,Issue Closed,2026-08-22,Road Maintenance Team,Issue marked as resolved
EVT01105,ISSUE0185,Complaint Received,2026-08-03,Waste Management Team,Issue reported by citizen
EVT01106,ISSUE0185,Assigned,2026-08-05,Waste Management Team,Issue assigned to the responsible municipal team
EVT01107,ISSUE0185,Inspection,2026-08-05,Waste Management Team,Municipal staff inspected the reported location
EVT01108,ISSUE0185,Work Started,2026-08-07,Waste Management Team,Repair/cleanup work started
EVT01109,ISSUE0185,Work Completed,2026-08-10,Waste Management Team,Repair/cleanup work completed
EVT01110,ISSUE0185,Issue Closed,2026-08-08,Waste Management Team,Issue marked as resolved
EVT01111,ISSUE0186,Complaint Received,2026-08-02,Road Maintenance Team,Issue reported by citizen
EVT01112,ISSUE0186,Assigned,2026-08-02,Road Maintenance Team,Issue assigned to the responsible municipal team
EVT01113,ISSUE0186,Inspection,2026-08-04,Road Maintenance Team,Municipal staff inspected the reported location
EVT01114,ISSUE0186,Work Started,2026-08-07,Road Maintenance Team,Repair/cleanup work started
EVT01115,ISSUE0186,Work Completed,2026-08-06,Road Maintenance Team,Repair/cleanup work completed
EVT01116,ISSUE0186,Issue Closed,2026-08-07,Road Maintenance Team,Issue marked as resolved
EVT01117,ISSUE0187,Complaint Received,2026-08-18,Road Maintenance Team,Issue reported by citizen
EVT01118,ISSUE0187,Assigned,2026-08-18,Road Maintenance Team,Issue assigned to the responsible municipal team
EVT01119,ISSUE0187,Inspection,2026-08-20,Road Maintenance Team,Municipal staff inspected the reported location
EVT01120,ISSUE0187,Work Started,2026-08-23,Road Maintenance Team,Repair/cleanup work started
EVT01121,ISSUE0187,Work Completed,2026-08-24,Road Maintenance Team,Repair/cleanup work completed
EVT01122,ISSUE0187,Issue Closed,2026-08-28,Road Maintenance Team,Issue marked as resolved
EVT01123,ISSUE0188,Complaint Received,2026-08-18,Waste Management Team,Issue reported by citizen
EVT01124,ISSUE0188,Assigned,2026-08-19,Waste Management Team,Issue assigned to the responsible municipal team
EVT01125,ISSUE0188,Inspection,2026-08-21,Waste Management Team,Municipal staff inspected the reported location
EVT01126,ISSUE0188,Work Started,2026-08-21,Waste Management Team,Repair/cleanup work started
EVT01127,ISSUE0188,Work Completed,2026-08-25,Waste Management Team,Repair/cleanup work completed
EVT01128,ISSUE0188,Issue Closed,2026-08-28,Waste Management Team,Issue marked as resolved
EVT01129,ISSUE0189,Complaint Received,2026-08-16,Road Maintenance Team,Issue reported by citizen
EVT01130,ISSUE0189,Assigned,2026-08-18,Road Maintenance Team,Issue assigned to the responsible municipal team
EVT01131,ISSUE0189,Inspection,2026-08-18,Road Maintenance Team,Municipal staff inspected the reported location
EVT01132,ISSUE0189,Work Started,2026-08-20,Road Maintenance Team,Repair/cleanup work started
EVT01133,ISSUE0189,Work Completed,2026-08-20,Road Maintenance Team,Repair/cleanup work completed
EVT01134,ISSUE0189,Issue Closed,2026-08-26,Road Maintenance Team,Issue marked as resolved
EVT01135,ISSUE0190,Complaint Received,2026-08-07,Electrical Maintenance Team,Issue reported by citizen
EVT01136,ISSUE0190,Assigned,2026-08-08,Electrical Maintenance Team,Issue assigned to the responsible municipal team
EVT01137,ISSUE0190,Inspection,2026-08-09,Electrical Maintenance Team,Municipal staff inspected the reported location
EVT01138,ISSUE0190,Work Started,2026-08-10,Electrical Maintenance Team,Repair/cleanup work started
EVT01139,ISSUE0190,Work Completed,2026-08-13,Electrical Maintenance Team,Repair/cleanup work completed
EVT01140,ISSUE0190,Issue Closed,2026-08-12,Electrical Maintenance Team,Issue marked as resolved
EVT01141,ISSUE0191,Complaint Received,2026-08-12,Waste Management Team,Issue reported by citizen
EVT01142,ISSUE0191,Assigned,2026-08-14,Waste Management Team,Issue assigned to the responsible municipal team
EVT01143,ISSUE0191,Inspection,2026-08-15,Waste Management Team,Municipal staff inspected the reported location
EVT01144,ISSUE0191,Work Started,2026-08-16,Waste Management Team,Repair/cleanup work started
EVT01145,ISSUE0191,Work Completed,2026-08-16,Waste Management Team,Repair/cleanup work completed
EVT01146,ISSUE0191,Issue Closed,2026-08-20,Waste Management Team,Issue marked as resolved
EVT01147,ISSUE0192,Complaint Received,2026-08-07,Electrical Maintenance Team,Issue reported by citizen
EVT01148,ISSUE0192,Assigned,2026-08-07,Electrical Maintenance Team,Issue assigned to the responsible municipal team
EVT01149,ISSUE0192,Inspection,2026-08-09,Electrical Maintenance Team,Municipal staff inspected the reported location
EVT01150,ISSUE0192,Work Started,2026-08-09,Electrical Maintenance Team,Repair/cleanup work started
EVT01151,ISSUE0192,Work Completed,2026-08-12,Electrical Maintenance Team,Repair/cleanup work completed
EVT01152,ISSUE0192,Issue Closed,2026-08-17,Electrical Maintenance Team,Issue marked as resolved
EVT01153,ISSUE0193,Complaint Received,2026-08-20,Waste Management Team,Issue reported by citizen
EVT01154,ISSUE0193,Assigned,2026-08-20,Waste Management Team,Issue assigned to the responsible municipal team
EVT01155,ISSUE0193,Inspection,2026-08-21,Waste Management Team,Municipal staff inspected the reported location
EVT01156,ISSUE0193,Work Started,2026-08-24,Waste Management Team,Repair/cleanup work started
EVT01157,ISSUE0193,Work Completed,2026-08-25,Waste Management Team,Repair/cleanup work completed
EVT01158,ISSUE0193,Issue Closed,2026-08-26,Waste Management Team,Issue marked as resolved
EVT01159,ISSUE0194,Complaint Received,2026-08-07,Waste Management Team,Issue reported by citizen
EVT01160,ISSUE0194,Assigned,2026-08-07,Waste Management Team,Issue assigned to the responsible municipal team
EVT01161,ISSUE0194,Inspection,2026-08-10,Waste Management Team,Municipal staff inspected the reported location
EVT01162,ISSUE0194,Work Started,2026-08-10,Waste Management Team,Repair/cleanup work started
EVT01163,ISSUE0194,Work Completed,2026-08-15,Waste Management Team,Repair/cleanup work completed
EVT01164,ISSUE0194,Issue Closed,2026-08-13,Waste Management Team,Issue marked as resolved
EVT01165,ISSUE0195,Complaint Received,2026-08-11,Road Maintenance Team,Issue reported by citizen
EVT01166,ISSUE0195,Assigned,2026-08-11,Road Maintenance Team,Issue assigned to the responsible municipal team
EVT01167,ISSUE0195,Inspection,2026-08-14,Road Maintenance Team,Municipal staff inspected the reported location
EVT01168,ISSUE0195,Work Started,2026-08-13,Road Maintenance Team,Repair/cleanup work started
EVT01169,ISSUE0195,Work Completed,2026-08-17,Road Maintenance Team,Repair/cleanup work completed
EVT01170,ISSUE0195,Issue Closed,2026-08-17,Road Maintenance Team,Issue marked as resolved
EVT01171,ISSUE0196,Complaint Received,2026-08-18,Road Maintenance Team,Issue reported by citizen
EVT01172,ISSUE0196,Assigned,2026-08-19,Road Maintenance Team,Issue assigned to the responsible municipal team
EVT01173,ISSUE0196,Inspection,2026-08-19,Road Maintenance Team,Municipal staff inspected the reported location
EVT01174,ISSUE0196,Work Started,2026-08-20,Road Maintenance Team,Repair/cleanup work started
EVT01175,ISSUE0196,Work Completed,2026-08-22,Road Maintenance Team,Repair/cleanup work completed
EVT01176,ISSUE0196,Issue Closed,2026-08-24,Road Maintenance Team,Issue marked as resolved
EVT01177,ISSUE0197,Complaint Received,2026-08-12,Road Maintenance Team,Issue reported by citizen
EVT01178,ISSUE0197,Assigned,2026-08-12,Road Maintenance Team,Issue assigned to the responsible municipal team
EVT01179,ISSUE0197,Inspection,2026-08-15,Road Maintenance Team,Municipal staff inspected the reported location
EVT01180,ISSUE0197,Work Started,2026-08-16,Road Maintenance Team,Repair/cleanup work started
EVT01181,ISSUE0197,Work Completed,2026-08-16,Road Maintenance Team,Repair/cleanup work completed
EVT01182,ISSUE0197,Issue Closed,2026-08-18,Road Maintenance Team,Issue marked as resolved
EVT01183,ISSUE0198,Complaint Received,2026-08-02,Electrical Maintenance Team,Issue reported by citizen
EVT01184,ISSUE0198,Assigned,2026-08-02,Electrical Maintenance Team,Issue assigned to the responsible municipal team
EVT01185,ISSUE0198,Inspection,2026-08-05,Electrical Maintenance Team,Municipal staff inspected the reported location
EVT01186,ISSUE0198,Work Started,2026-08-07,Electrical Maintenance Team,Repair/cleanup work started
EVT01187,ISSUE0198,Work Completed,2026-08-10,Electrical Maintenance Team,Repair/cleanup work completed
EVT01188,ISSUE0198,Issue Closed,2026-08-07,Electrical Maintenance Team,Issue marked as resolved
EVT01189,ISSUE0199,Complaint Received,2026-08-03,Waste Management Team,Issue reported by citizen
EVT01190,ISSUE0199,Assigned,2026-08-04,Waste Management Team,Issue assigned to the responsible municipal team
EVT01191,ISSUE0199,Inspection,2026-08-05,Waste Management Team,Municipal staff inspected the reported location
EVT01192,ISSUE0199,Work Started,2026-08-07,Waste Management Team,Repair/cleanup work started
EVT01193,ISSUE0199,Work Completed,2026-08-11,Waste Management Team,Repair/cleanup work completed
EVT01194,ISSUE0199,Issue Closed,2026-08-12,Waste Management Team,Issue marked as resolved
EVT01195,ISSUE0200,Complaint Received,2026-08-15,Road Maintenance Team,Issue reported by citizen
EVT01196,ISSUE0200,Assigned,2026-08-17,Road Maintenance Team,Issue assigned to the responsible municipal team
EVT01197,ISSUE0200,Inspection,2026-08-16,Road Maintenance Team,Municipal staff inspected the reported location
EVT01198,ISSUE0200,Work Started,2026-08-17,Road Maintenance Team,Repair/cleanup work started
EVT01199,ISSUE0200,Work Completed,2026-08-23,Road Maintenance Team,Repair/cleanup work completed
EVT01200,ISSUE0200,Issue Closed,2026-08-22,Road Maintenance Team,Issue marked as resolved
EVT01201,ISSUE0201,Complaint Received,2026-08-21,Electrical Maintenance Team,Issue reported by citizen
EVT01202,ISSUE0201,Assigned,2026-08-21,Electrical Maintenance Team,Issue assigned to the responsible municipal team
EVT01203,ISSUE0201,Inspection,2026-08-22,Electrical Maintenance Team,Municipal staff inspected the reported location
EVT01204,ISSUE0201,Work Started,2026-08-26,Electrical Maintenance Team,Repair/cleanup work started
EVT01205,ISSUE0201,Work Completed,2026-08-28,Electrical Maintenance Team,Repair/cleanup work completed
EVT01206,ISSUE0201,Issue Closed,2026-08-29,Electrical Maintenance Team,Issue marked as resolved
EVT01207,ISSUE0202,Complaint Received,2026-08-04,Waste Management Team,Issue reported by citizen
EVT01208,ISSUE0202,Assigned,2026-08-05,Waste Management Team,Issue assigned to the responsible municipal team
EVT01209,ISSUE0202,Inspection,2026-08-07,Waste Management Team,Municipal staff inspected the reported location
EVT01210,ISSUE0202,Work Started,2026-08-09,Waste Management Team,Repair/cleanup work started
EVT01211,ISSUE0202,Work Completed,2026-08-08,Waste Management Team,Repair/cleanup work completed
EVT01212,ISSUE0202,Issue Closed,2026-08-09,Waste Management Team,Issue marked as resolved
EVT01213,ISSUE0203,Complaint Received,2026-08-20,Electrical Maintenance Team,Issue reported by citizen
EVT01214,ISSUE0203,Assigned,2026-08-20,Electrical Maintenance Team,Issue assigned to the responsible municipal team
EVT01215,ISSUE0203,Inspection,2026-08-21,Electrical Maintenance Team,Municipal staff inspected the reported location
EVT01216,ISSUE0203,Work Started,2026-08-23,Electrical Maintenance Team,Repair/cleanup work started
EVT01217,ISSUE0203,Work Completed,2026-08-26,Electrical Maintenance Team,Repair/cleanup work completed
EVT01218,ISSUE0203,Issue Closed,2026-08-29,Electrical Maintenance Team,Issue marked as resolved
EVT01219,ISSUE0204,Complaint Received,2026-08-19,Waste Management Team,Issue reported by citizen
EVT01220,ISSUE0204,Assigned,2026-08-21,Waste Management Team,Issue assigned to the responsible municipal team
EVT01221,ISSUE0204,Inspection,2026-08-22,Waste Management Team,Municipal staff inspected the reported location
EVT01222,ISSUE0204,Work Started,2026-08-23,Waste Management Team,Repair/cleanup work started
EVT01223,ISSUE0204,Work Completed,2026-08-26,Waste Management Team,Repair/cleanup work completed
EVT01224,ISSUE0204,Issue Closed,2026-08-28,Waste Management Team,Issue marked as resolved
EVT01225,ISSUE0205,Complaint Received,2026-08-10,Waste Management Team,Issue reported by citizen
EVT01226,ISSUE0205,Assigned,2026-08-11,Waste Management Team,Issue assigned to the responsible municipal team
EVT01227,ISSUE0205,Inspection,2026-08-13,Waste Management Team,Municipal staff inspected the reported location
EVT01228,ISSUE0205,Work Started,2026-08-15,Waste Management Team,Repair/cleanup work started
EVT01229,ISSUE0205,Work Completed,2026-08-14,Waste Management Team,Repair/cleanup work completed
EVT01230,ISSUE0205,Issue Closed,2026-08-20,Waste Management Team,Issue marked as resolved
EVT01231,ISSUE0206,Complaint Received,2026-08-21,Road Maintenance Team,Issue reported by citizen
EVT01232,ISSUE0206,Assigned,2026-08-23,Road Maintenance Team,Issue assigned to the responsible municipal team
EVT01233,ISSUE0206,Inspection,2026-08-24,Road Maintenance Team,Municipal staff inspected the reported location
EVT01234,ISSUE0206,Work Started,2026-08-24,Road Maintenance Team,Repair/cleanup work started
EVT01235,ISSUE0206,Work Completed,2026-08-28,Road Maintenance Team,Repair/cleanup work completed
EVT01236,ISSUE0206,Issue Closed,2026-08-29,Road Maintenance Team,Issue marked as resolved
EVT01237,ISSUE0207,Complaint Received,2026-08-14,Road Maintenance Team,Issue reported by citizen
EVT01238,ISSUE0207,Assigned,2026-08-15,Road Maintenance Team,Issue assigned to the responsible municipal team
EVT01239,ISSUE0207,Inspection,2026-08-16,Road Maintenance Team,Municipal staff inspected the reported location
EVT01240,ISSUE0207,Work Started,2026-08-19,Road Maintenance Team,Repair/cleanup work started
EVT01241,ISSUE0207,Work Completed,2026-08-21,Road Maintenance Team,Repair/cleanup work completed
EVT01242,ISSUE0207,Issue Closed,2026-08-24,Road Maintenance Team,Issue marked as resolved
EVT01243,ISSUE0208,Complaint Received,2026-08-11,Road Maintenance Team,Issue reported by citizen
EVT01244,ISSUE0208,Assigned,2026-08-12,Road Maintenance Team,Issue assigned to the responsible municipal team
EVT01245,ISSUE0208,Inspection,2026-08-13,Road Maintenance Team,Municipal staff inspected the reported location
EVT01246,ISSUE0208,Work Started,2026-08-15,Road Maintenance Team,Repair/cleanup work started
EVT01247,ISSUE0208,Work Completed,2026-08-17,Road Maintenance Team,Repair/cleanup work completed
EVT01248,ISSUE0208,Issue Closed,2026-08-17,Road Maintenance Team,Issue marked as resolved
EVT01249,ISSUE0209,Complaint Received,2026-08-16,Waste Management Team,Issue reported by citizen
EVT01250,ISSUE0209,Assigned,2026-08-16,Waste Management Team,Issue assigned to the responsible municipal team
EVT01251,ISSUE0209,Inspection,2026-08-17,Waste Management Team,Municipal staff inspected the reported location
EVT01252,ISSUE0209,Work Started,2026-08-18,Waste Management Team,Repair/cleanup work started
EVT01253,ISSUE0209,Work Completed,2026-08-20,Waste Management Team,Repair/cleanup work completed
EVT01254,ISSUE0209,Issue Closed,2026-08-24,Waste Management Team,Issue marked as resolved
EVT01255,ISSUE0210,Complaint Received,2026-08-12,Road Maintenance Team,Issue reported by citizen
EVT01256,ISSUE0210,Assigned,2026-08-12,Road Maintenance Team,Issue assigned to the responsible municipal team
EVT01257,ISSUE0210,Inspection,2026-08-15,Road Maintenance Team,Municipal staff inspected the reported location
EVT01258,ISSUE0210,Work Started,2026-08-14,Road Maintenance Team,Repair/cleanup work started
EVT01259,ISSUE0210,Work Completed,2026-08-20,Road Maintenance Team,Repair/cleanup work completed
EVT01260,ISSUE0210,Issue Closed,2026-08-21,Road Maintenance Team,Issue marked as resolved
EVT01261,ISSUE0211,Complaint Received,2026-08-11,Waste Management Team,Issue reported by citizen
EVT01262,ISSUE0211,Assigned,2026-08-13,Waste Management Team,Issue assigned to the responsible municipal team
EVT01263,ISSUE0211,Inspection,2026-08-12,Waste Management Team,Municipal staff inspected the reported location
EVT01264,ISSUE0211,Work Started,2026-08-16,Waste Management Team,Repair/cleanup work started
EVT01265,ISSUE0211,Work Completed,2026-08-17,Waste Management Team,Repair/cleanup work completed
EVT01266,ISSUE0211,Issue Closed,2026-08-21,Waste Management Team,Issue marked as resolved
EVT01267,ISSUE0212,Complaint Received,2026-08-02,Electrical Maintenance Team,Issue reported by citizen
EVT01268,ISSUE0212,Assigned,2026-08-03,Electrical Maintenance Team,Issue assigned to the responsible municipal team
EVT01269,ISSUE0212,Inspection,2026-08-05,Electrical Maintenance Team,Municipal staff inspected the reported location
EVT01270,ISSUE0212,Work Started,2026-08-06,Electrical Maintenance Team,Repair/cleanup work started
EVT01271,ISSUE0212,Work Completed,2026-08-08,Electrical Maintenance Team,Repair/cleanup work completed
EVT01272,ISSUE0212,Issue Closed,2026-08-07,Electrical Maintenance Team,Issue marked as resolved
EVT01273,ISSUE0213,Complaint Received,2026-08-17,Waste Management Team,Issue reported by citizen
EVT01274,ISSUE0213,Assigned,2026-08-17,Waste Management Team,Issue assigned to the responsible municipal team
EVT01275,ISSUE0213,Inspection,2026-08-18,Waste Management Team,Municipal staff inspected the reported location
EVT01276,ISSUE0213,Work Started,2026-08-22,Waste Management Team,Repair/cleanup work started
EVT01277,ISSUE0213,Work Completed,2026-08-22,Waste Management Team,Repair/cleanup work completed
EVT01278,ISSUE0213,Issue Closed,2026-08-22,Waste Management Team,Issue marked as resolved
EVT01279,ISSUE0214,Complaint Received,2026-08-18,Electrical Maintenance Team,Issue reported by citizen
EVT01280,ISSUE0214,Assigned,2026-08-19,Electrical Maintenance Team,Issue assigned to the responsible municipal team
EVT01281,ISSUE0214,Inspection,2026-08-19,Electrical Maintenance Team,Municipal staff inspected the reported location
EVT01282,ISSUE0214,Work Started,2026-08-22,Electrical Maintenance Team,Repair/cleanup work started
EVT01283,ISSUE0214,Work Completed,2026-08-26,Electrical Maintenance Team,Repair/cleanup work completed
EVT01284,ISSUE0214,Issue Closed,2026-08-24,Electrical Maintenance Team,Issue marked as resolved
EVT01285,ISSUE0215,Complaint Received,2026-08-18,Electrical Maintenance Team,Issue reported by citizen
EVT01286,ISSUE0215,Assigned,2026-08-20,Electrical Maintenance Team,Issue assigned to the responsible municipal team
EVT01287,ISSUE0215,Inspection,2026-08-21,Electrical Maintenance Team,Municipal staff inspected the reported location
EVT01288,ISSUE0215,Work Started,2026-08-20,Electrical Maintenance Team,Repair/cleanup work started
EVT01289,ISSUE0215,Work Completed,2026-08-26,Electrical Maintenance Team,Repair/cleanup work completed
EVT01290,ISSUE0215,Issue Closed,2026-08-28,Electrical Maintenance Team,Issue marked as resolved
EVT01291,ISSUE0216,Complaint Received,2026-08-09,Waste Management Team,Issue reported by citizen
EVT01292,ISSUE0216,Assigned,2026-08-09,Waste Management Team,Issue assigned to the responsible municipal team
EVT01293,ISSUE0216,Inspection,2026-08-10,Waste Management Team,Municipal staff inspected the reported location
EVT01294,ISSUE0216,Work Started,2026-08-13,Waste Management Team,Repair/cleanup work started
EVT01295,ISSUE0216,Work Completed,2026-08-15,Waste Management Team,Repair/cleanup work completed
EVT01296,ISSUE0216,Issue Closed,2026-08-16,Waste Management Team,Issue marked as resolved
EVT01297,ISSUE0217,Complaint Received,2026-08-01,Electrical Maintenance Team,Issue reported by citizen
EVT01298,ISSUE0217,Assigned,2026-08-01,Electrical Maintenance Team,Issue assigned to the responsible municipal team
EVT01299,ISSUE0217,Inspection,2026-08-02,Electrical Maintenance Team,Municipal staff inspected the reported location
EVT01300,ISSUE0217,Work Started,2026-08-06,Electrical Maintenance Team,Repair/cleanup work started
EVT01301,ISSUE0217,Work Completed,2026-08-05,Electrical Maintenance Team,Repair/cleanup work completed
EVT01302,ISSUE0217,Issue Closed,2026-08-07,Electrical Maintenance Team,Issue marked as resolved
EVT01303,ISSUE0218,Complaint Received,2026-08-21,Waste Management Team,Issue reported by citizen
EVT01304,ISSUE0218,Assigned,2026-08-21,Waste Management Team,Issue assigned to the responsible municipal team
EVT01305,ISSUE0218,Inspection,2026-08-22,Waste Management Team,Municipal staff inspected the reported location
EVT01306,ISSUE0218,Work Started,2026-08-24,Waste Management Team,Repair/cleanup work started
EVT01307,ISSUE0218,Work Completed,2026-08-28,Waste Management Team,Repair/cleanup work completed
EVT01308,ISSUE0218,Issue Closed,2026-08-29,Waste Management Team,Issue marked as resolved
EVT01309,ISSUE0219,Complaint Received,2026-08-11,Electrical Maintenance Team,Issue reported by citizen
EVT01310,ISSUE0219,Assigned,2026-08-11,Electrical Maintenance Team,Issue assigned to the responsible municipal team
EVT01311,ISSUE0219,Inspection,2026-08-13,Electrical Maintenance Team,Municipal staff inspected the reported location
EVT01312,ISSUE0219,Work Started,2026-08-15,Electrical Maintenance Team,Repair/cleanup work started
EVT01313,ISSUE0219,Work Completed,2026-08-17,Electrical Maintenance Team,Repair/cleanup work completed
EVT01314,ISSUE0219,Issue Closed,2026-08-20,Electrical Maintenance Team,Issue marked as resolved
EVT01315,ISSUE0220,Complaint Received,2026-08-03,Waste Management Team,Issue reported by citizen
EVT01316,ISSUE0220,Assigned,2026-08-03,Waste Management Team,Issue assigned to the responsible municipal team
EVT01317,ISSUE0220,Inspection,2026-08-04,Waste Management Team,Municipal staff inspected the reported location
EVT01318,ISSUE0220,Work Started,2026-08-06,Waste Management Team,Repair/cleanup work started
EVT01319,ISSUE0220,Work Completed,2026-08-11,Waste Management Team,Repair/cleanup work completed
EVT01320,ISSUE0220,Issue Closed,2026-08-08,Waste Management Team,Issue marked as resolved
EVT01321,ISSUE0221,Complaint Received,2026-08-03,Waste Management Team,Issue reported by citizen
EVT01322,ISSUE0221,Assigned,2026-08-04,Waste Management Team,Issue assigned to the responsible municipal team
EVT01323,ISSUE0221,Inspection,2026-08-05,Waste Management Team,Municipal staff inspected the reported location
EVT01324,ISSUE0221,Work Started,2026-08-08,Waste Management Team,Repair/cleanup work started
EVT01325,ISSUE0221,Work Completed,2026-08-10,Waste Management Team,Repair/cleanup work completed
EVT01326,ISSUE0221,Issue Closed,2026-08-12,Waste Management Team,Issue marked as resolved
EVT01327,ISSUE0222,Complaint Received,2026-08-14,Electrical Maintenance Team,Issue reported by citizen
EVT01328,ISSUE0222,Assigned,2026-08-15,Electrical Maintenance Team,Issue assigned to the responsible municipal team
EVT01329,ISSUE0222,Inspection,2026-08-15,Electrical Maintenance Team,Municipal staff inspected the reported location
EVT01330,ISSUE0222,Work Started,2026-08-16,Electrical Maintenance Team,Repair/cleanup work started
EVT01331,ISSUE0222,Work Completed,2026-08-20,Electrical Maintenance Team,Repair/cleanup work completed
EVT01332,ISSUE0222,Issue Closed,2026-08-22,Electrical Maintenance Team,Issue marked as resolved
EVT01333,ISSUE0223,Complaint Received,2026-08-10,Road Maintenance Team,Issue reported by citizen
EVT01334,ISSUE0223,Assigned,2026-08-12,Road Maintenance Team,Issue assigned to the responsible municipal team
EVT01335,ISSUE0223,Inspection,2026-08-13,Road Maintenance Team,Municipal staff inspected the reported location
EVT01336,ISSUE0223,Work Started,2026-08-15,Road Maintenance Team,Repair/cleanup work started
EVT01337,ISSUE0223,Work Completed,2026-08-18,Road Maintenance Team,Repair/cleanup work completed
EVT01338,ISSUE0223,Issue Closed,2026-08-20,Road Maintenance Team,Issue marked as resolved
EVT01339,ISSUE0224,Complaint Received,2026-08-02,Electrical Maintenance Team,Issue reported by citizen
EVT01340,ISSUE0224,Assigned,2026-08-02,Electrical Maintenance Team,Issue assigned to the responsible municipal team
EVT01341,ISSUE0224,Inspection,2026-08-04,Electrical Maintenance Team,Municipal staff inspected the reported location
EVT01342,ISSUE0224,Work Started,2026-08-04,Electrical Maintenance Team,Repair/cleanup work started
EVT01343,ISSUE0224,Work Completed,2026-08-06,Electrical Maintenance Team,Repair/cleanup work completed
EVT01344,ISSUE0224,Issue Closed,2026-08-08,Electrical Maintenance Team,Issue marked as resolved
EVT01345,ISSUE0225,Complaint Received,2026-08-07,Electrical Maintenance Team,Issue reported by citizen
EVT01346,ISSUE0225,Assigned,2026-08-07,Electrical Maintenance Team,Issue assigned to the responsible municipal team
EVT01347,ISSUE0225,Inspection,2026-08-09,Electrical Maintenance Team,Municipal staff inspected the reported location
EVT01348,ISSUE0225,Work Started,2026-08-11,Electrical Maintenance Team,Repair/cleanup work started
EVT01349,ISSUE0225,Work Completed,2026-08-13,Electrical Maintenance Team,Repair/cleanup work completed
EVT01350,ISSUE0225,Issue Closed,2026-08-12,Electrical Maintenance Team,Issue marked as resolved
EVT01351,ISSUE0226,Complaint Received,2026-08-16,Road Maintenance Team,Issue reported by citizen
EVT01352,ISSUE0226,Assigned,2026-08-18,Road Maintenance Team,Issue assigned to the responsible municipal team
EVT01353,ISSUE0226,Inspection,2026-08-18,Road Maintenance Team,Municipal staff inspected the reported location
EVT01354,ISSUE0226,Work Started,2026-08-19,Road Maintenance Team,Repair/cleanup work started
EVT01355,ISSUE0226,Work Completed,2026-08-21,Road Maintenance Team,Repair/cleanup work completed
EVT01356,ISSUE0226,Issue Closed,2026-08-24,Road Maintenance Team,Issue marked as resolved
EVT01357,ISSUE0227,Complaint Received,2026-08-08,Waste Management Team,Issue reported by citizen
EVT01358,ISSUE0227,Assigned,2026-08-10,Waste Management Team,Issue assigned to the responsible municipal team
EVT01359,ISSUE0227,Inspection,2026-08-11,Waste Management Team,Municipal staff inspected the reported location
EVT01360,ISSUE0227,Work Started,2026-08-12,Waste Management Team,Repair/cleanup work started
EVT01361,ISSUE0227,Work Completed,2026-08-12,Waste Management Team,Repair/cleanup work completed
EVT01362,ISSUE0227,Issue Closed,2026-08-16,Waste Management Team,Issue marked as resolved
EVT01363,ISSUE0228,Complaint Received,2026-08-02,Waste Management Team,Issue reported by citizen
EVT01364,ISSUE0228,Assigned,2026-08-03,Waste Management Team,Issue assigned to the responsible municipal team
EVT01365,ISSUE0228,Inspection,2026-08-03,Waste Management Team,Municipal staff inspected the reported location
EVT01366,ISSUE0228,Work Started,2026-08-07,Waste Management Team,Repair/cleanup work started
EVT01367,ISSUE0228,Work Completed,2026-08-06,Waste Management Team,Repair/cleanup work completed
EVT01368,ISSUE0228,Issue Closed,2026-08-09,Waste Management Team,Issue marked as resolved
EVT01369,ISSUE0229,Complaint Received,2026-08-14,Waste Management Team,Issue reported by citizen
EVT01370,ISSUE0229,Assigned,2026-08-16,Waste Management Team,Issue assigned to the responsible municipal team
EVT01371,ISSUE0229,Inspection,2026-08-16,Waste Management Team,Municipal staff inspected the reported location
EVT01372,ISSUE0229,Work Started,2026-08-19,Waste Management Team,Repair/cleanup work started
EVT01373,ISSUE0229,Work Completed,2026-08-20,Waste Management Team,Repair/cleanup work completed
EVT01374,ISSUE0229,Issue Closed,2026-08-19,Waste Management Team,Issue marked as resolved
EVT01375,ISSUE0230,Complaint Received,2026-08-01,Electrical Maintenance Team,Issue reported by citizen
EVT01376,ISSUE0230,Assigned,2026-08-02,Electrical Maintenance Team,Issue assigned to the responsible municipal team
EVT01377,ISSUE0230,Inspection,2026-08-02,Electrical Maintenance Team,Municipal staff inspected the reported location
EVT01378,ISSUE0230,Work Started,2026-08-06,Electrical Maintenance Team,Repair/cleanup work started
EVT01379,ISSUE0230,Work Completed,2026-08-07,Electrical Maintenance Team,Repair/cleanup work completed
EVT01380,ISSUE0230,Issue Closed,2026-08-06,Electrical Maintenance Team,Issue marked as resolved
EVT01381,ISSUE0231,Complaint Received,2026-08-04,Electrical Maintenance Team,Issue reported by citizen
EVT01382,ISSUE0231,Assigned,2026-08-04,Electrical Maintenance Team,Issue assigned to the responsible municipal team
EVT01383,ISSUE0231,Inspection,2026-08-06,Electrical Maintenance Team,Municipal staff inspected the reported location
EVT01384,ISSUE0231,Work Started,2026-08-09,Electrical Maintenance Team,Repair/cleanup work started
EVT01385,ISSUE0231,Work Completed,2026-08-12,Electrical Maintenance Team,Repair/cleanup work completed
EVT01386,ISSUE0231,Issue Closed,2026-08-09,Electrical Maintenance Team,Issue marked as resolved
EVT01387,ISSUE0232,Complaint Received,2026-08-10,Electrical Maintenance Team,Issue reported by citizen
EVT01388,ISSUE0232,Assigned,2026-08-12,Electrical Maintenance Team,Issue assigned to the responsible municipal team
EVT01389,ISSUE0232,Inspection,2026-08-12,Electrical Maintenance Team,Municipal staff inspected the reported location
EVT01390,ISSUE0232,Work Started,2026-08-13,Electrical Maintenance Team,Repair/cleanup work started
EVT01391,ISSUE0232,Work Completed,2026-08-16,Electrical Maintenance Team,Repair/cleanup work completed
EVT01392,ISSUE0232,Issue Closed,2026-08-16,Electrical Maintenance Team,Issue marked as resolved
EVT01393,ISSUE0233,Complaint Received,2026-08-17,Road Maintenance Team,Issue reported by citizen
EVT01394,ISSUE0233,Assigned,2026-08-19,Road Maintenance Team,Issue assigned to the responsible municipal team
EVT01395,ISSUE0233,Inspection,2026-08-18,Road Maintenance Team,Municipal staff inspected the reported location
EVT01396,ISSUE0233,Work Started,2026-08-20,Road Maintenance Team,Repair/cleanup work started
EVT01397,ISSUE0233,Work Completed,2026-08-23,Road Maintenance Team,Repair/cleanup work completed
EVT01398,ISSUE0233,Issue Closed,2026-08-24,Road Maintenance Team,Issue marked as resolved
EVT01399,ISSUE0234,Complaint Received,2026-08-21,Waste Management Team,Issue reported by citizen
EVT01400,ISSUE0234,Assigned,2026-08-21,Waste Management Team,Issue assigned to the responsible municipal team
EVT01401,ISSUE0234,Inspection,2026-08-22,Waste Management Team,Municipal staff inspected the reported location
EVT01402,ISSUE0234,Work Started,2026-08-23,Waste Management Team,Repair/cleanup work started
EVT01403,ISSUE0234,Work Completed,2026-08-26,Waste Management Team,Repair/cleanup work completed
EVT01404,ISSUE0234,Issue Closed,2026-08-28,Waste Management Team,Issue marked as resolved
EVT01405,ISSUE0235,Complaint Received,2026-08-06,Road Maintenance Team,Issue reported by citizen
EVT01406,ISSUE0235,Assigned,2026-08-08,Road Maintenance Team,Issue assigned to the responsible municipal team
EVT01407,ISSUE0235,Inspection,2026-08-07,Road Maintenance Team,Municipal staff inspected the reported location
EVT01408,ISSUE0235,Work Started,2026-08-08,Road Maintenance Team,Repair/cleanup work started
EVT01409,ISSUE0235,Work Completed,2026-08-11,Road Maintenance Team,Repair/cleanup work completed
EVT01410,ISSUE0235,Issue Closed,2026-08-16,Road Maintenance Team,Issue marked as resolved
EVT01411,ISSUE0236,Complaint Received,2026-08-15,Electrical Maintenance Team,Issue reported by citizen
EVT01412,ISSUE0236,Assigned,2026-08-17,Electrical Maintenance Team,Issue assigned to the responsible municipal team
EVT01413,ISSUE0236,Inspection,2026-08-18,Electrical Maintenance Team,Municipal staff inspected the reported location
EVT01414,ISSUE0236,Work Started,2026-08-20,Electrical Maintenance Team,Repair/cleanup work started
EVT01415,ISSUE0236,Work Completed,2026-08-23,Electrical Maintenance Team,Repair/cleanup work completed
EVT01416,ISSUE0236,Issue Closed,2026-08-25,Electrical Maintenance Team,Issue marked as resolved
EVT01417,ISSUE0237,Complaint Received,2026-08-20,Waste Management Team,Issue reported by citizen
EVT01418,ISSUE0237,Assigned,2026-08-21,Waste Management Team,Issue assigned to the responsible municipal team
EVT01419,ISSUE0237,Inspection,2026-08-23,Waste Management Team,Municipal staff inspected the reported location
EVT01420,ISSUE0237,Work Started,2026-08-24,Waste Management Team,Repair/cleanup work started
EVT01421,ISSUE0237,Work Completed,2026-08-25,Waste Management Team,Repair/cleanup work completed
EVT01422,ISSUE0237,Issue Closed,2026-08-28,Waste Management Team,Issue marked as resolved
EVT01423,ISSUE0238,Complaint Received,2026-08-16,Road Maintenance Team,Issue reported by citizen
EVT01424,ISSUE0238,Assigned,2026-08-17,Road Maintenance Team,Issue assigned to the responsible municipal team
EVT01425,ISSUE0238,Inspection,2026-08-19,Road Maintenance Team,Municipal staff inspected the reported location
EVT01426,ISSUE0238,Work Started,2026-08-20,Road Maintenance Team,Repair/cleanup work started
EVT01427,ISSUE0238,Work Completed,2026-08-22,Road Maintenance Team,Repair/cleanup work completed
EVT01428,ISSUE0238,Issue Closed,2026-08-25,Road Maintenance Team,Issue marked as resolved
EVT01429,ISSUE0239,Complaint Received,2026-08-12,Road Maintenance Team,Issue reported by citizen
EVT01430,ISSUE0239,Assigned,2026-08-14,Road Maintenance Team,Issue assigned to the responsible municipal team
EVT01431,ISSUE0239,Inspection,2026-08-13,Road Maintenance Team,Municipal staff inspected the reported location
EVT01432,ISSUE0239,Work Started,2026-08-16,Road Maintenance Team,Repair/cleanup work started
EVT01433,ISSUE0239,Work Completed,2026-08-19,Road Maintenance Team,Repair/cleanup work completed
EVT01434,ISSUE0239,Issue Closed,2026-08-20,Road Maintenance Team,Issue marked as resolved
EVT01435,ISSUE0240,Complaint Received,2026-08-02,Road Maintenance Team,Issue reported by citizen
EVT01436,ISSUE0240,Assigned,2026-08-03,Road Maintenance Team,Issue assigned to the responsible municipal team
EVT01437,ISSUE0240,Inspection,2026-08-04,Road Maintenance Team,Municipal staff inspected the reported location
EVT01438,ISSUE0240,Work Started,2026-08-04,Road Maintenance Team,Repair/cleanup work started
EVT01439,ISSUE0240,Work Completed,2026-08-06,Road Maintenance Team,Repair/cleanup work completed
EVT01440,ISSUE0240,Issue Closed,2026-08-11,Road Maintenance Team,Issue marked as resolved
EVT01441,ISSUE0241,Complaint Received,2026-08-17,Waste Management Team,Issue reported by citizen
EVT01442,ISSUE0241,Assigned,2026-08-18,Waste Management Team,Issue assigned to the responsible municipal team
EVT01443,ISSUE0241,Inspection,2026-08-19,Waste Management Team,Municipal staff inspected the reported location
EVT01444,ISSUE0241,Work Started,2026-08-19,Waste Management Team,Repair/cleanup work started
EVT01445,ISSUE0241,Work Completed,2026-08-24,Waste Management Team,Repair/cleanup work completed
EVT01446,ISSUE0241,Issue Closed,2026-08-26,Waste Management Team,Issue marked as resolved
EVT01447,ISSUE0242,Complaint Received,2026-08-07,Waste Management Team,Issue reported by citizen
EVT01448,ISSUE0242,Assigned,2026-08-08,Waste Management Team,Issue assigned to the responsible municipal team
EVT01449,ISSUE0242,Inspection,2026-08-10,Waste Management Team,Municipal staff inspected the reported location
EVT01450,ISSUE0242,Work Started,2026-08-12,Waste Management Team,Repair/cleanup work started
EVT01451,ISSUE0242,Work Completed,2026-08-15,Waste Management Team,Repair/cleanup work completed
EVT01452,ISSUE0242,Issue Closed,2026-08-13,Waste Management Team,Issue marked as resolved
EVT01453,ISSUE0243,Complaint Received,2026-08-15,Road Maintenance Team,Issue reported by citizen
EVT01454,ISSUE0243,Assigned,2026-08-15,Road Maintenance Team,Issue assigned to the responsible municipal team
EVT01455,ISSUE0243,Inspection,2026-08-17,Road Maintenance Team,Municipal staff inspected the reported location
EVT01456,ISSUE0243,Work Started,2026-08-17,Road Maintenance Team,Repair/cleanup work started
EVT01457,ISSUE0243,Work Completed,2026-08-23,Road Maintenance Team,Repair/cleanup work completed
EVT01458,ISSUE0243,Issue Closed,2026-08-25,Road Maintenance Team,Issue marked as resolved
EVT01459,ISSUE0244,Complaint Received,2026-08-02,Road Maintenance Team,Issue reported by citizen
EVT01460,ISSUE0244,Assigned,2026-08-02,Road Maintenance Team,Issue assigned to the responsible municipal team
EVT01461,ISSUE0244,Inspection,2026-08-05,Road Maintenance Team,Municipal staff inspected the reported location
EVT01462,ISSUE0244,Work Started,2026-08-07,Road Maintenance Team,Repair/cleanup work started
EVT01463,ISSUE0244,Work Completed,2026-08-09,Road Maintenance Team,Repair/cleanup work completed
EVT01464,ISSUE0244,Issue Closed,2026-08-11,Road Maintenance Team,Issue marked as resolved
EVT01465,ISSUE0245,Complaint Received,2026-08-20,Waste Management Team,Issue reported by citizen
EVT01466,ISSUE0245,Assigned,2026-08-20,Waste Management Team,Issue assigned to the responsible municipal team
EVT01467,ISSUE0245,Inspection,2026-08-22,Waste Management Team,Municipal staff inspected the reported location
EVT01468,ISSUE0245,Work Started,2026-08-24,Waste Management Team,Repair/cleanup work started
EVT01469,ISSUE0245,Work Completed,2026-08-26,Waste Management Team,Repair/cleanup work completed
EVT01470,ISSUE0245,Issue Closed,2026-08-28,Waste Management Team,Issue marked as resolved
EVT01471,ISSUE0246,Complaint Received,2026-08-11,Electrical Maintenance Team,Issue reported by citizen
EVT01472,ISSUE0246,Assigned,2026-08-13,Electrical Maintenance Team,Issue assigned to the responsible municipal team
EVT01473,ISSUE0246,Inspection,2026-08-14,Electrical Maintenance Team,Municipal staff inspected the reported location
EVT01474,ISSUE0246,Work Started,2026-08-13,Electrical Maintenance Team,Repair/cleanup work started
EVT01475,ISSUE0246,Work Completed,2026-08-17,Electrical Maintenance Team,Repair/cleanup work completed
EVT01476,ISSUE0246,Issue Closed,2026-08-16,Electrical Maintenance Team,Issue marked as resolved
EVT01477,ISSUE0247,Complaint Received,2026-08-04,Electrical Maintenance Team,Issue reported by citizen
EVT01478,ISSUE0247,Assigned,2026-08-06,Electrical Maintenance Team,Issue assigned to the responsible municipal team
EVT01479,ISSUE0247,Inspection,2026-08-07,Electrical Maintenance Team,Municipal staff inspected the reported location
EVT01480,ISSUE0247,Work Started,2026-08-09,Electrical Maintenance Team,Repair/cleanup work started
EVT01481,ISSUE0247,Work Completed,2026-08-10,Electrical Maintenance Team,Repair/cleanup work completed
EVT01482,ISSUE0247,Issue Closed,2026-08-11,Electrical Maintenance Team,Issue marked as resolved
EVT01483,ISSUE0248,Complaint Received,2026-08-20,Waste Management Team,Issue reported by citizen
EVT01484,ISSUE0248,Assigned,2026-08-20,Waste Management Team,Issue assigned to the responsible municipal team
EVT01485,ISSUE0248,Inspection,2026-08-22,Waste Management Team,Municipal staff inspected the reported location
EVT01486,ISSUE0248,Work Started,2026-08-22,Waste Management Team,Repair/cleanup work started
EVT01487,ISSUE0248,Work Completed,2026-08-28,Waste Management Team,Repair/cleanup work completed
EVT01488,ISSUE0248,Issue Closed,2026-08-30,Waste Management Team,Issue marked as resolved
EVT01489,ISSUE0249,Complaint Received,2026-08-12,Road Maintenance Team,Issue reported by citizen
EVT01490,ISSUE0249,Assigned,2026-08-13,Road Maintenance Team,Issue assigned to the responsible municipal team
EVT01491,ISSUE0249,Inspection,2026-08-15,Road Maintenance Team,Municipal staff inspected the reported location
EVT01492,ISSUE0249,Work Started,2026-08-17,Road Maintenance Team,Repair/cleanup work started
EVT01493,ISSUE0249,Work Completed,2026-08-17,Road Maintenance Team,Repair/cleanup work completed
EVT01494,ISSUE0249,Issue Closed,2026-08-21,Road Maintenance Team,Issue marked as resolved
EVT01495,ISSUE0250,Complaint Received,2026-08-03,Waste Management Team,Issue reported by citizen
EVT01496,ISSUE0250,Assigned,2026-08-04,Waste Management Team,Issue assigned to the responsible municipal team
EVT01497,ISSUE0250,Inspection,2026-08-06,Waste Management Team,Municipal staff inspected the reported location
EVT01498,ISSUE0250,Work Started,2026-08-08,Waste Management Team,Repair/cleanup work started
EVT01499,ISSUE0250,Work Completed,2026-08-09,Waste Management Team,Repair/cleanup work completed
EVT01500,ISSUE0250,Issue Closed,2026-08-09,Waste Management Team,Issue marked as resolved
EVT01501,ISSUE0251,Complaint Received,2026-08-17,Waste Management Team,Issue reported by citizen
EVT01502,ISSUE0251,Assigned,2026-08-17,Waste Management Team,Issue assigned to the responsible municipal team
EVT01503,ISSUE0251,Inspection,2026-08-20,Waste Management Team,Municipal staff inspected the reported location
EVT01504,ISSUE0251,Work Started,2026-08-22,Waste Management Team,Repair/cleanup work started
EVT01505,ISSUE0251,Work Completed,2026-08-25,Waste Management Team,Repair/cleanup work completed
EVT01506,ISSUE0251,Issue Closed,2026-08-24,Waste Management Team,Issue marked as resolved
EVT01507,ISSUE0252,Complaint Received,2026-08-12,Road Maintenance Team,Issue reported by citizen
EVT01508,ISSUE0252,Assigned,2026-08-13,Road Maintenance Team,Issue assigned to the responsible municipal team
EVT01509,ISSUE0252,Inspection,2026-08-13,Road Maintenance Team,Municipal staff inspected the reported location
EVT01510,ISSUE0252,Work Started,2026-08-15,Road Maintenance Team,Repair/cleanup work started
EVT01511,ISSUE0252,Work Completed,2026-08-18,Road Maintenance Team,Repair/cleanup work completed
EVT01512,ISSUE0252,Issue Closed,2026-08-20,Road Maintenance Team,Issue marked as resolved
EVT01513,ISSUE0253,Complaint Received,2026-08-08,Road Maintenance Team,Issue reported by citizen
EVT01514,ISSUE0253,Assigned,2026-08-08,Road Maintenance Team,Issue assigned to the responsible municipal team
EVT01515,ISSUE0253,Inspection,2026-08-09,Road Maintenance Team,Municipal staff inspected the reported location
EVT01516,ISSUE0253,Work Started,2026-08-10,Road Maintenance Team,Repair/cleanup work started
EVT01517,ISSUE0253,Work Completed,2026-08-14,Road Maintenance Team,Repair/cleanup work completed
EVT01518,ISSUE0253,Issue Closed,2026-08-13,Road Maintenance Team,Issue marked as resolved
EVT01519,ISSUE0254,Complaint Received,2026-08-18,Waste Management Team,Issue reported by citizen
EVT01520,ISSUE0254,Assigned,2026-08-20,Waste Management Team,Issue assigned to the responsible municipal team
EVT01521,ISSUE0254,Inspection,2026-08-21,Waste Management Team,Municipal staff inspected the reported location
EVT01522,ISSUE0254,Work Started,2026-08-20,Waste Management Team,Repair/cleanup work started
EVT01523,ISSUE0254,Work Completed,2026-08-24,Waste Management Team,Repair/cleanup work completed
EVT01524,ISSUE0254,Issue Closed,2026-08-27,Waste Management Team,Issue marked as resolved
EVT01525,ISSUE0255,Complaint Received,2026-08-20,Road Maintenance Team,Issue reported by citizen
EVT01526,ISSUE0255,Assigned,2026-08-21,Road Maintenance Team,Issue assigned to the responsible municipal team
EVT01527,ISSUE0255,Inspection,2026-08-21,Road Maintenance Team,Municipal staff inspected the reported location
EVT01528,ISSUE0255,Work Started,2026-08-23,Road Maintenance Team,Repair/cleanup work started
EVT01529,ISSUE0255,Work Completed,2026-08-25,Road Maintenance Team,Repair/cleanup work completed
EVT01530,ISSUE0255,Issue Closed,2026-08-30,Road Maintenance Team,Issue marked as resolved
EVT01531,ISSUE0256,Complaint Received,2026-08-06,Waste Management Team,Issue reported by citizen
EVT01532,ISSUE0256,Assigned,2026-08-08,Waste Management Team,Issue assigned to the responsible municipal team
EVT01533,ISSUE0256,Inspection,2026-08-08,Waste Management Team,Municipal staff inspected the reported location
EVT01534,ISSUE0256,Work Started,2026-08-08,Waste Management Team,Repair/cleanup work started
EVT01535,ISSUE0256,Work Completed,2026-08-13,Waste Management Team,Repair/cleanup work completed
EVT01536,ISSUE0256,Issue Closed,2026-08-13,Waste Management Team,Issue marked as resolved
EVT01537,ISSUE0257,Complaint Received,2026-08-08,Waste Management Team,Issue reported by citizen
EVT01538,ISSUE0257,Assigned,2026-08-09,Waste Management Team,Issue assigned to the responsible municipal team
EVT01539,ISSUE0257,Inspection,2026-08-11,Waste Management Team,Municipal staff inspected the reported location
EVT01540,ISSUE0257,Work Started,2026-08-12,Waste Management Team,Repair/cleanup work started
EVT01541,ISSUE0257,Work Completed,2026-08-15,Waste Management Team,Repair/cleanup work completed
EVT01542,ISSUE0257,Issue Closed,2026-08-14,Waste Management Team,Issue marked as resolved
EVT01543,ISSUE0258,Complaint Received,2026-08-08,Waste Management Team,Issue reported by citizen
EVT01544,ISSUE0258,Assigned,2026-08-09,Waste Management Team,Issue assigned to the responsible municipal team
EVT01545,ISSUE0258,Inspection,2026-08-10,Waste Management Team,Municipal staff inspected the reported location
EVT01546,ISSUE0258,Work Started,2026-08-11,Waste Management Team,Repair/cleanup work started
EVT01547,ISSUE0258,Work Completed,2026-08-14,Waste Management Team,Repair/cleanup work completed
EVT01548,ISSUE0258,Issue Closed,2026-08-18,Waste Management Team,Issue marked as resolved
EVT01549,ISSUE0259,Complaint Received,2026-08-15,Waste Management Team,Issue reported by citizen
EVT01550,ISSUE0259,Assigned,2026-08-16,Waste Management Team,Issue assigned to the responsible municipal team
EVT01551,ISSUE0259,Inspection,2026-08-17,Waste Management Team,Municipal staff inspected the reported location
EVT01552,ISSUE0259,Work Started,2026-08-20,Waste Management Team,Repair/cleanup work started
EVT01553,ISSUE0259,Work Completed,2026-08-23,Waste Management Team,Repair/cleanup work completed
EVT01554,ISSUE0259,Issue Closed,2026-08-24,Waste Management Team,Issue marked as resolved
EVT01555,ISSUE0260,Complaint Received,2026-08-06,Electrical Maintenance Team,Issue reported by citizen
EVT01556,ISSUE0260,Assigned,2026-08-06,Electrical Maintenance Team,Issue assigned to the responsible municipal team
EVT01557,ISSUE0260,Inspection,2026-08-09,Electrical Maintenance Team,Municipal staff inspected the reported location
EVT01558,ISSUE0260,Work Started,2026-08-09,Electrical Maintenance Team,Repair/cleanup work started
EVT01559,ISSUE0260,Work Completed,2026-08-12,Electrical Maintenance Team,Repair/cleanup work completed
EVT01560,ISSUE0260,Issue Closed,2026-08-11,Electrical Maintenance Team,Issue marked as resolved
EVT01561,ISSUE0261,Complaint Received,2026-08-16,Waste Management Team,Issue reported by citizen
EVT01562,ISSUE0261,Assigned,2026-08-17,Waste Management Team,Issue assigned to the responsible municipal team
EVT01563,ISSUE0261,Inspection,2026-08-19,Waste Management Team,Municipal staff inspected the reported location
EVT01564,ISSUE0261,Work Started,2026-08-18,Waste Management Team,Repair/cleanup work started
EVT01565,ISSUE0261,Work Completed,2026-08-24,Waste Management Team,Repair/cleanup work completed
EVT01566,ISSUE0261,Issue Closed,2026-08-21,Waste Management Team,Issue marked as resolved
EVT01567,ISSUE0262,Complaint Received,2026-08-03,Electrical Maintenance Team,Issue reported by citizen
EVT01568,ISSUE0262,Assigned,2026-08-03,Electrical Maintenance Team,Issue assigned to the responsible municipal team
EVT01569,ISSUE0262,Inspection,2026-08-05,Electrical Maintenance Team,Municipal staff inspected the reported location
EVT01570,ISSUE0262,Work Started,2026-08-08,Electrical Maintenance Team,Repair/cleanup work started
EVT01571,ISSUE0262,Work Completed,2026-08-11,Electrical Maintenance Team,Repair/cleanup work completed
EVT01572,ISSUE0262,Issue Closed,2026-08-09,Electrical Maintenance Team,Issue marked as resolved
EVT01573,ISSUE0263,Complaint Received,2026-08-03,Electrical Maintenance Team,Issue reported by citizen
EVT01574,ISSUE0263,Assigned,2026-08-03,Electrical Maintenance Team,Issue assigned to the responsible municipal team
EVT01575,ISSUE0263,Inspection,2026-08-05,Electrical Maintenance Team,Municipal staff inspected the reported location
EVT01576,ISSUE0263,Work Started,2026-08-07,Electrical Maintenance Team,Repair/cleanup work started
EVT01577,ISSUE0263,Work Completed,2026-08-07,Electrical Maintenance Team,Repair/cleanup work completed
EVT01578,ISSUE0263,Issue Closed,2026-08-11,Electrical Maintenance Team,Issue marked as resolved
EVT01579,ISSUE0264,Complaint Received,2026-08-13,Road Maintenance Team,Issue reported by citizen
EVT01580,ISSUE0264,Assigned,2026-08-15,Road Maintenance Team,Issue assigned to the responsible municipal team
EVT01581,ISSUE0264,Inspection,2026-08-15,Road Maintenance Team,Municipal staff inspected the reported location
EVT01582,ISSUE0264,Work Started,2026-08-16,Road Maintenance Team,Repair/cleanup work started
EVT01583,ISSUE0264,Work Completed,2026-08-20,Road Maintenance Team,Repair/cleanup work completed
EVT01584,ISSUE0264,Issue Closed,2026-08-18,Road Maintenance Team,Issue marked as resolved
EVT01585,ISSUE0265,Complaint Received,2026-08-08,Electrical Maintenance Team,Issue reported by citizen
EVT01586,ISSUE0265,Assigned,2026-08-08,Electrical Maintenance Team,Issue assigned to the responsible municipal team
EVT01587,ISSUE0265,Inspection,2026-08-10,Electrical Maintenance Team,Municipal staff inspected the reported location
EVT01588,ISSUE0265,Work Started,2026-08-10,Electrical Maintenance Team,Repair/cleanup work started
EVT01589,ISSUE0265,Work Completed,2026-08-14,Electrical Maintenance Team,Repair/cleanup work completed
EVT01590,ISSUE0265,Issue Closed,2026-08-14,Electrical Maintenance Team,Issue marked as resolved
EVT01591,ISSUE0266,Complaint Received,2026-08-02,Road Maintenance Team,Issue reported by citizen
EVT01592,ISSUE0266,Assigned,2026-08-03,Road Maintenance Team,Issue assigned to the responsible municipal team
EVT01593,ISSUE0266,Inspection,2026-08-04,Road Maintenance Team,Municipal staff inspected the reported location
EVT01594,ISSUE0266,Work Started,2026-08-05,Road Maintenance Team,Repair/cleanup work started
EVT01595,ISSUE0266,Work Completed,2026-08-09,Road Maintenance Team,Repair/cleanup work completed
EVT01596,ISSUE0266,Issue Closed,2026-08-10,Road Maintenance Team,Issue marked as resolved
EVT01597,ISSUE0267,Complaint Received,2026-08-01,Waste Management Team,Issue reported by citizen
EVT01598,ISSUE0267,Assigned,2026-08-01,Waste Management Team,Issue assigned to the responsible municipal team
EVT01599,ISSUE0267,Inspection,2026-08-02,Waste Management Team,Municipal staff inspected the reported location
EVT01600,ISSUE0267,Work Started,2026-08-05,Waste Management Team,Repair/cleanup work started
EVT01601,ISSUE0267,Work Completed,2026-08-06,Waste Management Team,Repair/cleanup work completed
EVT01602,ISSUE0267,Issue Closed,2026-08-07,Waste Management Team,Issue marked as resolved
EVT01603,ISSUE0268,Complaint Received,2026-08-20,Waste Management Team,Issue reported by citizen
EVT01604,ISSUE0268,Assigned,2026-08-22,Waste Management Team,Issue assigned to the responsible municipal team
EVT01605,ISSUE0268,Inspection,2026-08-22,Waste Management Team,Municipal staff inspected the reported location
EVT01606,ISSUE0268,Work Started,2026-08-22,Waste Management Team,Repair/cleanup work started
EVT01607,ISSUE0268,Work Completed,2026-08-26,Waste Management Team,Repair/cleanup work completed
EVT01608,ISSUE0268,Issue Closed,2026-08-26,Waste Management Team,Issue marked as resolved
EVT01609,ISSUE0269,Complaint Received,2026-08-04,Electrical Maintenance Team,Issue reported by citizen
EVT01610,ISSUE0269,Assigned,2026-08-04,Electrical Maintenance Team,Issue assigned to the responsible municipal team
EVT01611,ISSUE0269,Inspection,2026-08-05,Electrical Maintenance Team,Municipal staff inspected the reported location
EVT01612,ISSUE0269,Work Started,2026-08-09,Electrical Maintenance Team,Repair/cleanup work started
EVT01613,ISSUE0269,Work Completed,2026-08-12,Electrical Maintenance Team,Repair/cleanup work completed
EVT01614,ISSUE0269,Issue Closed,2026-08-12,Electrical Maintenance Team,Issue marked as resolved
EVT01615,ISSUE0270,Complaint Received,2026-08-04,Road Maintenance Team,Issue reported by citizen
EVT01616,ISSUE0270,Assigned,2026-08-05,Road Maintenance Team,Issue assigned to the responsible municipal team
EVT01617,ISSUE0270,Inspection,2026-08-07,Road Maintenance Team,Municipal staff inspected the reported location
EVT01618,ISSUE0270,Work Started,2026-08-06,Road Maintenance Team,Repair/cleanup work started
EVT01619,ISSUE0270,Work Completed,2026-08-12,Road Maintenance Team,Repair/cleanup work completed
EVT01620,ISSUE0270,Issue Closed,2026-08-13,Road Maintenance Team,Issue marked as resolved
EVT01621,ISSUE0271,Complaint Received,2026-08-05,Road Maintenance Team,Issue reported by citizen
EVT01622,ISSUE0271,Assigned,2026-08-06,Road Maintenance Team,Issue assigned to the responsible municipal team
EVT01623,ISSUE0271,Inspection,2026-08-07,Road Maintenance Team,Municipal staff inspected the reported location
EVT01624,ISSUE0271,Work Started,2026-08-07,Road Maintenance Team,Repair/cleanup work started
EVT01625,ISSUE0271,Work Completed,2026-08-13,Road Maintenance Team,Repair/cleanup work completed
EVT01626,ISSUE0271,Issue Closed,2026-08-12,Road Maintenance Team,Issue marked as resolved
EVT01627,ISSUE0272,Complaint Received,2026-08-19,Road Maintenance Team,Issue reported by citizen
EVT01628,ISSUE0272,Assigned,2026-08-20,Road Maintenance Team,Issue assigned to the responsible municipal team
EVT01629,ISSUE0272,Inspection,2026-08-20,Road Maintenance Team,Municipal staff inspected the reported location
EVT01630,ISSUE0272,Work Started,2026-08-21,Road Maintenance Team,Repair/cleanup work started
EVT01631,ISSUE0272,Work Completed,2026-08-27,Road Maintenance Team,Repair/cleanup work completed
EVT01632,ISSUE0272,Issue Closed,2026-08-26,Road Maintenance Team,Issue marked as resolved
EVT01633,ISSUE0273,Complaint Received,2026-08-17,Road Maintenance Team,Issue reported by citizen
EVT01634,ISSUE0273,Assigned,2026-08-19,Road Maintenance Team,Issue assigned to the responsible municipal team
EVT01635,ISSUE0273,Inspection,2026-08-20,Road Maintenance Team,Municipal staff inspected the reported location
EVT01636,ISSUE0273,Work Started,2026-08-19,Road Maintenance Team,Repair/cleanup work started
EVT01637,ISSUE0273,Work Completed,2026-08-24,Road Maintenance Team,Repair/cleanup work completed
EVT01638,ISSUE0273,Issue Closed,2026-08-25,Road Maintenance Team,Issue marked as resolved
EVT01639,ISSUE0274,Complaint Received,2026-08-21,Road Maintenance Team,Issue reported by citizen
EVT01640,ISSUE0274,Assigned,2026-08-22,Road Maintenance Team,Issue assigned to the responsible municipal team
EVT01641,ISSUE0274,Inspection,2026-08-23,Road Maintenance Team,Municipal staff inspected the reported location
EVT01642,ISSUE0274,Work Started,2026-08-25,Road Maintenance Team,Repair/cleanup work started
EVT01643,ISSUE0274,Work Completed,2026-08-25,Road Maintenance Team,Repair/cleanup work completed
EVT01644,ISSUE0274,Issue Closed,2026-08-28,Road Maintenance Team,Issue marked as resolved
EVT01645,ISSUE0275,Complaint Received,2026-08-12,Road Maintenance Team,Issue reported by citizen
EVT01646,ISSUE0275,Assigned,2026-08-12,Road Maintenance Team,Issue assigned to the responsible municipal team
EVT01647,ISSUE0275,Inspection,2026-08-15,Road Maintenance Team,Municipal staff inspected the reported location
EVT01648,ISSUE0275,Work Started,2026-08-14,Road Maintenance Team,Repair/cleanup work started
EVT01649,ISSUE0275,Work Completed,2026-08-20,Road Maintenance Team,Repair/cleanup work completed
EVT01650,ISSUE0275,Issue Closed,2026-08-22,Road Maintenance Team,Issue marked as resolved
EVT01651,ISSUE0276,Complaint Received,2026-08-05,Electrical Maintenance Team,Issue reported by citizen
EVT01652,ISSUE0276,Assigned,2026-08-05,Electrical Maintenance Team,Issue assigned to the responsible municipal team
EVT01653,ISSUE0276,Inspection,2026-08-07,Electrical Maintenance Team,Municipal staff inspected the reported location
EVT01654,ISSUE0276,Work Started,2026-08-09,Electrical Maintenance Team,Repair/cleanup work started
EVT01655,ISSUE0276,Work Completed,2026-08-10,Electrical Maintenance Team,Repair/cleanup work completed
EVT01656,ISSUE0276,Issue Closed,2026-08-15,Electrical Maintenance Team,Issue marked as resolved
EVT01657,ISSUE0277,Complaint Received,2026-08-16,Electrical Maintenance Team,Issue reported by citizen
EVT01658,ISSUE0277,Assigned,2026-08-18,Electrical Maintenance Team,Issue assigned to the responsible municipal team
EVT01659,ISSUE0277,Inspection,2026-08-17,Electrical Maintenance Team,Municipal staff inspected the reported location
EVT01660,ISSUE0277,Work Started,2026-08-19,Electrical Maintenance Team,Repair/cleanup work started
EVT01661,ISSUE0277,Work Completed,2026-08-20,Electrical Maintenance Team,Repair/cleanup work completed
EVT01662,ISSUE0277,Issue Closed,2026-08-26,Electrical Maintenance Team,Issue marked as resolved
EVT01663,ISSUE0278,Complaint Received,2026-08-02,Electrical Maintenance Team,Issue reported by citizen
EVT01664,ISSUE0278,Assigned,2026-08-03,Electrical Maintenance Team,Issue assigned to the responsible municipal team
EVT01665,ISSUE0278,Inspection,2026-08-03,Electrical Maintenance Team,Municipal staff inspected the reported location
EVT01666,ISSUE0278,Work Started,2026-08-04,Electrical Maintenance Team,Repair/cleanup work started
EVT01667,ISSUE0278,Work Completed,2026-08-07,Electrical Maintenance Team,Repair/cleanup work completed
EVT01668,ISSUE0278,Issue Closed,2026-08-07,Electrical Maintenance Team,Issue marked as resolved
EVT01669,ISSUE0279,Complaint Received,2026-08-10,Electrical Maintenance Team,Issue reported by citizen
EVT01670,ISSUE0279,Assigned,2026-08-12,Electrical Maintenance Team,Issue assigned to the responsible municipal team
EVT01671,ISSUE0279,Inspection,2026-08-12,Electrical Maintenance Team,Municipal staff inspected the reported location
EVT01672,ISSUE0279,Work Started,2026-08-15,Electrical Maintenance Team,Repair/cleanup work started
EVT01673,ISSUE0279,Work Completed,2026-08-16,Electrical Maintenance Team,Repair/cleanup work completed
EVT01674,ISSUE0279,Issue Closed,2026-08-15,Electrical Maintenance Team,Issue marked as resolved
EVT01675,ISSUE0280,Complaint Received,2026-08-07,Waste Management Team,Issue reported by citizen
EVT01676,ISSUE0280,Assigned,2026-08-08,Waste Management Team,Issue assigned to the responsible municipal team
EVT01677,ISSUE0280,Inspection,2026-08-09,Waste Management Team,Municipal staff inspected the reported location
EVT01678,ISSUE0280,Work Started,2026-08-09,Waste Management Team,Repair/cleanup work started
EVT01679,ISSUE0280,Work Completed,2026-08-13,Waste Management Team,Repair/cleanup work completed
EVT01680,ISSUE0280,Issue Closed,2026-08-14,Waste Management Team,Issue marked as resolved
EVT01681,ISSUE0281,Complaint Received,2026-08-12,Road Maintenance Team,Issue reported by citizen
EVT01682,ISSUE0281,Assigned,2026-08-13,Road Maintenance Team,Issue assigned to the responsible municipal team
EVT01683,ISSUE0281,Inspection,2026-08-14,Road Maintenance Team,Municipal staff inspected the reported location
EVT01684,ISSUE0281,Work Started,2026-08-17,Road Maintenance Team,Repair/cleanup work started
EVT01685,ISSUE0281,Work Completed,2026-08-19,Road Maintenance Team,Repair/cleanup work completed
EVT01686,ISSUE0281,Issue Closed,2026-08-19,Road Maintenance Team,Issue marked as resolved
EVT01687,ISSUE0282,Complaint Received,2026-08-16,Road Maintenance Team,Issue reported by citizen
EVT01688,ISSUE0282,Assigned,2026-08-18,Road Maintenance Team,Issue assigned to the responsible municipal team
EVT01689,ISSUE0282,Inspection,2026-08-18,Road Maintenance Team,Municipal staff inspected the reported location
EVT01690,ISSUE0282,Work Started,2026-08-20,Road Maintenance Team,Repair/cleanup work started
EVT01691,ISSUE0282,Work Completed,2026-08-24,Road Maintenance Team,Repair/cleanup work completed
EVT01692,ISSUE0282,Issue Closed,2026-08-23,Road Maintenance Team,Issue marked as resolved
EVT01693,ISSUE0283,Complaint Received,2026-08-14,Road Maintenance Team,Issue reported by citizen
EVT01694,ISSUE0283,Assigned,2026-08-14,Road Maintenance Team,Issue assigned to the responsible municipal team
EVT01695,ISSUE0283,Inspection,2026-08-16,Road Maintenance Team,Municipal staff inspected the reported location
EVT01696,ISSUE0283,Work Started,2026-08-17,Road Maintenance Team,Repair/cleanup work started
EVT01697,ISSUE0283,Work Completed,2026-08-22,Road Maintenance Team,Repair/cleanup work completed
EVT01698,ISSUE0283,Issue Closed,2026-08-21,Road Maintenance Team,Issue marked as resolved
EVT01699,ISSUE0284,Complaint Received,2026-08-04,Electrical Maintenance Team,Issue reported by citizen
EVT01700,ISSUE0284,Assigned,2026-08-04,Electrical Maintenance Team,Issue assigned to the responsible municipal team
EVT01701,ISSUE0284,Inspection,2026-08-06,Electrical Maintenance Team,Municipal staff inspected the reported location
EVT01702,ISSUE0284,Work Started,2026-08-08,Electrical Maintenance Team,Repair/cleanup work started
EVT01703,ISSUE0284,Work Completed,2026-08-10,Electrical Maintenance Team,Repair/cleanup work completed
EVT01704,ISSUE0284,Issue Closed,2026-08-12,Electrical Maintenance Team,Issue marked as resolved
EVT01705,ISSUE0285,Complaint Received,2026-08-14,Waste Management Team,Issue reported by citizen
EVT01706,ISSUE0285,Assigned,2026-08-14,Waste Management Team,Issue assigned to the responsible municipal team
EVT01707,ISSUE0285,Inspection,2026-08-17,Waste Management Team,Municipal staff inspected the reported location
EVT01708,ISSUE0285,Work Started,2026-08-19,Waste Management Team,Repair/cleanup work started
EVT01709,ISSUE0285,Work Completed,2026-08-20,Waste Management Team,Repair/cleanup work completed
EVT01710,ISSUE0285,Issue Closed,2026-08-22,Waste Management Team,Issue marked as resolved
EVT01711,ISSUE0286,Complaint Received,2026-08-12,Road Maintenance Team,Issue reported by citizen
EVT01712,ISSUE0286,Assigned,2026-08-14,Road Maintenance Team,Issue assigned to the responsible municipal team
EVT01713,ISSUE0286,Inspection,2026-08-14,Road Maintenance Team,Municipal staff inspected the reported location
EVT01714,ISSUE0286,Work Started,2026-08-16,Road Maintenance Team,Repair/cleanup work started
EVT01715,ISSUE0286,Work Completed,2026-08-16,Road Maintenance Team,Repair/cleanup work completed
EVT01716,ISSUE0286,Issue Closed,2026-08-17,Road Maintenance Team,Issue marked as resolved
EVT01717,ISSUE0287,Complaint Received,2026-08-21,Waste Management Team,Issue reported by citizen
EVT01718,ISSUE0287,Assigned,2026-08-22,Waste Management Team,Issue assigned to the responsible municipal team
EVT01719,ISSUE0287,Inspection,2026-08-23,Waste Management Team,Municipal staff inspected the reported location
EVT01720,ISSUE0287,Work Started,2026-08-24,Waste Management Team,Repair/cleanup work started
EVT01721,ISSUE0287,Work Completed,2026-08-25,Waste Management Team,Repair/cleanup work completed
EVT01722,ISSUE0287,Issue Closed,2026-08-27,Waste Management Team,Issue marked as resolved
EVT01723,ISSUE0288,Complaint Received,2026-08-15,Waste Management Team,Issue reported by citizen
EVT01724,ISSUE0288,Assigned,2026-08-15,Waste Management Team,Issue assigned to the responsible municipal team
EVT01725,ISSUE0288,Inspection,2026-08-16,Waste Management Team,Municipal staff inspected the reported location
EVT01726,ISSUE0288,Work Started,2026-08-17,Waste Management Team,Repair/cleanup work started
EVT01727,ISSUE0288,Work Completed,2026-08-20,Waste Management Team,Repair/cleanup work completed
EVT01728,ISSUE0288,Issue Closed,2026-08-25,Waste Management Team,Issue marked as resolved
EVT01729,ISSUE0289,Complaint Received,2026-08-12,Electrical Maintenance Team,Issue reported by citizen
EVT01730,ISSUE0289,Assigned,2026-08-13,Electrical Maintenance Team,Issue assigned to the responsible municipal team
EVT01731,ISSUE0289,Inspection,2026-08-15,Electrical Maintenance Team,Municipal staff inspected the reported location
EVT01732,ISSUE0289,Work Started,2026-08-14,Electrical Maintenance Team,Repair/cleanup work started
EVT01733,ISSUE0289,Work Completed,2026-08-20,Electrical Maintenance Team,Repair/cleanup work completed
EVT01734,ISSUE0289,Issue Closed,2026-08-18,Electrical Maintenance Team,Issue marked as resolved
EVT01735,ISSUE0290,Complaint Received,2026-08-15,Waste Management Team,Issue reported by citizen
EVT01736,ISSUE0290,Assigned,2026-08-16,Waste Management Team,Issue assigned to the responsible municipal team
EVT01737,ISSUE0290,Inspection,2026-08-17,Waste Management Team,Municipal staff inspected the reported location
EVT01738,ISSUE0290,Work Started,2026-08-20,Waste Management Team,Repair/cleanup work started
EVT01739,ISSUE0290,Work Completed,2026-08-19,Waste Management Team,Repair/cleanup work completed
EVT01740,ISSUE0290,Issue Closed,2026-08-24,Waste Management Team,Issue marked as resolved
EVT01741,ISSUE0291,Complaint Received,2026-08-17,Road Maintenance Team,Issue reported by citizen
EVT01742,ISSUE0291,Assigned,2026-08-18,Road Maintenance Team,Issue assigned to the responsible municipal team
EVT01743,ISSUE0291,Inspection,2026-08-19,Road Maintenance Team,Municipal staff inspected the reported location
EVT01744,ISSUE0291,Work Started,2026-08-21,Road Maintenance Team,Repair/cleanup work started
EVT01745,ISSUE0291,Work Completed,2026-08-23,Road Maintenance Team,Repair/cleanup work completed
EVT01746,ISSUE0291,Issue Closed,2026-08-23,Road Maintenance Team,Issue marked as resolved
EVT01747,ISSUE0292,Complaint Received,2026-08-01,Road Maintenance Team,Issue reported by citizen
EVT01748,ISSUE0292,Assigned,2026-08-03,Road Maintenance Team,Issue assigned to the responsible municipal team
EVT01749,ISSUE0292,Inspection,2026-08-02,Road Maintenance Team,Municipal staff inspected the reported location
EVT01750,ISSUE0292,Work Started,2026-08-06,Road Maintenance Team,Repair/cleanup work started
EVT01751,ISSUE0292,Work Completed,2026-08-09,Road Maintenance Team,Repair/cleanup work completed
EVT01752,ISSUE0292,Issue Closed,2026-08-09,Road Maintenance Team,Issue marked as resolved
EVT01753,ISSUE0293,Complaint Received,2026-08-04,Waste Management Team,Issue reported by citizen
EVT01754,ISSUE0293,Assigned,2026-08-05,Waste Management Team,Issue assigned to the responsible municipal team
EVT01755,ISSUE0293,Inspection,2026-08-06,Waste Management Team,Municipal staff inspected the reported location
EVT01756,ISSUE0293,Work Started,2026-08-09,Waste Management Team,Repair/cleanup work started
EVT01757,ISSUE0293,Work Completed,2026-08-09,Waste Management Team,Repair/cleanup work completed
EVT01758,ISSUE0293,Issue Closed,2026-08-13,Waste Management Team,Issue marked as resolved
EVT01759,ISSUE0294,Complaint Received,2026-08-16,Electrical Maintenance Team,Issue reported by citizen
EVT01760,ISSUE0294,Assigned,2026-08-16,Electrical Maintenance Team,Issue assigned to the responsible municipal team
EVT01761,ISSUE0294,Inspection,2026-08-17,Electrical Maintenance Team,Municipal staff inspected the reported location
EVT01762,ISSUE0294,Work Started,2026-08-19,Electrical Maintenance Team,Repair/cleanup work started
EVT01763,ISSUE0294,Work Completed,2026-08-20,Electrical Maintenance Team,Repair/cleanup work completed
EVT01764,ISSUE0294,Issue Closed,2026-08-24,Electrical Maintenance Team,Issue marked as resolved
EVT01765,ISSUE0295,Complaint Received,2026-08-15,Road Maintenance Team,Issue reported by citizen
EVT01766,ISSUE0295,Assigned,2026-08-15,Road Maintenance Team,Issue assigned to the responsible municipal team
EVT01767,ISSUE0295,Inspection,2026-08-18,Road Maintenance Team,Municipal staff inspected the reported location
EVT01768,ISSUE0295,Work Started,2026-08-19,Road Maintenance Team,Repair/cleanup work started
EVT01769,ISSUE0295,Work Completed,2026-08-21,Road Maintenance Team,Repair/cleanup work completed
EVT01770,ISSUE0295,Issue Closed,2026-08-25,Road Maintenance Team,Issue marked as resolved
EVT01771,ISSUE0296,Complaint Received,2026-08-18,Road Maintenance Team,Issue reported by citizen
EVT01772,ISSUE0296,Assigned,2026-08-20,Road Maintenance Team,Issue assigned to the responsible municipal team
EVT01773,ISSUE0296,Inspection,2026-08-20,Road Maintenance Team,Municipal staff inspected the reported location
EVT01774,ISSUE0296,Work Started,2026-08-22,Road Maintenance Team,Repair/cleanup work started
EVT01775,ISSUE0296,Work Completed,2026-08-23,Road Maintenance Team,Repair/cleanup work completed
EVT01776,ISSUE0296,Issue Closed,2026-08-28,Road Maintenance Team,Issue marked as resolved
EVT01777,ISSUE0297,Complaint Received,2026-08-21,Waste Management Team,Issue reported by citizen
EVT01778,ISSUE0297,Assigned,2026-08-21,Waste Management Team,Issue assigned to the responsible municipal team
EVT01779,ISSUE0297,Inspection,2026-08-23,Waste Management Team,Municipal staff inspected the reported location
EVT01780,ISSUE0297,Work Started,2026-08-24,Waste Management Team,Repair/cleanup work started
EVT01781,ISSUE0297,Work Completed,2026-08-25,Waste Management Team,Repair/cleanup work completed
EVT01782,ISSUE0297,Issue Closed,2026-08-27,Waste Management Team,Issue marked as resolved
EVT01783,ISSUE0298,Complaint Received,2026-08-08,Road Maintenance Team,Issue reported by citizen
EVT01784,ISSUE0298,Assigned,2026-08-09,Road Maintenance Team,Issue assigned to the responsible municipal team
EVT01785,ISSUE0298,Inspection,2026-08-09,Road Maintenance Team,Municipal staff inspected the reported location
EVT01786,ISSUE0298,Work Started,2026-08-12,Road Maintenance Team,Repair/cleanup work started
EVT01787,ISSUE0298,Work Completed,2026-08-16,Road Maintenance Team,Repair/cleanup work completed
EVT01788,ISSUE0298,Issue Closed,2026-08-17,Road Maintenance Team,Issue marked as resolved
EVT01789,ISSUE0299,Complaint Received,2026-08-15,Electrical Maintenance Team,Issue reported by citizen
EVT01790,ISSUE0299,Assigned,2026-08-17,Electrical Maintenance Team,Issue assigned to the responsible municipal team
EVT01791,ISSUE0299,Inspection,2026-08-16,Electrical Maintenance Team,Municipal staff inspected the reported location
EVT01792,ISSUE0299,Work Started,2026-08-17,Electrical Maintenance Team,Repair/cleanup work started
EVT01793,ISSUE0299,Work Completed,2026-08-19,Electrical Maintenance Team,Repair/cleanup work completed
EVT01794,ISSUE0299,Issue Closed,2026-08-22,Electrical Maintenance Team,Issue marked as resolved
EVT01795,ISSUE0300,Complaint Received,2026-08-16,Electrical Maintenance Team,Issue reported by citizen
EVT01796,ISSUE0300,Assigned,2026-08-18,Electrical Maintenance Team,Issue assigned to the responsible municipal team
EVT01797,ISSUE0300,Inspection,2026-08-18,Electrical Maintenance Team,Municipal staff inspected the reported location
EVT01798,ISSUE0300,Work Started,2026-08-21,Electrical Maintenance Team,Repair/cleanup work started
EVT01799,ISSUE0300,Work Completed,2026-08-24,Electrical Maintenance Team,Repair/cleanup work completed
EVT01800,ISSUE0300,Issue Closed,2026-08-21,Electrical Maintenance Team,Issue marked as resolved
EVT01801,ISSUE0301,Complaint Received,2026-08-11,Road Maintenance Team,Issue reported by citizen
EVT01802,ISSUE0301,Assigned,2026-08-13,Road Maintenance Team,Issue assigned to the responsible municipal team
EVT01803,ISSUE0301,Inspection,2026-08-12,Road Maintenance Team,Municipal staff inspected the reported location
EVT01804,ISSUE0301,Work Started,2026-08-16,Road Maintenance Team,Repair/cleanup work started
EVT01805,ISSUE0301,Work Completed,2026-08-18,Road Maintenance Team,Repair/cleanup work completed
EVT01806,ISSUE0301,Issue Closed,2026-08-21,Road Maintenance Team,Issue marked as resolved
EVT01807,ISSUE0302,Complaint Received,2026-08-12,Waste Management Team,Issue reported by citizen
EVT01808,ISSUE0302,Assigned,2026-08-12,Waste Management Team,Issue assigned to the responsible municipal team
EVT01809,ISSUE0302,Inspection,2026-08-15,Waste Management Team,Municipal staff inspected the reported location
EVT01810,ISSUE0302,Work Started,2026-08-15,Waste Management Team,Repair/cleanup work started
EVT01811,ISSUE0302,Work Completed,2026-08-17,Waste Management Team,Repair/cleanup work completed
EVT01812,ISSUE0302,Issue Closed,2026-08-20,Waste Management Team,Issue marked as resolved
EVT01813,ISSUE0303,Complaint Received,2026-08-02,Waste Management Team,Issue reported by citizen
EVT01814,ISSUE0303,Assigned,2026-08-02,Waste Management Team,Issue assigned to the responsible municipal team
EVT01815,ISSUE0303,Inspection,2026-08-05,Waste Management Team,Municipal staff inspected the reported location
EVT01816,ISSUE0303,Work Started,2026-08-05,Waste Management Team,Repair/cleanup work started
EVT01817,ISSUE0303,Work Completed,2026-08-08,Waste Management Team,Repair/cleanup work completed
EVT01818,ISSUE0303,Issue Closed,2026-08-08,Waste Management Team,Issue marked as resolved
EVT01819,ISSUE0304,Complaint Received,2026-08-11,Road Maintenance Team,Issue reported by citizen
EVT01820,ISSUE0304,Assigned,2026-08-13,Road Maintenance Team,Issue assigned to the responsible municipal team
EVT01821,ISSUE0304,Inspection,2026-08-12,Road Maintenance Team,Municipal staff inspected the reported location
EVT01822,ISSUE0304,Work Started,2026-08-15,Road Maintenance Team,Repair/cleanup work started
EVT01823,ISSUE0304,Work Completed,2026-08-19,Road Maintenance Team,Repair/cleanup work completed
EVT01824,ISSUE0304,Issue Closed,2026-08-18,Road Maintenance Team,Issue marked as resolved
EVT01825,ISSUE0305,Complaint Received,2026-08-09,Road Maintenance Team,Issue reported by citizen
EVT01826,ISSUE0305,Assigned,2026-08-09,Road Maintenance Team,Issue assigned to the responsible municipal team
EVT01827,ISSUE0305,Inspection,2026-08-12,Road Maintenance Team,Municipal staff inspected the reported location
EVT01828,ISSUE0305,Work Started,2026-08-13,Road Maintenance Team,Repair/cleanup work started
EVT01829,ISSUE0305,Work Completed,2026-08-14,Road Maintenance Team,Repair/cleanup work completed
EVT01830,ISSUE0305,Issue Closed,2026-08-19,Road Maintenance Team,Issue marked as resolved
EVT01831,ISSUE0306,Complaint Received,2026-08-20,Electrical Maintenance Team,Issue reported by citizen
EVT01832,ISSUE0306,Assigned,2026-08-22,Electrical Maintenance Team,Issue assigned to the responsible municipal team
EVT01833,ISSUE0306,Inspection,2026-08-21,Electrical Maintenance Team,Municipal staff inspected the reported location
EVT01834,ISSUE0306,Work Started,2026-08-23,Electrical Maintenance Team,Repair/cleanup work started
EVT01835,ISSUE0306,Work Completed,2026-08-28,Electrical Maintenance Team,Repair/cleanup work completed
EVT01836,ISSUE0306,Issue Closed,2026-08-29,Electrical Maintenance Team,Issue marked as resolved
EVT01837,ISSUE0307,Complaint Received,2026-08-06,Road Maintenance Team,Issue reported by citizen
EVT01838,ISSUE0307,Assigned,2026-08-08,Road Maintenance Team,Issue assigned to the responsible municipal team
EVT01839,ISSUE0307,Inspection,2026-08-09,Road Maintenance Team,Municipal staff inspected the reported location
EVT01840,ISSUE0307,Work Started,2026-08-10,Road Maintenance Team,Repair/cleanup work started
EVT01841,ISSUE0307,Work Completed,2026-08-14,Road Maintenance Team,Repair/cleanup work completed
EVT01842,ISSUE0307,Issue Closed,2026-08-11,Road Maintenance Team,Issue marked as resolved
EVT01843,ISSUE0308,Complaint Received,2026-08-03,Road Maintenance Team,Issue reported by citizen
EVT01844,ISSUE0308,Assigned,2026-08-03,Road Maintenance Team,Issue assigned to the responsible municipal team
EVT01845,ISSUE0308,Inspection,2026-08-06,Road Maintenance Team,Municipal staff inspected the reported location
EVT01846,ISSUE0308,Work Started,2026-08-07,Road Maintenance Team,Repair/cleanup work started
EVT01847,ISSUE0308,Work Completed,2026-08-08,Road Maintenance Team,Repair/cleanup work completed
EVT01848,ISSUE0308,Issue Closed,2026-08-12,Road Maintenance Team,Issue marked as resolved
EVT01849,ISSUE0309,Complaint Received,2026-08-20,Electrical Maintenance Team,Issue reported by citizen
EVT01850,ISSUE0309,Assigned,2026-08-22,Electrical Maintenance Team,Issue assigned to the responsible municipal team
EVT01851,ISSUE0309,Inspection,2026-08-21,Electrical Maintenance Team,Municipal staff inspected the reported location
EVT01852,ISSUE0309,Work Started,2026-08-25,Electrical Maintenance Team,Repair/cleanup work started
EVT01853,ISSUE0309,Work Completed,2026-08-28,Electrical Maintenance Team,Repair/cleanup work completed
EVT01854,ISSUE0309,Issue Closed,2026-08-27,Electrical Maintenance Team,Issue marked as resolved
EVT01855,ISSUE0310,Complaint Received,2026-08-10,Waste Management Team,Issue reported by citizen
EVT01856,ISSUE0310,Assigned,2026-08-11,Waste Management Team,Issue assigned to the responsible municipal team
EVT01857,ISSUE0310,Inspection,2026-08-11,Waste Management Team,Municipal staff inspected the reported location
EVT01858,ISSUE0310,Work Started,2026-08-15,Waste Management Team,Repair/cleanup work started
EVT01859,ISSUE0310,Work Completed,2026-08-16,Waste Management Team,Repair/cleanup work completed
EVT01860,ISSUE0310,Issue Closed,2026-08-18,Waste Management Team,Issue marked as resolved
EVT01861,ISSUE0311,Complaint Received,2026-08-02,Road Maintenance Team,Issue reported by citizen
EVT01862,ISSUE0311,Assigned,2026-08-02,Road Maintenance Team,Issue assigned to the responsible municipal team
EVT01863,ISSUE0311,Inspection,2026-08-04,Road Maintenance Team,Municipal staff inspected the reported location
EVT01864,ISSUE0311,Work Started,2026-08-07,Road Maintenance Team,Repair/cleanup work started
EVT01865,ISSUE0311,Work Completed,2026-08-09,Road Maintenance Team,Repair/cleanup work completed
EVT01866,ISSUE0311,Issue Closed,2026-08-10,Road Maintenance Team,Issue marked as resolved
EVT01867,ISSUE0312,Complaint Received,2026-08-11,Road Maintenance Team,Issue reported by citizen
EVT01868,ISSUE0312,Assigned,2026-08-13,Road Maintenance Team,Issue assigned to the responsible municipal team
EVT01869,ISSUE0312,Inspection,2026-08-12,Road Maintenance Team,Municipal staff inspected the reported location
EVT01870,ISSUE0312,Work Started,2026-08-15,Road Maintenance Team,Repair/cleanup work started
EVT01871,ISSUE0312,Work Completed,2026-08-17,Road Maintenance Team,Repair/cleanup work completed
EVT01872,ISSUE0312,Issue Closed,2026-08-21,Road Maintenance Team,Issue marked as resolved
EVT01873,ISSUE0313,Complaint Received,2026-08-13,Electrical Maintenance Team,Issue reported by citizen
EVT01874,ISSUE0313,Assigned,2026-08-13,Electrical Maintenance Team,Issue assigned to the responsible municipal team
EVT01875,ISSUE0313,Inspection,2026-08-15,Electrical Maintenance Team,Municipal staff inspected the reported location
EVT01876,ISSUE0313,Work Started,2026-08-15,Electrical Maintenance Team,Repair/cleanup work started
EVT01877,ISSUE0313,Work Completed,2026-08-19,Electrical Maintenance Team,Repair/cleanup work completed
EVT01878,ISSUE0313,Issue Closed,2026-08-19,Electrical Maintenance Team,Issue marked as resolved
EVT01879,ISSUE0314,Complaint Received,2026-08-04,Electrical Maintenance Team,Issue reported by citizen
EVT01880,ISSUE0314,Assigned,2026-08-05,Electrical Maintenance Team,Issue assigned to the responsible municipal team
EVT01881,ISSUE0314,Inspection,2026-08-06,Electrical Maintenance Team,Municipal staff inspected the reported location
EVT01882,ISSUE0314,Work Started,2026-08-07,Electrical Maintenance Team,Repair/cleanup work started
EVT01883,ISSUE0314,Work Completed,2026-08-09,Electrical Maintenance Team,Repair/cleanup work completed
EVT01884,ISSUE0314,Issue Closed,2026-08-09,Electrical Maintenance Team,Issue marked as resolved
EVT01885,ISSUE0315,Complaint Received,2026-08-10,Road Maintenance Team,Issue reported by citizen
EVT01886,ISSUE0315,Assigned,2026-08-11,Road Maintenance Team,Issue assigned to the responsible municipal team
EVT01887,ISSUE0315,Inspection,2026-08-13,Road Maintenance Team,Municipal staff inspected the reported location
EVT01888,ISSUE0315,Work Started,2026-08-15,Road Maintenance Team,Repair/cleanup work started
EVT01889,ISSUE0315,Work Completed,2026-08-15,Road Maintenance Team,Repair/cleanup work completed
EVT01890,ISSUE0315,Issue Closed,2026-08-16,Road Maintenance Team,Issue marked as resolved
EVT01891,ISSUE0316,Complaint Received,2026-08-19,Electrical Maintenance Team,Issue reported by citizen
EVT01892,ISSUE0316,Assigned,2026-08-21,Electrical Maintenance Team,Issue assigned to the responsible municipal team
EVT01893,ISSUE0316,Inspection,2026-08-21,Electrical Maintenance Team,Municipal staff inspected the reported location
EVT01894,ISSUE0316,Work Started,2026-08-22,Electrical Maintenance Team,Repair/cleanup work started
EVT01895,ISSUE0316,Work Completed,2026-08-24,Electrical Maintenance Team,Repair/cleanup work completed
EVT01896,ISSUE0316,Issue Closed,2026-08-27,Electrical Maintenance Team,Issue marked as resolved
EVT01897,ISSUE0317,Complaint Received,2026-08-15,Waste Management Team,Issue reported by citizen
EVT01898,ISSUE0317,Assigned,2026-08-16,Waste Management Team,Issue assigned to the responsible municipal team
EVT01899,ISSUE0317,Inspection,2026-08-17,Waste Management Team,Municipal staff inspected the reported location
EVT01900,ISSUE0317,Work Started,2026-08-20,Waste Management Team,Repair/cleanup work started
EVT01901,ISSUE0317,Work Completed,2026-08-19,Waste Management Team,Repair/cleanup work completed
EVT01902,ISSUE0317,Issue Closed,2026-08-20,Waste Management Team,Issue marked as resolved
EVT01903,ISSUE0318,Complaint Received,2026-08-17,Electrical Maintenance Team,Issue reported by citizen
EVT01904,ISSUE0318,Assigned,2026-08-18,Electrical Maintenance Team,Issue assigned to the responsible municipal team
EVT01905,ISSUE0318,Inspection,2026-08-18,Electrical Maintenance Team,Municipal staff inspected the reported location
EVT01906,ISSUE0318,Work Started,2026-08-20,Electrical Maintenance Team,Repair/cleanup work started
EVT01907,ISSUE0318,Work Completed,2026-08-25,Electrical Maintenance Team,Repair/cleanup work completed
EVT01908,ISSUE0318,Issue Closed,2026-08-24,Electrical Maintenance Team,Issue marked as resolved
EVT01909,ISSUE0319,Complaint Received,2026-08-02,Road Maintenance Team,Issue reported by citizen
EVT01910,ISSUE0319,Assigned,2026-08-03,Road Maintenance Team,Issue assigned to the responsible municipal team
EVT01911,ISSUE0319,Inspection,2026-08-04,Road Maintenance Team,Municipal staff inspected the reported location
EVT01912,ISSUE0319,Work Started,2026-08-07,Road Maintenance Team,Repair/cleanup work started
EVT01913,ISSUE0319,Work Completed,2026-08-08,Road Maintenance Team,Repair/cleanup work completed
EVT01914,ISSUE0319,Issue Closed,2026-08-11,Road Maintenance Team,Issue marked as resolved
EVT01915,ISSUE0320,Complaint Received,2026-08-04,Road Maintenance Team,Issue reported by citizen
EVT01916,ISSUE0320,Assigned,2026-08-05,Road Maintenance Team,Issue assigned to the responsible municipal team
EVT01917,ISSUE0320,Inspection,2026-08-05,Road Maintenance Team,Municipal staff inspected the reported location
EVT01918,ISSUE0320,Work Started,2026-08-08,Road Maintenance Team,Repair/cleanup work started
EVT01919,ISSUE0320,Work Completed,2026-08-10,Road Maintenance Team,Repair/cleanup work completed
EVT01920,ISSUE0320,Issue Closed,2026-08-12,Road Maintenance Team,Issue marked as resolved
EVT01921,ISSUE0321,Complaint Received,2026-08-02,Electrical Maintenance Team,Issue reported by citizen
EVT01922,ISSUE0321,Assigned,2026-08-03,Electrical Maintenance Team,Issue assigned to the responsible municipal team
EVT01923,ISSUE0321,Inspection,2026-08-03,Electrical Maintenance Team,Municipal staff inspected the reported location
EVT01924,ISSUE0321,Work Started,2026-08-05,Electrical Maintenance Team,Repair/cleanup work started
EVT01925,ISSUE0321,Work Completed,2026-08-08,Electrical Maintenance Team,Repair/cleanup work completed
EVT01926,ISSUE0321,Issue Closed,2026-08-11,Electrical Maintenance Team,Issue marked as resolved
EVT01927,ISSUE0322,Complaint Received,2026-08-03,Electrical Maintenance Team,Issue reported by citizen
EVT01928,ISSUE0322,Assigned,2026-08-04,Electrical Maintenance Team,Issue assigned to the responsible municipal team
EVT01929,ISSUE0322,Inspection,2026-08-06,Electrical Maintenance Team,Municipal staff inspected the reported location
EVT01930,ISSUE0322,Work Started,2026-08-08,Electrical Maintenance Team,Repair/cleanup work started
EVT01931,ISSUE0322,Work Completed,2026-08-11,Electrical Maintenance Team,Repair/cleanup work completed
EVT01932,ISSUE0322,Issue Closed,2026-08-10,Electrical Maintenance Team,Issue marked as resolved
EVT01933,ISSUE0323,Complaint Received,2026-08-20,Waste Management Team,Issue reported by citizen
EVT01934,ISSUE0323,Assigned,2026-08-20,Waste Management Team,Issue assigned to the responsible municipal team
EVT01935,ISSUE0323,Inspection,2026-08-21,Waste Management Team,Municipal staff inspected the reported location
EVT01936,ISSUE0323,Work Started,2026-08-22,Waste Management Team,Repair/cleanup work started
EVT01937,ISSUE0323,Work Completed,2026-08-27,Waste Management Team,Repair/cleanup work completed
EVT01938,ISSUE0323,Issue Closed,2026-08-27,Waste Management Team,Issue marked as resolved
EVT01939,ISSUE0324,Complaint Received,2026-08-18,Electrical Maintenance Team,Issue reported by citizen
EVT01940,ISSUE0324,Assigned,2026-08-19,Electrical Maintenance Team,Issue assigned to the responsible municipal team
EVT01941,ISSUE0324,Inspection,2026-08-19,Electrical Maintenance Team,Municipal staff inspected the reported location
EVT01942,ISSUE0324,Work Started,2026-08-21,Electrical Maintenance Team,Repair/cleanup work started
EVT01943,ISSUE0324,Work Completed,2026-08-26,Electrical Maintenance Team,Repair/cleanup work completed
EVT01944,ISSUE0324,Issue Closed,2026-08-27,Electrical Maintenance Team,Issue marked as resolved
EVT01945,ISSUE0325,Complaint Received,2026-08-17,Electrical Maintenance Team,Issue reported by citizen
EVT01946,ISSUE0325,Assigned,2026-08-17,Electrical Maintenance Team,Issue assigned to the responsible municipal team
EVT01947,ISSUE0325,Inspection,2026-08-18,Electrical Maintenance Team,Municipal staff inspected the reported location
EVT01948,ISSUE0325,Work Started,2026-08-19,Electrical Maintenance Team,Repair/cleanup work started
EVT01949,ISSUE0325,Work Completed,2026-08-22,Electrical Maintenance Team,Repair/cleanup work completed
EVT01950,ISSUE0325,Issue Closed,2026-08-27,Electrical Maintenance Team,Issue marked as resolved
EVT01951,ISSUE0326,Complaint Received,2026-08-16,Electrical Maintenance Team,Issue reported by citizen
EVT01952,ISSUE0326,Assigned,2026-08-18,Electrical Maintenance Team,Issue assigned to the responsible municipal team
EVT01953,ISSUE0326,Inspection,2026-08-18,Electrical Maintenance Team,Municipal staff inspected the reported location
EVT01954,ISSUE0326,Work Started,2026-08-19,Electrical Maintenance Team,Repair/cleanup work started
EVT01955,ISSUE0326,Work Completed,2026-08-24,Electrical Maintenance Team,Repair/cleanup work completed
EVT01956,ISSUE0326,Issue Closed,2026-08-25,Electrical Maintenance Team,Issue marked as resolved
EVT01957,ISSUE0327,Complaint Received,2026-08-11,Road Maintenance Team,Issue reported by citizen
EVT01958,ISSUE0327,Assigned,2026-08-13,Road Maintenance Team,Issue assigned to the responsible municipal team
EVT01959,ISSUE0327,Inspection,2026-08-13,Road Maintenance Team,Municipal staff inspected the reported location
EVT01960,ISSUE0327,Work Started,2026-08-14,Road Maintenance Team,Repair/cleanup work started
EVT01961,ISSUE0327,Work Completed,2026-08-18,Road Maintenance Team,Repair/cleanup work completed
EVT01962,ISSUE0327,Issue Closed,2026-08-20,Road Maintenance Team,Issue marked as resolved
EVT01963,ISSUE0328,Complaint Received,2026-08-10,Waste Management Team,Issue reported by citizen
EVT01964,ISSUE0328,Assigned,2026-08-12,Waste Management Team,Issue assigned to the responsible municipal team
EVT01965,ISSUE0328,Inspection,2026-08-12,Waste Management Team,Municipal staff inspected the reported location
EVT01966,ISSUE0328,Work Started,2026-08-15,Waste Management Team,Repair/cleanup work started
EVT01967,ISSUE0328,Work Completed,2026-08-18,Waste Management Team,Repair/cleanup work completed
EVT01968,ISSUE0328,Issue Closed,2026-08-17,Waste Management Team,Issue marked as resolved
EVT01969,ISSUE0329,Complaint Received,2026-08-01,Electrical Maintenance Team,Issue reported by citizen
EVT01970,ISSUE0329,Assigned,2026-08-02,Electrical Maintenance Team,Issue assigned to the responsible municipal team
EVT01971,ISSUE0329,Inspection,2026-08-03,Electrical Maintenance Team,Municipal staff inspected the reported location
EVT01972,ISSUE0329,Work Started,2026-08-03,Electrical Maintenance Team,Repair/cleanup work started
EVT01973,ISSUE0329,Work Completed,2026-08-08,Electrical Maintenance Team,Repair/cleanup work completed
EVT01974,ISSUE0329,Issue Closed,2026-08-10,Electrical Maintenance Team,Issue marked as resolved
EVT01975,ISSUE0330,Complaint Received,2026-08-21,Electrical Maintenance Team,Issue reported by citizen
EVT01976,ISSUE0330,Assigned,2026-08-21,Electrical Maintenance Team,Issue assigned to the responsible municipal team
EVT01977,ISSUE0330,Inspection,2026-08-24,Electrical Maintenance Team,Municipal staff inspected the reported location
EVT01978,ISSUE0330,Work Started,2026-08-26,Electrical Maintenance Team,Repair/cleanup work started
EVT01979,ISSUE0330,Work Completed,2026-08-27,Electrical Maintenance Team,Repair/cleanup work completed
EVT01980,ISSUE0330,Issue Closed,2026-08-31,Electrical Maintenance Team,Issue marked as resolved
EVT01981,ISSUE0331,Complaint Received,2026-08-19,Waste Management Team,Issue reported by citizen
EVT01982,ISSUE0331,Assigned,2026-08-19,Waste Management Team,Issue assigned to the responsible municipal team
EVT01983,ISSUE0331,Inspection,2026-08-22,Waste Management Team,Municipal staff inspected the reported location
EVT01984,ISSUE0331,Work Started,2026-08-21,Waste Management Team,Repair/cleanup work started
EVT01985,ISSUE0331,Work Completed,2026-08-27,Waste Management Team,Repair/cleanup work completed
EVT01986,ISSUE0331,Issue Closed,2026-08-27,Waste Management Team,Issue marked as resolved
EVT01987,ISSUE0332,Complaint Received,2026-08-17,Road Maintenance Team,Issue reported by citizen
EVT01988,ISSUE0332,Assigned,2026-08-19,Road Maintenance Team,Issue assigned to the responsible municipal team
EVT01989,ISSUE0332,Inspection,2026-08-20,Road Maintenance Team,Municipal staff inspected the reported location
EVT01990,ISSUE0332,Work Started,2026-08-22,Road Maintenance Team,Repair/cleanup work started
EVT01991,ISSUE0332,Work Completed,2026-08-22,Road Maintenance Team,Repair/cleanup work completed
EVT01992,ISSUE0332,Issue Closed,2026-08-27,Road Maintenance Team,Issue marked as resolved
EVT01993,ISSUE0333,Complaint Received,2026-08-02,Road Maintenance Team,Issue reported by citizen
EVT01994,ISSUE0333,Assigned,2026-08-04,Road Maintenance Team,Issue assigned to the responsible municipal team
EVT01995,ISSUE0333,Inspection,2026-08-05,Road Maintenance Team,Municipal staff inspected the reported location
EVT01996,ISSUE0333,Work Started,2026-08-04,Road Maintenance Team,Repair/cleanup work started
EVT01997,ISSUE0333,Work Completed,2026-08-07,Road Maintenance Team,Repair/cleanup work completed
EVT01998,ISSUE0333,Issue Closed,2026-08-07,Road Maintenance Team,Issue marked as resolved
EVT01999,ISSUE0334,Complaint Received,2026-08-11,Electrical Maintenance Team,Issue reported by citizen
EVT02000,ISSUE0334,Assigned,2026-08-12,Electrical Maintenance Team,Issue assigned to the responsible municipal team
EVT02001,ISSUE0334,Inspection,2026-08-12,Electrical Maintenance Team,Municipal staff inspected the reported location
EVT02002,ISSUE0334,Work Started,2026-08-16,Electrical Maintenance Team,Repair/cleanup work started
EVT02003,ISSUE0334,Work Completed,2026-08-16,Electrical Maintenance Team,Repair/cleanup work completed
EVT02004,ISSUE0334,Issue Closed,2026-08-19,Electrical Maintenance Team,Issue marked as resolved
EVT02005,ISSUE0335,Complaint Received,2026-08-20,Waste Management Team,Issue reported by citizen
EVT02006,ISSUE0335,Assigned,2026-08-21,Waste Management Team,Issue assigned to the responsible municipal team
EVT02007,ISSUE0335,Inspection,2026-08-23,Waste Management Team,Municipal staff inspected the reported location
EVT02008,ISSUE0335,Work Started,2026-08-22,Waste Management Team,Repair/cleanup work started
EVT02009,ISSUE0335,Work Completed,2026-08-25,Waste Management Team,Repair/cleanup work completed
EVT02010,ISSUE0335,Issue Closed,2026-08-29,Waste Management Team,Issue marked as resolved
EVT02011,ISSUE0336,Complaint Received,2026-08-18,Road Maintenance Team,Issue reported by citizen
EVT02012,ISSUE0336,Assigned,2026-08-19,Road Maintenance Team,Issue assigned to the responsible municipal team
EVT02013,ISSUE0336,Inspection,2026-08-21,Road Maintenance Team,Municipal staff inspected the reported location
EVT02014,ISSUE0336,Work Started,2026-08-23,Road Maintenance Team,Repair/cleanup work started
EVT02015,ISSUE0336,Work Completed,2026-08-26,Road Maintenance Team,Repair/cleanup work completed
EVT02016,ISSUE0336,Issue Closed,2026-08-26,Road Maintenance Team,Issue marked as resolved
EVT02017,ISSUE0337,Complaint Received,2026-08-06,Electrical Maintenance Team,Issue reported by citizen
EVT02018,ISSUE0337,Assigned,2026-08-07,Electrical Maintenance Team,Issue assigned to the responsible municipal team
EVT02019,ISSUE0337,Inspection,2026-08-09,Electrical Maintenance Team,Municipal staff inspected the reported location
EVT02020,ISSUE0337,Work Started,2026-08-10,Electrical Maintenance Team,Repair/cleanup work started
EVT02021,ISSUE0337,Work Completed,2026-08-14,Electrical Maintenance Team,Repair/cleanup work completed
EVT02022,ISSUE0337,Issue Closed,2026-08-13,Electrical Maintenance Team,Issue marked as resolved
EVT02023,ISSUE0338,Complaint Received,2026-08-21,Waste Management Team,Issue reported by citizen
EVT02024,ISSUE0338,Assigned,2026-08-23,Waste Management Team,Issue assigned to the responsible municipal team
EVT02025,ISSUE0338,Inspection,2026-08-23,Waste Management Team,Municipal staff inspected the reported location
EVT02026,ISSUE0338,Work Started,2026-08-26,Waste Management Team,Repair/cleanup work started
EVT02027,ISSUE0338,Work Completed,2026-08-26,Waste Management Team,Repair/cleanup work completed
EVT02028,ISSUE0338,Issue Closed,2026-08-27,Waste Management Team,Issue marked as resolved
EVT02029,ISSUE0339,Complaint Received,2026-08-18,Electrical Maintenance Team,Issue reported by citizen
EVT02030,ISSUE0339,Assigned,2026-08-19,Electrical Maintenance Team,Issue assigned to the responsible municipal team
EVT02031,ISSUE0339,Inspection,2026-08-19,Electrical Maintenance Team,Municipal staff inspected the reported location
EVT02032,ISSUE0339,Work Started,2026-08-22,Electrical Maintenance Team,Repair/cleanup work started
EVT02033,ISSUE0339,Work Completed,2026-08-24,Electrical Maintenance Team,Repair/cleanup work completed
EVT02034,ISSUE0339,Issue Closed,2026-08-28,Electrical Maintenance Team,Issue marked as resolved
EVT02035,ISSUE0340,Complaint Received,2026-08-16,Road Maintenance Team,Issue reported by citizen
EVT02036,ISSUE0340,Assigned,2026-08-17,Road Maintenance Team,Issue assigned to the responsible municipal team
EVT02037,ISSUE0340,Inspection,2026-08-18,Road Maintenance Team,Municipal staff inspected the reported location
EVT02038,ISSUE0340,Work Started,2026-08-20,Road Maintenance Team,Repair/cleanup work started
EVT02039,ISSUE0340,Work Completed,2026-08-24,Road Maintenance Team,Repair/cleanup work completed
EVT02040,ISSUE0340,Issue Closed,2026-08-26,Road Maintenance Team,Issue marked as resolved
EVT02041,ISSUE0341,Complaint Received,2026-08-10,Electrical Maintenance Team,Issue reported by citizen
EVT02042,ISSUE0341,Assigned,2026-08-10,Electrical Maintenance Team,Issue assigned to the responsible municipal team
EVT02043,ISSUE0341,Inspection,2026-08-13,Electrical Maintenance Team,Municipal staff inspected the reported location
EVT02044,ISSUE0341,Work Started,2026-08-15,Electrical Maintenance Team,Repair/cleanup work started
EVT02045,ISSUE0341,Work Completed,2026-08-17,Electrical Maintenance Team,Repair/cleanup work completed
EVT02046,ISSUE0341,Issue Closed,2026-08-17,Electrical Maintenance Team,Issue marked as resolved
EVT02047,ISSUE0342,Complaint Received,2026-08-10,Road Maintenance Team,Issue reported by citizen
EVT02048,ISSUE0342,Assigned,2026-08-10,Road Maintenance Team,Issue assigned to the responsible municipal team
EVT02049,ISSUE0342,Inspection,2026-08-12,Road Maintenance Team,Municipal staff inspected the reported location
EVT02050,ISSUE0342,Work Started,2026-08-12,Road Maintenance Team,Repair/cleanup work started
EVT02051,ISSUE0342,Work Completed,2026-08-16,Road Maintenance Team,Repair/cleanup work completed
EVT02052,ISSUE0342,Issue Closed,2026-08-18,Road Maintenance Team,Issue marked as resolved
EVT02053,ISSUE0343,Complaint Received,2026-08-09,Waste Management Team,Issue reported by citizen
EVT02054,ISSUE0343,Assigned,2026-08-11,Waste Management Team,Issue assigned to the responsible municipal team
EVT02055,ISSUE0343,Inspection,2026-08-11,Waste Management Team,Municipal staff inspected the reported location
EVT02056,ISSUE0343,Work Started,2026-08-12,Waste Management Team,Repair/cleanup work started
EVT02057,ISSUE0343,Work Completed,2026-08-14,Waste Management Team,Repair/cleanup work completed
EVT02058,ISSUE0343,Issue Closed,2026-08-18,Waste Management Team,Issue marked as resolved
EVT02059,ISSUE0344,Complaint Received,2026-08-18,Electrical Maintenance Team,Issue reported by citizen
EVT02060,ISSUE0344,Assigned,2026-08-20,Electrical Maintenance Team,Issue assigned to the responsible municipal team
EVT02061,ISSUE0344,Inspection,2026-08-20,Electrical Maintenance Team,Municipal staff inspected the reported location
EVT02062,ISSUE0344,Work Started,2026-08-21,Electrical Maintenance Team,Repair/cleanup work started
EVT02063,ISSUE0344,Work Completed,2026-08-22,Electrical Maintenance Team,Repair/cleanup work completed
EVT02064,ISSUE0344,Issue Closed,2026-08-27,Electrical Maintenance Team,Issue marked as resolved
EVT02065,ISSUE0345,Complaint Received,2026-08-19,Waste Management Team,Issue reported by citizen
EVT02066,ISSUE0345,Assigned,2026-08-19,Waste Management Team,Issue assigned to the responsible municipal team
EVT02067,ISSUE0345,Inspection,2026-08-20,Waste Management Team,Municipal staff inspected the reported location
EVT02068,ISSUE0345,Work Started,2026-08-21,Waste Management Team,Repair/cleanup work started
EVT02069,ISSUE0345,Work Completed,2026-08-27,Waste Management Team,Repair/cleanup work completed
EVT02070,ISSUE0345,Issue Closed,2026-08-25,Waste Management Team,Issue marked as resolved
EVT02071,ISSUE0346,Complaint Received,2026-08-08,Waste Management Team,Issue reported by citizen
EVT02072,ISSUE0346,Assigned,2026-08-08,Waste Management Team,Issue assigned to the responsible municipal team
EVT02073,ISSUE0346,Inspection,2026-08-09,Waste Management Team,Municipal staff inspected the reported location
EVT02074,ISSUE0346,Work Started,2026-08-13,Waste Management Team,Repair/cleanup work started
EVT02075,ISSUE0346,Work Completed,2026-08-14,Waste Management Team,Repair/cleanup work completed
EVT02076,ISSUE0346,Issue Closed,2026-08-18,Waste Management Team,Issue marked as resolved
EVT02077,ISSUE0347,Complaint Received,2026-08-04,Electrical Maintenance Team,Issue reported by citizen
EVT02078,ISSUE0347,Assigned,2026-08-06,Electrical Maintenance Team,Issue assigned to the responsible municipal team
EVT02079,ISSUE0347,Inspection,2026-08-05,Electrical Maintenance Team,Municipal staff inspected the reported location
EVT02080,ISSUE0347,Work Started,2026-08-06,Electrical Maintenance Team,Repair/cleanup work started
EVT02081,ISSUE0347,Work Completed,2026-08-12,Electrical Maintenance Team,Repair/cleanup work completed
EVT02082,ISSUE0347,Issue Closed,2026-08-10,Electrical Maintenance Team,Issue marked as resolved
EVT02083,ISSUE0348,Complaint Received,2026-08-21,Electrical Maintenance Team,Issue reported by citizen
EVT02084,ISSUE0348,Assigned,2026-08-22,Electrical Maintenance Team,Issue assigned to the responsible municipal team
EVT02085,ISSUE0348,Inspection,2026-08-23,Electrical Maintenance Team,Municipal staff inspected the reported location
EVT02086,ISSUE0348,Work Started,2026-08-24,Electrical Maintenance Team,Repair/cleanup work started
EVT02087,ISSUE0348,Work Completed,2026-08-27,Electrical Maintenance Team,Repair/cleanup work completed
EVT02088,ISSUE0348,Issue Closed,2026-08-28,Electrical Maintenance Team,Issue marked as resolved
EVT02089,ISSUE0349,Complaint Received,2026-08-21,Electrical Maintenance Team,Issue reported by citizen
EVT02090,ISSUE0349,Assigned,2026-08-21,Electrical Maintenance Team,Issue assigned to the responsible municipal team
EVT02091,ISSUE0349,Inspection,2026-08-22,Electrical Maintenance Team,Municipal staff inspected the reported location
EVT02092,ISSUE0349,Work Started,2026-08-24,Electrical Maintenance Team,Repair/cleanup work started
EVT02093,ISSUE0349,Work Completed,2026-08-29,Electrical Maintenance Team,Repair/cleanup work completed
EVT02094,ISSUE0349,Issue Closed,2026-08-31,Electrical Maintenance Team,Issue marked as resolved
EVT02095,ISSUE0350,Complaint Received,2026-08-02,Waste Management Team,Issue reported by citizen
EVT02096,ISSUE0350,Assigned,2026-08-02,Waste Management Team,Issue assigned to the responsible municipal team
EVT02097,ISSUE0350,Inspection,2026-08-04,Waste Management Team,Municipal staff inspected the reported location
EVT02098,ISSUE0350,Work Started,2026-08-05,Waste Management Team,Repair/cleanup work started
EVT02099,ISSUE0350,Work Completed,2026-08-06,Waste Management Team,Repair/cleanup work completed
EVT02100,ISSUE0350,Issue Closed,2026-08-10,Waste Management Team,Issue marked as resolved
EVT02101,ISSUE0351,Complaint Received,2026-08-06,Electrical Maintenance Team,Issue reported by citizen
EVT02102,ISSUE0351,Assigned,2026-08-08,Electrical Maintenance Team,Issue assigned to the responsible municipal team
EVT02103,ISSUE0351,Inspection,2026-08-08,Electrical Maintenance Team,Municipal staff inspected the reported location
EVT02104,ISSUE0351,Work Started,2026-08-08,Electrical Maintenance Team,Repair/cleanup work started
EVT02105,ISSUE0351,Work Completed,2026-08-10,Electrical Maintenance Team,Repair/cleanup work completed
EVT02106,ISSUE0351,Issue Closed,2026-08-13,Electrical Maintenance Team,Issue marked as resolved
EVT02107,ISSUE0352,Complaint Received,2026-08-20,Waste Management Team,Issue reported by citizen
EVT02108,ISSUE0352,Assigned,2026-08-20,Waste Management Team,Issue assigned to the responsible municipal team
EVT02109,ISSUE0352,Inspection,2026-08-22,Waste Management Team,Municipal staff inspected the reported location
EVT02110,ISSUE0352,Work Started,2026-08-24,Waste Management Team,Repair/cleanup work started
EVT02111,ISSUE0352,Work Completed,2026-08-27,Waste Management Team,Repair/cleanup work completed
EVT02112,ISSUE0352,Issue Closed,2026-08-30,Waste Management Team,Issue marked as resolved
EVT02113,ISSUE0353,Complaint Received,2026-08-17,Waste Management Team,Issue reported by citizen
EVT02114,ISSUE0353,Assigned,2026-08-18,Waste Management Team,Issue assigned to the responsible municipal team
EVT02115,ISSUE0353,Inspection,2026-08-18,Waste Management Team,Municipal staff inspected the reported location
EVT02116,ISSUE0353,Work Started,2026-08-22,Waste Management Team,Repair/cleanup work started
EVT02117,ISSUE0353,Work Completed,2026-08-23,Waste Management Team,Repair/cleanup work completed
EVT02118,ISSUE0353,Issue Closed,2026-08-23,Waste Management Team,Issue marked as resolved
EVT02119,ISSUE0354,Complaint Received,2026-08-11,Road Maintenance Team,Issue reported by citizen
EVT02120,ISSUE0354,Assigned,2026-08-11,Road Maintenance Team,Issue assigned to the responsible municipal team
EVT02121,ISSUE0354,Inspection,2026-08-14,Road Maintenance Team,Municipal staff inspected the reported location
EVT02122,ISSUE0354,Work Started,2026-08-16,Road Maintenance Team,Repair/cleanup work started
EVT02123,ISSUE0354,Work Completed,2026-08-17,Road Maintenance Team,Repair/cleanup work completed
EVT02124,ISSUE0354,Issue Closed,2026-08-21,Road Maintenance Team,Issue marked as resolved
EVT02125,ISSUE0355,Complaint Received,2026-08-01,Road Maintenance Team,Issue reported by citizen
EVT02126,ISSUE0355,Assigned,2026-08-03,Road Maintenance Team,Issue assigned to the responsible municipal team
EVT02127,ISSUE0355,Inspection,2026-08-03,Road Maintenance Team,Municipal staff inspected the reported location
EVT02128,ISSUE0355,Work Started,2026-08-05,Road Maintenance Team,Repair/cleanup work started
EVT02129,ISSUE0355,Work Completed,2026-08-09,Road Maintenance Team,Repair/cleanup work completed
EVT02130,ISSUE0355,Issue Closed,2026-08-11,Road Maintenance Team,Issue marked as resolved
EVT02131,ISSUE0356,Complaint Received,2026-08-06,Road Maintenance Team,Issue reported by citizen
EVT02132,ISSUE0356,Assigned,2026-08-08,Road Maintenance Team,Issue assigned to the responsible municipal team
EVT02133,ISSUE0356,Inspection,2026-08-09,Road Maintenance Team,Municipal staff inspected the reported location
EVT02134,ISSUE0356,Work Started,2026-08-11,Road Maintenance Team,Repair/cleanup work started
EVT02135,ISSUE0356,Work Completed,2026-08-13,Road Maintenance Team,Repair/cleanup work completed
EVT02136,ISSUE0356,Issue Closed,2026-08-15,Road Maintenance Team,Issue marked as resolved
EVT02137,ISSUE0357,Complaint Received,2026-08-03,Electrical Maintenance Team,Issue reported by citizen
EVT02138,ISSUE0357,Assigned,2026-08-04,Electrical Maintenance Team,Issue assigned to the responsible municipal team
EVT02139,ISSUE0357,Inspection,2026-08-06,Electrical Maintenance Team,Municipal staff inspected the reported location
EVT02140,ISSUE0357,Work Started,2026-08-05,Electrical Maintenance Team,Repair/cleanup work started
EVT02141,ISSUE0357,Work Completed,2026-08-08,Electrical Maintenance Team,Repair/cleanup work completed
EVT02142,ISSUE0357,Issue Closed,2026-08-09,Electrical Maintenance Team,Issue marked as resolved
EVT02143,ISSUE0358,Complaint Received,2026-08-11,Electrical Maintenance Team,Issue reported by citizen
EVT02144,ISSUE0358,Assigned,2026-08-11,Electrical Maintenance Team,Issue assigned to the responsible municipal team
EVT02145,ISSUE0358,Inspection,2026-08-12,Electrical Maintenance Team,Municipal staff inspected the reported location
EVT02146,ISSUE0358,Work Started,2026-08-15,Electrical Maintenance Team,Repair/cleanup work started
EVT02147,ISSUE0358,Work Completed,2026-08-18,Electrical Maintenance Team,Repair/cleanup work completed
EVT02148,ISSUE0358,Issue Closed,2026-08-17,Electrical Maintenance Team,Issue marked as resolved
EVT02149,ISSUE0359,Complaint Received,2026-08-09,Electrical Maintenance Team,Issue reported by citizen
EVT02150,ISSUE0359,Assigned,2026-08-10,Electrical Maintenance Team,Issue assigned to the responsible municipal team
EVT02151,ISSUE0359,Inspection,2026-08-11,Electrical Maintenance Team,Municipal staff inspected the reported location
EVT02152,ISSUE0359,Work Started,2026-08-11,Electrical Maintenance Team,Repair/cleanup work started
EVT02153,ISSUE0359,Work Completed,2026-08-15,Electrical Maintenance Team,Repair/cleanup work completed
EVT02154,ISSUE0359,Issue Closed,2026-08-19,Electrical Maintenance Team,Issue marked as resolved
EVT02155,ISSUE0360,Complaint Received,2026-08-08,Electrical Maintenance Team,Issue reported by citizen
EVT02156,ISSUE0360,Assigned,2026-08-08,Electrical Maintenance Team,Issue assigned to the responsible municipal team
EVT02157,ISSUE0360,Inspection,2026-08-11,Electrical Maintenance Team,Municipal staff inspected the reported location
EVT02158,ISSUE0360,Work Started,2026-08-10,Electrical Maintenance Team,Repair/cleanup work started
EVT02159,ISSUE0360,Work Completed,2026-08-15,Electrical Maintenance Team,Repair/cleanup work completed
EVT02160,ISSUE0360,Issue Closed,2026-08-15,Electrical Maintenance Team,Issue marked as resolved
EVT02161,ISSUE0361,Complaint Received,2026-08-13,Road Maintenance Team,Issue reported by citizen
EVT02162,ISSUE0361,Assigned,2026-08-15,Road Maintenance Team,Issue assigned to the responsible municipal team
EVT02163,ISSUE0361,Inspection,2026-08-16,Road Maintenance Team,Municipal staff inspected the reported location
EVT02164,ISSUE0361,Work Started,2026-08-17,Road Maintenance Team,Repair/cleanup work started
EVT02165,ISSUE0361,Work Completed,2026-08-17,Road Maintenance Team,Repair/cleanup work completed
EVT02166,ISSUE0361,Issue Closed,2026-08-23,Road Maintenance Team,Issue marked as resolved
EVT02167,ISSUE0362,Complaint Received,2026-08-12,Electrical Maintenance Team,Issue reported by citizen
EVT02168,ISSUE0362,Assigned,2026-08-14,Electrical Maintenance Team,Issue assigned to the responsible municipal team
EVT02169,ISSUE0362,Inspection,2026-08-13,Electrical Maintenance Team,Municipal staff inspected the reported location
EVT02170,ISSUE0362,Work Started,2026-08-15,Electrical Maintenance Team,Repair/cleanup work started
EVT02171,ISSUE0362,Work Completed,2026-08-17,Electrical Maintenance Team,Repair/cleanup work completed
EVT02172,ISSUE0362,Issue Closed,2026-08-20,Electrical Maintenance Team,Issue marked as resolved
EVT02173,ISSUE0363,Complaint Received,2026-08-15,Road Maintenance Team,Issue reported by citizen
EVT02174,ISSUE0363,Assigned,2026-08-17,Road Maintenance Team,Issue assigned to the responsible municipal team
EVT02175,ISSUE0363,Inspection,2026-08-18,Road Maintenance Team,Municipal staff inspected the reported location
EVT02176,ISSUE0363,Work Started,2026-08-19,Road Maintenance Team,Repair/cleanup work started
EVT02177,ISSUE0363,Work Completed,2026-08-22,Road Maintenance Team,Repair/cleanup work completed
EVT02178,ISSUE0363,Issue Closed,2026-08-25,Road Maintenance Team,Issue marked as resolved
EVT02179,ISSUE0364,Complaint Received,2026-08-16,Waste Management Team,Issue reported by citizen
EVT02180,ISSUE0364,Assigned,2026-08-18,Waste Management Team,Issue assigned to the responsible municipal team
EVT02181,ISSUE0364,Inspection,2026-08-19,Waste Management Team,Municipal staff inspected the reported location
EVT02182,ISSUE0364,Work Started,2026-08-19,Waste Management Team,Repair/cleanup work started
EVT02183,ISSUE0364,Work Completed,2026-08-21,Waste Management Team,Repair/cleanup work completed
EVT02184,ISSUE0364,Issue Closed,2026-08-26,Waste Management Team,Issue marked as resolved
EVT02185,ISSUE0365,Complaint Received,2026-08-03,Waste Management Team,Issue reported by citizen
EVT02186,ISSUE0365,Assigned,2026-08-05,Waste Management Team,Issue assigned to the responsible municipal team
EVT02187,ISSUE0365,Inspection,2026-08-05,Waste Management Team,Municipal staff inspected the reported location
EVT02188,ISSUE0365,Work Started,2026-08-07,Waste Management Team,Repair/cleanup work started
EVT02189,ISSUE0365,Work Completed,2026-08-07,Waste Management Team,Repair/cleanup work completed
EVT02190,ISSUE0365,Issue Closed,2026-08-12,Waste Management Team,Issue marked as resolved
EVT02191,ISSUE0366,Complaint Received,2026-08-02,Road Maintenance Team,Issue reported by citizen
EVT02192,ISSUE0366,Assigned,2026-08-04,Road Maintenance Team,Issue assigned to the responsible municipal team
EVT02193,ISSUE0366,Inspection,2026-08-05,Road Maintenance Team,Municipal staff inspected the reported location
EVT02194,ISSUE0366,Work Started,2026-08-05,Road Maintenance Team,Repair/cleanup work started
EVT02195,ISSUE0366,Work Completed,2026-08-10,Road Maintenance Team,Repair/cleanup work completed
EVT02196,ISSUE0366,Issue Closed,2026-08-11,Road Maintenance Team,Issue marked as resolved
EVT02197,ISSUE0367,Complaint Received,2026-08-06,Road Maintenance Team,Issue reported by citizen
EVT02198,ISSUE0367,Assigned,2026-08-07,Road Maintenance Team,Issue assigned to the responsible municipal team
EVT02199,ISSUE0367,Inspection,2026-08-09,Road Maintenance Team,Municipal staff inspected the reported location
EVT02200,ISSUE0367,Work Started,2026-08-11,Road Maintenance Team,Repair/cleanup work started
EVT02201,ISSUE0367,Work Completed,2026-08-10,Road Maintenance Team,Repair/cleanup work completed
EVT02202,ISSUE0367,Issue Closed,2026-08-16,Road Maintenance Team,Issue marked as resolved
EVT02203,ISSUE0368,Complaint Received,2026-08-19,Road Maintenance Team,Issue reported by citizen
EVT02204,ISSUE0368,Assigned,2026-08-20,Road Maintenance Team,Issue assigned to the responsible municipal team
EVT02205,ISSUE0368,Inspection,2026-08-20,Road Maintenance Team,Municipal staff inspected the reported location
EVT02206,ISSUE0368,Work Started,2026-08-24,Road Maintenance Team,Repair/cleanup work started
EVT02207,ISSUE0368,Work Completed,2026-08-23,Road Maintenance Team,Repair/cleanup work completed
EVT02208,ISSUE0368,Issue Closed,2026-08-27,Road Maintenance Team,Issue marked as resolved
EVT02209,ISSUE0369,Complaint Received,2026-08-17,Road Maintenance Team,Issue reported by citizen
EVT02210,ISSUE0369,Assigned,2026-08-18,Road Maintenance Team,Issue assigned to the responsible municipal team
EVT02211,ISSUE0369,Inspection,2026-08-19,Road Maintenance Team,Municipal staff inspected the reported location
EVT02212,ISSUE0369,Work Started,2026-08-19,Road Maintenance Team,Repair/cleanup work started
EVT02213,ISSUE0369,Work Completed,2026-08-25,Road Maintenance Team,Repair/cleanup work completed
EVT02214,ISSUE0369,Issue Closed,2026-08-25,Road Maintenance Team,Issue marked as resolved
EVT02215,ISSUE0370,Complaint Received,2026-08-10,Waste Management Team,Issue reported by citizen
EVT02216,ISSUE0370,Assigned,2026-08-12,Waste Management Team,Issue assigned to the responsible municipal team
EVT02217,ISSUE0370,Inspection,2026-08-11,Waste Management Team,Municipal staff inspected the reported location
EVT02218,ISSUE0370,Work Started,2026-08-15,Waste Management Team,Repair/cleanup work started
EVT02219,ISSUE0370,Work Completed,2026-08-16,Waste Management Team,Repair/cleanup work completed
EVT02220,ISSUE0370,Issue Closed,2026-08-15,Waste Management Team,Issue marked as resolved
EVT02221,ISSUE0371,Complaint Received,2026-08-07,Waste Management Team,Issue reported by citizen
EVT02222,ISSUE0371,Assigned,2026-08-09,Waste Management Team,Issue assigned to the responsible municipal team
EVT02223,ISSUE0371,Inspection,2026-08-08,Waste Management Team,Municipal staff inspected the reported location
EVT02224,ISSUE0371,Work Started,2026-08-09,Waste Management Team,Repair/cleanup work started
EVT02225,ISSUE0371,Work Completed,2026-08-14,Waste Management Team,Repair/cleanup work completed
EVT02226,ISSUE0371,Issue Closed,2026-08-14,Waste Management Team,Issue marked as resolved
EVT02227,ISSUE0372,Complaint Received,2026-08-03,Waste Management Team,Issue reported by citizen
EVT02228,ISSUE0372,Assigned,2026-08-05,Waste Management Team,Issue assigned to the responsible municipal team
EVT02229,ISSUE0372,Inspection,2026-08-04,Waste Management Team,Municipal staff inspected the reported location
EVT02230,ISSUE0372,Work Started,2026-08-05,Waste Management Team,Repair/cleanup work started
EVT02231,ISSUE0372,Work Completed,2026-08-10,Waste Management Team,Repair/cleanup work completed
EVT02232,ISSUE0372,Issue Closed,2026-08-08,Waste Management Team,Issue marked as resolved
EVT02233,ISSUE0373,Complaint Received,2026-08-14,Electrical Maintenance Team,Issue reported by citizen
EVT02234,ISSUE0373,Assigned,2026-08-14,Electrical Maintenance Team,Issue assigned to the responsible municipal team
EVT02235,ISSUE0373,Inspection,2026-08-15,Electrical Maintenance Team,Municipal staff inspected the reported location
EVT02236,ISSUE0373,Work Started,2026-08-19,Electrical Maintenance Team,Repair/cleanup work started
EVT02237,ISSUE0373,Work Completed,2026-08-20,Electrical Maintenance Team,Repair/cleanup work completed
EVT02238,ISSUE0373,Issue Closed,2026-08-22,Electrical Maintenance Team,Issue marked as resolved
EVT02239,ISSUE0374,Complaint Received,2026-08-13,Electrical Maintenance Team,Issue reported by citizen
EVT02240,ISSUE0374,Assigned,2026-08-14,Electrical Maintenance Team,Issue assigned to the responsible municipal team
EVT02241,ISSUE0374,Inspection,2026-08-14,Electrical Maintenance Team,Municipal staff inspected the reported location
EVT02242,ISSUE0374,Work Started,2026-08-16,Electrical Maintenance Team,Repair/cleanup work started
EVT02243,ISSUE0374,Work Completed,2026-08-19,Electrical Maintenance Team,Repair/cleanup work completed
EVT02244,ISSUE0374,Issue Closed,2026-08-18,Electrical Maintenance Team,Issue marked as resolved
EVT02245,ISSUE0375,Complaint Received,2026-08-18,Road Maintenance Team,Issue reported by citizen
EVT02246,ISSUE0375,Assigned,2026-08-19,Road Maintenance Team,Issue assigned to the responsible municipal team
EVT02247,ISSUE0375,Inspection,2026-08-21,Road Maintenance Team,Municipal staff inspected the reported location
EVT02248,ISSUE0375,Work Started,2026-08-21,Road Maintenance Team,Repair/cleanup work started
EVT02249,ISSUE0375,Work Completed,2026-08-23,Road Maintenance Team,Repair/cleanup work completed
EVT02250,ISSUE0375,Issue Closed,2026-08-23,Road Maintenance Team,Issue marked as resolved
EVT02251,ISSUE0376,Complaint Received,2026-08-10,Road Maintenance Team,Issue reported by citizen
EVT02252,ISSUE0376,Assigned,2026-08-11,Road Maintenance Team,Issue assigned to the responsible municipal team
EVT02253,ISSUE0376,Inspection,2026-08-13,Road Maintenance Team,Municipal staff inspected the reported location
EVT02254,ISSUE0376,Work Started,2026-08-15,Road Maintenance Team,Repair/cleanup work started
EVT02255,ISSUE0376,Work Completed,2026-08-18,Road Maintenance Team,Repair/cleanup work completed
EVT02256,ISSUE0376,Issue Closed,2026-08-18,Road Maintenance Team,Issue marked as resolved
EVT02257,ISSUE0377,Complaint Received,2026-08-08,Road Maintenance Team,Issue reported by citizen
EVT02258,ISSUE0377,Assigned,2026-08-09,Road Maintenance Team,Issue assigned to the responsible municipal team
EVT02259,ISSUE0377,Inspection,2026-08-10,Road Maintenance Team,Municipal staff inspected the reported location
EVT02260,ISSUE0377,Work Started,2026-08-11,Road Maintenance Team,Repair/cleanup work started
EVT02261,ISSUE0377,Work Completed,2026-08-14,Road Maintenance Team,Repair/cleanup work completed
EVT02262,ISSUE0377,Issue Closed,2026-08-14,Road Maintenance Team,Issue marked as resolved
EVT02263,ISSUE0378,Complaint Received,2026-08-04,Waste Management Team,Issue reported by citizen
EVT02264,ISSUE0378,Assigned,2026-08-04,Waste Management Team,Issue assigned to the responsible municipal team
EVT02265,ISSUE0378,Inspection,2026-08-07,Waste Management Team,Municipal staff inspected the reported location
EVT02266,ISSUE0378,Work Started,2026-08-09,Waste Management Team,Repair/cleanup work started
EVT02267,ISSUE0378,Work Completed,2026-08-12,Waste Management Team,Repair/cleanup work completed
EVT02268,ISSUE0378,Issue Closed,2026-08-09,Waste Management Team,Issue marked as resolved
EVT02269,ISSUE0379,Complaint Received,2026-08-07,Road Maintenance Team,Issue reported by citizen
EVT02270,ISSUE0379,Assigned,2026-08-07,Road Maintenance Team,Issue assigned to the responsible municipal team
EVT02271,ISSUE0379,Inspection,2026-08-08,Road Maintenance Team,Municipal staff inspected the reported location
EVT02272,ISSUE0379,Work Started,2026-08-09,Road Maintenance Team,Repair/cleanup work started
EVT02273,ISSUE0379,Work Completed,2026-08-14,Road Maintenance Team,Repair/cleanup work completed
EVT02274,ISSUE0379,Issue Closed,2026-08-16,Road Maintenance Team,Issue marked as resolved
EVT02275,ISSUE0380,Complaint Received,2026-08-02,Waste Management Team,Issue reported by citizen
EVT02276,ISSUE0380,Assigned,2026-08-02,Waste Management Team,Issue assigned to the responsible municipal team
EVT02277,ISSUE0380,Inspection,2026-08-05,Waste Management Team,Municipal staff inspected the reported location
EVT02278,ISSUE0380,Work Started,2026-08-04,Waste Management Team,Repair/cleanup work started
EVT02279,ISSUE0380,Work Completed,2026-08-09,Waste Management Team,Repair/cleanup work completed
EVT02280,ISSUE0380,Issue Closed,2026-08-10,Waste Management Team,Issue marked as resolved
EVT02281,ISSUE0381,Complaint Received,2026-08-18,Road Maintenance Team,Issue reported by citizen
EVT02282,ISSUE0381,Assigned,2026-08-18,Road Maintenance Team,Issue assigned to the responsible municipal team
EVT02283,ISSUE0381,Inspection,2026-08-19,Road Maintenance Team,Municipal staff inspected the reported location
EVT02284,ISSUE0381,Work Started,2026-08-21,Road Maintenance Team,Repair/cleanup work started
EVT02285,ISSUE0381,Work Completed,2026-08-26,Road Maintenance Team,Repair/cleanup work completed
EVT02286,ISSUE0381,Issue Closed,2026-08-25,Road Maintenance Team,Issue marked as resolved
EVT02287,ISSUE0382,Complaint Received,2026-08-19,Road Maintenance Team,Issue reported by citizen
EVT02288,ISSUE0382,Assigned,2026-08-20,Road Maintenance Team,Issue assigned to the responsible municipal team
EVT02289,ISSUE0382,Inspection,2026-08-22,Road Maintenance Team,Municipal staff inspected the reported location
EVT02290,ISSUE0382,Work Started,2026-08-23,Road Maintenance Team,Repair/cleanup work started
EVT02291,ISSUE0382,Work Completed,2026-08-24,Road Maintenance Team,Repair/cleanup work completed
EVT02292,ISSUE0382,Issue Closed,2026-08-26,Road Maintenance Team,Issue marked as resolved
EVT02293,ISSUE0383,Complaint Received,2026-08-17,Road Maintenance Team,Issue reported by citizen
EVT02294,ISSUE0383,Assigned,2026-08-17,Road Maintenance Team,Issue assigned to the responsible municipal team
EVT02295,ISSUE0383,Inspection,2026-08-19,Road Maintenance Team,Municipal staff inspected the reported location
EVT02296,ISSUE0383,Work Started,2026-08-21,Road Maintenance Team,Repair/cleanup work started
EVT02297,ISSUE0383,Work Completed,2026-08-23,Road Maintenance Team,Repair/cleanup work completed
EVT02298,ISSUE0383,Issue Closed,2026-08-22,Road Maintenance Team,Issue marked as resolved
EVT02299,ISSUE0384,Complaint Received,2026-08-19,Waste Management Team,Issue reported by citizen
EVT02300,ISSUE0384,Assigned,2026-08-21,Waste Management Team,Issue assigned to the responsible municipal team
EVT02301,ISSUE0384,Inspection,2026-08-20,Waste Management Team,Municipal staff inspected the reported location
EVT02302,ISSUE0384,Work Started,2026-08-24,Waste Management Team,Repair/cleanup work started
EVT02303,ISSUE0384,Work Completed,2026-08-27,Waste Management Team,Repair/cleanup work completed
EVT02304,ISSUE0384,Issue Closed,2026-08-27,Waste Management Team,Issue marked as resolved
EVT02305,ISSUE0385,Complaint Received,2026-08-12,Road Maintenance Team,Issue reported by citizen
EVT02306,ISSUE0385,Assigned,2026-08-14,Road Maintenance Team,Issue assigned to the responsible municipal team
EVT02307,ISSUE0385,Inspection,2026-08-15,Road Maintenance Team,Municipal staff inspected the reported location
EVT02308,ISSUE0385,Work Started,2026-08-17,Road Maintenance Team,Repair/cleanup work started
EVT02309,ISSUE0385,Work Completed,2026-08-20,Road Maintenance Team,Repair/cleanup work completed
EVT02310,ISSUE0385,Issue Closed,2026-08-19,Road Maintenance Team,Issue marked as resolved
EVT02311,ISSUE0386,Complaint Received,2026-08-14,Waste Management Team,Issue reported by citizen
EVT02312,ISSUE0386,Assigned,2026-08-15,Waste Management Team,Issue assigned to the responsible municipal team
EVT02313,ISSUE0386,Inspection,2026-08-15,Waste Management Team,Municipal staff inspected the reported location
EVT02314,ISSUE0386,Work Started,2026-08-18,Waste Management Team,Repair/cleanup work started
EVT02315,ISSUE0386,Work Completed,2026-08-21,Waste Management Team,Repair/cleanup work completed
EVT02316,ISSUE0386,Issue Closed,2026-08-20,Waste Management Team,Issue marked as resolved
EVT02317,ISSUE0387,Complaint Received,2026-08-16,Waste Management Team,Issue reported by citizen
EVT02318,ISSUE0387,Assigned,2026-08-16,Waste Management Team,Issue assigned to the responsible municipal team
EVT02319,ISSUE0387,Inspection,2026-08-17,Waste Management Team,Municipal staff inspected the reported location
EVT02320,ISSUE0387,Work Started,2026-08-20,Waste Management Team,Repair/cleanup work started
EVT02321,ISSUE0387,Work Completed,2026-08-21,Waste Management Team,Repair/cleanup work completed
EVT02322,ISSUE0387,Issue Closed,2026-08-24,Waste Management Team,Issue marked as resolved
EVT02323,ISSUE0388,Complaint Received,2026-08-18,Road Maintenance Team,Issue reported by citizen
EVT02324,ISSUE0388,Assigned,2026-08-19,Road Maintenance Team,Issue assigned to the responsible municipal team
EVT02325,ISSUE0388,Inspection,2026-08-20,Road Maintenance Team,Municipal staff inspected the reported location
EVT02326,ISSUE0388,Work Started,2026-08-21,Road Maintenance Team,Repair/cleanup work started
EVT02327,ISSUE0388,Work Completed,2026-08-25,Road Maintenance Team,Repair/cleanup work completed
EVT02328,ISSUE0388,Issue Closed,2026-08-24,Road Maintenance Team,Issue marked as resolved
EVT02329,ISSUE0389,Complaint Received,2026-08-07,Electrical Maintenance Team,Issue reported by citizen
EVT02330,ISSUE0389,Assigned,2026-08-08,Electrical Maintenance Team,Issue assigned to the responsible municipal team
EVT02331,ISSUE0389,Inspection,2026-08-10,Electrical Maintenance Team,Municipal staff inspected the reported location
EVT02332,ISSUE0389,Work Started,2026-08-09,Electrical Maintenance Team,Repair/cleanup work started
EVT02333,ISSUE0389,Work Completed,2026-08-14,Electrical Maintenance Team,Repair/cleanup work completed
EVT02334,ISSUE0389,Issue Closed,2026-08-14,Electrical Maintenance Team,Issue marked as resolved
EVT02335,ISSUE0390,Complaint Received,2026-08-18,Road Maintenance Team,Issue reported by citizen
EVT02336,ISSUE0390,Assigned,2026-08-20,Road Maintenance Team,Issue assigned to the responsible municipal team
EVT02337,ISSUE0390,Inspection,2026-08-19,Road Maintenance Team,Municipal staff inspected the reported location
EVT02338,ISSUE0390,Work Started,2026-08-20,Road Maintenance Team,Repair/cleanup work started
EVT02339,ISSUE0390,Work Completed,2026-08-24,Road Maintenance Team,Repair/cleanup work completed
EVT02340,ISSUE0390,Issue Closed,2026-08-26,Road Maintenance Team,Issue marked as resolved
EVT02341,ISSUE0391,Complaint Received,2026-08-20,Waste Management Team,Issue reported by citizen
EVT02342,ISSUE0391,Assigned,2026-08-22,Waste Management Team,Issue assigned to the responsible municipal team
EVT02343,ISSUE0391,Inspection,2026-08-21,Waste Management Team,Municipal staff inspected the reported location
EVT02344,ISSUE0391,Work Started,2026-08-22,Waste Management Team,Repair/cleanup work started
EVT02345,ISSUE0391,Work Completed,2026-08-25,Waste Management Team,Repair/cleanup work completed
EVT02346,ISSUE0391,Issue Closed,2026-08-29,Waste Management Team,Issue marked as resolved
EVT02347,ISSUE0392,Complaint Received,2026-08-18,Waste Management Team,Issue reported by citizen
EVT02348,ISSUE0392,Assigned,2026-08-18,Waste Management Team,Issue assigned to the responsible municipal team
EVT02349,ISSUE0392,Inspection,2026-08-20,Waste Management Team,Municipal staff inspected the reported location
EVT02350,ISSUE0392,Work Started,2026-08-21,Waste Management Team,Repair/cleanup work started
EVT02351,ISSUE0392,Work Completed,2026-08-24,Waste Management Team,Repair/cleanup work completed
EVT02352,ISSUE0392,Issue Closed,2026-08-25,Waste Management Team,Issue marked as resolved
EVT02353,ISSUE0393,Complaint Received,2026-08-07,Road Maintenance Team,Issue reported by citizen
EVT02354,ISSUE0393,Assigned,2026-08-07,Road Maintenance Team,Issue assigned to the responsible municipal team
EVT02355,ISSUE0393,Inspection,2026-08-10,Road Maintenance Team,Municipal staff inspected the reported location
EVT02356,ISSUE0393,Work Started,2026-08-09,Road Maintenance Team,Repair/cleanup work started
EVT02357,ISSUE0393,Work Completed,2026-08-14,Road Maintenance Team,Repair/cleanup work completed
EVT02358,ISSUE0393,Issue Closed,2026-08-13,Road Maintenance Team,Issue marked as resolved
EVT02359,ISSUE0394,Complaint Received,2026-08-20,Waste Management Team,Issue reported by citizen
EVT02360,ISSUE0394,Assigned,2026-08-22,Waste Management Team,Issue assigned to the responsible municipal team
EVT02361,ISSUE0394,Inspection,2026-08-21,Waste Management Team,Municipal staff inspected the reported location
EVT02362,ISSUE0394,Work Started,2026-08-25,Waste Management Team,Repair/cleanup work started
EVT02363,ISSUE0394,Work Completed,2026-08-25,Waste Management Team,Repair/cleanup work completed
EVT02364,ISSUE0394,Issue Closed,2026-08-29,Waste Management Team,Issue marked as resolved
EVT02365,ISSUE0395,Complaint Received,2026-08-10,Electrical Maintenance Team,Issue reported by citizen
EVT02366,ISSUE0395,Assigned,2026-08-11,Electrical Maintenance Team,Issue assigned to the responsible municipal team
EVT02367,ISSUE0395,Inspection,2026-08-12,Electrical Maintenance Team,Municipal staff inspected the reported location
EVT02368,ISSUE0395,Work Started,2026-08-14,Electrical Maintenance Team,Repair/cleanup work started
EVT02369,ISSUE0395,Work Completed,2026-08-16,Electrical Maintenance Team,Repair/cleanup work completed
EVT02370,ISSUE0395,Issue Closed,2026-08-17,Electrical Maintenance Team,Issue marked as resolved
EVT02371,ISSUE0396,Complaint Received,2026-08-17,Electrical Maintenance Team,Issue reported by citizen
EVT02372,ISSUE0396,Assigned,2026-08-18,Electrical Maintenance Team,Issue assigned to the responsible municipal team
EVT02373,ISSUE0396,Inspection,2026-08-19,Electrical Maintenance Team,Municipal staff inspected the reported location
EVT02374,ISSUE0396,Work Started,2026-08-19,Electrical Maintenance Team,Repair/cleanup work started
EVT02375,ISSUE0396,Work Completed,2026-08-24,Electrical Maintenance Team,Repair/cleanup work completed
EVT02376,ISSUE0396,Issue Closed,2026-08-24,Electrical Maintenance Team,Issue marked as resolved
EVT02377,ISSUE0397,Complaint Received,2026-08-12,Road Maintenance Team,Issue reported by citizen
EVT02378,ISSUE0397,Assigned,2026-08-13,Road Maintenance Team,Issue assigned to the responsible municipal team
EVT02379,ISSUE0397,Inspection,2026-08-14,Road Maintenance Team,Municipal staff inspected the reported location
EVT02380,ISSUE0397,Work Started,2026-08-14,Road Maintenance Team,Repair/cleanup work started
EVT02381,ISSUE0397,Work Completed,2026-08-20,Road Maintenance Team,Repair/cleanup work completed
EVT02382,ISSUE0397,Issue Closed,2026-08-18,Road Maintenance Team,Issue marked as resolved
EVT02383,ISSUE0398,Complaint Received,2026-08-05,Waste Management Team,Issue reported by citizen
EVT02384,ISSUE0398,Assigned,2026-08-05,Waste Management Team,Issue assigned to the responsible municipal team
EVT02385,ISSUE0398,Inspection,2026-08-07,Waste Management Team,Municipal staff inspected the reported location
EVT02386,ISSUE0398,Work Started,2026-08-10,Waste Management Team,Repair/cleanup work started
EVT02387,ISSUE0398,Work Completed,2026-08-11,Waste Management Team,Repair/cleanup work completed
EVT02388,ISSUE0398,Issue Closed,2026-08-11,Waste Management Team,Issue marked as resolved
EVT02389,ISSUE0399,Complaint Received,2026-08-11,Road Maintenance Team,Issue reported by citizen
EVT02390,ISSUE0399,Assigned,2026-08-11,Road Maintenance Team,Issue assigned to the responsible municipal team
EVT02391,ISSUE0399,Inspection,2026-08-13,Road Maintenance Team,Municipal staff inspected the reported location
EVT02392,ISSUE0399,Work Started,2026-08-14,Road Maintenance Team,Repair/cleanup work started
EVT02393,ISSUE0399,Work Completed,2026-08-18,Road Maintenance Team,Repair/cleanup work completed
EVT02394,ISSUE0399,Issue Closed,2026-08-20,Road Maintenance Team,Issue marked as resolved
EVT02395,ISSUE0400,Complaint Received,2026-08-11,Waste Management Team,Issue reported by citizen
EVT02396,ISSUE0400,Assigned,2026-08-12,Waste Management Team,Issue assigned to the responsible municipal team
EVT02397,ISSUE0400,Inspection,2026-08-13,Waste Management Team,Municipal staff inspected the reported location
EVT02398,ISSUE0400,Work Started,2026-08-16,Waste Management Team,Repair/cleanup work started
EVT02399,ISSUE0400,Work Completed,2026-08-18,Waste Management Team,Repair/cleanup work completed
EVT02400,ISSUE0400,Issue Closed,2026-08-17,Waste Management Team,Issue marked as resolved
EVT02401,ISSUE0401,Complaint Received,2026-08-12,Waste Management Team,Issue reported by citizen
EVT02402,ISSUE0401,Assigned,2026-08-12,Waste Management Team,Issue assigned to the responsible municipal team
EVT02403,ISSUE0401,Inspection,2026-08-13,Waste Management Team,Municipal staff inspected the reported location
EVT02404,ISSUE0401,Work Started,2026-08-17,Waste Management Team,Repair/cleanup work started
EVT02405,ISSUE0401,Work Completed,2026-08-17,Waste Management Team,Repair/cleanup work completed
EVT02406,ISSUE0401,Issue Closed,2026-08-21,Waste Management Team,Issue marked as resolved
EVT02407,ISSUE0402,Complaint Received,2026-08-02,Waste Management Team,Issue reported by citizen
EVT02408,ISSUE0402,Assigned,2026-08-04,Waste Management Team,Issue assigned to the responsible municipal team
EVT02409,ISSUE0402,Inspection,2026-08-03,Waste Management Team,Municipal staff inspected the reported location
EVT02410,ISSUE0402,Work Started,2026-08-04,Waste Management Team,Repair/cleanup work started
EVT02411,ISSUE0402,Work Completed,2026-08-06,Waste Management Team,Repair/cleanup work completed
EVT02412,ISSUE0402,Issue Closed,2026-08-07,Waste Management Team,Issue marked as resolved
EVT02413,ISSUE0403,Complaint Received,2026-08-05,Electrical Maintenance Team,Issue reported by citizen
EVT02414,ISSUE0403,Assigned,2026-08-07,Electrical Maintenance Team,Issue assigned to the responsible municipal team
EVT02415,ISSUE0403,Inspection,2026-08-06,Electrical Maintenance Team,Municipal staff inspected the reported location
EVT02416,ISSUE0403,Work Started,2026-08-07,Electrical Maintenance Team,Repair/cleanup work started
EVT02417,ISSUE0403,Work Completed,2026-08-10,Electrical Maintenance Team,Repair/cleanup work completed
EVT02418,ISSUE0403,Issue Closed,2026-08-10,Electrical Maintenance Team,Issue marked as resolved
EVT02419,ISSUE0404,Complaint Received,2026-08-17,Road Maintenance Team,Issue reported by citizen
EVT02420,ISSUE0404,Assigned,2026-08-18,Road Maintenance Team,Issue assigned to the responsible municipal team
EVT02421,ISSUE0404,Inspection,2026-08-19,Road Maintenance Team,Municipal staff inspected the reported location
EVT02422,ISSUE0404,Work Started,2026-08-19,Road Maintenance Team,Repair/cleanup work started
EVT02423,ISSUE0404,Work Completed,2026-08-25,Road Maintenance Team,Repair/cleanup work completed
EVT02424,ISSUE0404,Issue Closed,2026-08-27,Road Maintenance Team,Issue marked as resolved
EVT02425,ISSUE0405,Complaint Received,2026-08-20,Waste Management Team,Issue reported by citizen
EVT02426,ISSUE0405,Assigned,2026-08-21,Waste Management Team,Issue assigned to the responsible municipal team
EVT02427,ISSUE0405,Inspection,2026-08-23,Waste Management Team,Municipal staff inspected the reported location
EVT02428,ISSUE0405,Work Started,2026-08-25,Waste Management Team,Repair/cleanup work started
EVT02429,ISSUE0405,Work Completed,2026-08-24,Waste Management Team,Repair/cleanup work completed
EVT02430,ISSUE0405,Issue Closed,2026-08-25,Waste Management Team,Issue marked as resolved
EVT02431,ISSUE0406,Complaint Received,2026-08-18,Waste Management Team,Issue reported by citizen
EVT02432,ISSUE0406,Assigned,2026-08-19,Waste Management Team,Issue assigned to the responsible municipal team
EVT02433,ISSUE0406,Inspection,2026-08-19,Waste Management Team,Municipal staff inspected the reported location
EVT02434,ISSUE0406,Work Started,2026-08-20,Waste Management Team,Repair/cleanup work started
EVT02435,ISSUE0406,Work Completed,2026-08-26,Waste Management Team,Repair/cleanup work completed
EVT02436,ISSUE0406,Issue Closed,2026-08-28,Waste Management Team,Issue marked as resolved
EVT02437,ISSUE0407,Complaint Received,2026-08-18,Electrical Maintenance Team,Issue reported by citizen
EVT02438,ISSUE0407,Assigned,2026-08-19,Electrical Maintenance Team,Issue assigned to the responsible municipal team
EVT02439,ISSUE0407,Inspection,2026-08-19,Electrical Maintenance Team,Municipal staff inspected the reported location
EVT02440,ISSUE0407,Work Started,2026-08-23,Electrical Maintenance Team,Repair/cleanup work started
EVT02441,ISSUE0407,Work Completed,2026-08-23,Electrical Maintenance Team,Repair/cleanup work completed
EVT02442,ISSUE0407,Issue Closed,2026-08-23,Electrical Maintenance Team,Issue marked as resolved
EVT02443,ISSUE0408,Complaint Received,2026-08-17,Road Maintenance Team,Issue reported by citizen
EVT02444,ISSUE0408,Assigned,2026-08-17,Road Maintenance Team,Issue assigned to the responsible municipal team
EVT02445,ISSUE0408,Inspection,2026-08-18,Road Maintenance Team,Municipal staff inspected the reported location
EVT02446,ISSUE0408,Work Started,2026-08-20,Road Maintenance Team,Repair/cleanup work started
EVT02447,ISSUE0408,Work Completed,2026-08-25,Road Maintenance Team,Repair/cleanup work completed
EVT02448,ISSUE0408,Issue Closed,2026-08-26,Road Maintenance Team,Issue marked as resolved
EVT02449,ISSUE0409,Complaint Received,2026-08-12,Electrical Maintenance Team,Issue reported by citizen
EVT02450,ISSUE0409,Assigned,2026-08-13,Electrical Maintenance Team,Issue assigned to the responsible municipal team
EVT02451,ISSUE0409,Inspection,2026-08-14,Electrical Maintenance Team,Municipal staff inspected the reported location
EVT02452,ISSUE0409,Work Started,2026-08-14,Electrical Maintenance Team,Repair/cleanup work started
EVT02453,ISSUE0409,Work Completed,2026-08-18,Electrical Maintenance Team,Repair/cleanup work completed
EVT02454,ISSUE0409,Issue Closed,2026-08-20,Electrical Maintenance Team,Issue marked as resolved
EVT02455,ISSUE0410,Complaint Received,2026-08-19,Electrical Maintenance Team,Issue reported by citizen
EVT02456,ISSUE0410,Assigned,2026-08-19,Electrical Maintenance Team,Issue assigned to the responsible municipal team
EVT02457,ISSUE0410,Inspection,2026-08-22,Electrical Maintenance Team,Municipal staff inspected the reported location
EVT02458,ISSUE0410,Work Started,2026-08-22,Electrical Maintenance Team,Repair/cleanup work started
EVT02459,ISSUE0410,Work Completed,2026-08-25,Electrical Maintenance Team,Repair/cleanup work completed
EVT02460,ISSUE0410,Issue Closed,2026-08-29,Electrical Maintenance Team,Issue marked as resolved
EVT02461,ISSUE0411,Complaint Received,2026-08-21,Road Maintenance Team,Issue reported by citizen
EVT02462,ISSUE0411,Assigned,2026-08-23,Road Maintenance Team,Issue assigned to the responsible municipal team
EVT02463,ISSUE0411,Inspection,2026-08-22,Road Maintenance Team,Municipal staff inspected the reported location
EVT02464,ISSUE0411,Work Started,2026-08-23,Road Maintenance Team,Repair/cleanup work started
EVT02465,ISSUE0411,Work Completed,2026-08-28,Road Maintenance Team,Repair/cleanup work completed
EVT02466,ISSUE0411,Issue Closed,2026-08-29,Road Maintenance Team,Issue marked as resolved
EVT02467,ISSUE0412,Complaint Received,2026-08-18,Electrical Maintenance Team,Issue reported by citizen
EVT02468,ISSUE0412,Assigned,2026-08-19,Electrical Maintenance Team,Issue assigned to the responsible municipal team
EVT02469,ISSUE0412,Inspection,2026-08-19,Electrical Maintenance Team,Municipal staff inspected the reported location
EVT02470,ISSUE0412,Work Started,2026-08-20,Electrical Maintenance Team,Repair/cleanup work started
EVT02471,ISSUE0412,Work Completed,2026-08-23,Electrical Maintenance Team,Repair/cleanup work completed
EVT02472,ISSUE0412,Issue Closed,2026-08-23,Electrical Maintenance Team,Issue marked as resolved
EVT02473,ISSUE0413,Complaint Received,2026-08-14,Electrical Maintenance Team,Issue reported by citizen
EVT02474,ISSUE0413,Assigned,2026-08-16,Electrical Maintenance Team,Issue assigned to the responsible municipal team
EVT02475,ISSUE0413,Inspection,2026-08-16,Electrical Maintenance Team,Municipal staff inspected the reported location
EVT02476,ISSUE0413,Work Started,2026-08-16,Electrical Maintenance Team,Repair/cleanup work started
EVT02477,ISSUE0413,Work Completed,2026-08-22,Electrical Maintenance Team,Repair/cleanup work completed
EVT02478,ISSUE0413,Issue Closed,2026-08-19,Electrical Maintenance Team,Issue marked as resolved
EVT02479,ISSUE0414,Complaint Received,2026-08-07,Road Maintenance Team,Issue reported by citizen
EVT02480,ISSUE0414,Assigned,2026-08-09,Road Maintenance Team,Issue assigned to the responsible municipal team
EVT02481,ISSUE0414,Inspection,2026-08-10,Road Maintenance Team,Municipal staff inspected the reported location
EVT02482,ISSUE0414,Work Started,2026-08-12,Road Maintenance Team,Repair/cleanup work started
EVT02483,ISSUE0414,Work Completed,2026-08-13,Road Maintenance Team,Repair/cleanup work completed
EVT02484,ISSUE0414,Issue Closed,2026-08-12,Road Maintenance Team,Issue marked as resolved
EVT02485,ISSUE0415,Complaint Received,2026-08-09,Road Maintenance Team,Issue reported by citizen
EVT02486,ISSUE0415,Assigned,2026-08-11,Road Maintenance Team,Issue assigned to the responsible municipal team
EVT02487,ISSUE0415,Inspection,2026-08-12,Road Maintenance Team,Municipal staff inspected the reported location
EVT02488,ISSUE0415,Work Started,2026-08-11,Road Maintenance Team,Repair/cleanup work started
EVT02489,ISSUE0415,Work Completed,2026-08-14,Road Maintenance Team,Repair/cleanup work completed
EVT02490,ISSUE0415,Issue Closed,2026-08-16,Road Maintenance Team,Issue marked as resolved
EVT02491,ISSUE0416,Complaint Received,2026-08-07,Road Maintenance Team,Issue reported by citizen
EVT02492,ISSUE0416,Assigned,2026-08-09,Road Maintenance Team,Issue assigned to the responsible municipal team
EVT02493,ISSUE0416,Inspection,2026-08-08,Road Maintenance Team,Municipal staff inspected the reported location
EVT02494,ISSUE0416,Work Started,2026-08-12,Road Maintenance Team,Repair/cleanup work started
EVT02495,ISSUE0416,Work Completed,2026-08-11,Road Maintenance Team,Repair/cleanup work completed
EVT02496,ISSUE0416,Issue Closed,2026-08-14,Road Maintenance Team,Issue marked as resolved
EVT02497,ISSUE0417,Complaint Received,2026-08-19,Road Maintenance Team,Issue reported by citizen
EVT02498,ISSUE0417,Assigned,2026-08-19,Road Maintenance Team,Issue assigned to the responsible municipal team
EVT02499,ISSUE0417,Inspection,2026-08-22,Road Maintenance Team,Municipal staff inspected the reported location
EVT02500,ISSUE0417,Work Started,2026-08-24,Road Maintenance Team,Repair/cleanup work started
EVT02501,ISSUE0417,Work Completed,2026-08-27,Road Maintenance Team,Repair/cleanup work completed
EVT02502,ISSUE0417,Issue Closed,2026-08-26,Road Maintenance Team,Issue marked as resolved
EVT02503,ISSUE0418,Complaint Received,2026-08-05,Electrical Maintenance Team,Issue reported by citizen
EVT02504,ISSUE0418,Assigned,2026-08-07,Electrical Maintenance Team,Issue assigned to the responsible municipal team
EVT02505,ISSUE0418,Inspection,2026-08-08,Electrical Maintenance Team,Municipal staff inspected the reported location
EVT02506,ISSUE0418,Work Started,2026-08-07,Electrical Maintenance Team,Repair/cleanup work started
EVT02507,ISSUE0418,Work Completed,2026-08-13,Electrical Maintenance Team,Repair/cleanup work completed
EVT02508,ISSUE0418,Issue Closed,2026-08-15,Electrical Maintenance Team,Issue marked as resolved
EVT02509,ISSUE0419,Complaint Received,2026-08-02,Electrical Maintenance Team,Issue reported by citizen
EVT02510,ISSUE0419,Assigned,2026-08-02,Electrical Maintenance Team,Issue assigned to the responsible municipal team
EVT02511,ISSUE0419,Inspection,2026-08-04,Electrical Maintenance Team,Municipal staff inspected the reported location
EVT02512,ISSUE0419,Work Started,2026-08-05,Electrical Maintenance Team,Repair/cleanup work started
EVT02513,ISSUE0419,Work Completed,2026-08-06,Electrical Maintenance Team,Repair/cleanup work completed
EVT02514,ISSUE0419,Issue Closed,2026-08-09,Electrical Maintenance Team,Issue marked as resolved
EVT02515,ISSUE0420,Complaint Received,2026-08-20,Waste Management Team,Issue reported by citizen
EVT02516,ISSUE0420,Assigned,2026-08-22,Waste Management Team,Issue assigned to the responsible municipal team
EVT02517,ISSUE0420,Inspection,2026-08-22,Waste Management Team,Municipal staff inspected the reported location
EVT02518,ISSUE0420,Work Started,2026-08-24,Waste Management Team,Repair/cleanup work started
EVT02519,ISSUE0420,Work Completed,2026-08-24,Waste Management Team,Repair/cleanup work completed
EVT02520,ISSUE0420,Issue Closed,2026-08-30,Waste Management Team,Issue marked as resolved
EVT02521,ISSUE0421,Complaint Received,2026-08-15,Electrical Maintenance Team,Issue reported by citizen
EVT02522,ISSUE0421,Assigned,2026-08-16,Electrical Maintenance Team,Issue assigned to the responsible municipal team
EVT02523,ISSUE0421,Inspection,2026-08-16,Electrical Maintenance Team,Municipal staff inspected the reported location
EVT02524,ISSUE0421,Work Started,2026-08-19,Electrical Maintenance Team,Repair/cleanup work started
EVT02525,ISSUE0421,Work Completed,2026-08-23,Electrical Maintenance Team,Repair/cleanup work completed
EVT02526,ISSUE0421,Issue Closed,2026-08-23,Electrical Maintenance Team,Issue marked as resolved
EVT02527,ISSUE0422,Complaint Received,2026-08-06,Electrical Maintenance Team,Issue reported by citizen
EVT02528,ISSUE0422,Assigned,2026-08-08,Electrical Maintenance Team,Issue assigned to the responsible municipal team
EVT02529,ISSUE0422,Inspection,2026-08-09,Electrical Maintenance Team,Municipal staff inspected the reported location
EVT02530,ISSUE0422,Work Started,2026-08-11,Electrical Maintenance Team,Repair/cleanup work started
EVT02531,ISSUE0422,Work Completed,2026-08-10,Electrical Maintenance Team,Repair/cleanup work completed
EVT02532,ISSUE0422,Issue Closed,2026-08-15,Electrical Maintenance Team,Issue marked as resolved
EVT02533,ISSUE0423,Complaint Received,2026-08-08,Electrical Maintenance Team,Issue reported by citizen
EVT02534,ISSUE0423,Assigned,2026-08-10,Electrical Maintenance Team,Issue assigned to the responsible municipal team
EVT02535,ISSUE0423,Inspection,2026-08-09,Electrical Maintenance Team,Municipal staff inspected the reported location
EVT02536,ISSUE0423,Work Started,2026-08-10,Electrical Maintenance Team,Repair/cleanup work started
EVT02537,ISSUE0423,Work Completed,2026-08-14,Electrical Maintenance Team,Repair/cleanup work completed
EVT02538,ISSUE0423,Issue Closed,2026-08-14,Electrical Maintenance Team,Issue marked as resolved
EVT02539,ISSUE0424,Complaint Received,2026-08-21,Electrical Maintenance Team,Issue reported by citizen
EVT02540,ISSUE0424,Assigned,2026-08-21,Electrical Maintenance Team,Issue assigned to the responsible municipal team
EVT02541,ISSUE0424,Inspection,2026-08-24,Electrical Maintenance Team,Municipal staff inspected the reported location
EVT02542,ISSUE0424,Work Started,2026-08-26,Electrical Maintenance Team,Repair/cleanup work started
EVT02543,ISSUE0424,Work Completed,2026-08-27,Electrical Maintenance Team,Repair/cleanup work completed
EVT02544,ISSUE0424,Issue Closed,2026-08-28,Electrical Maintenance Team,Issue marked as resolved
EVT02545,ISSUE0425,Complaint Received,2026-08-03,Road Maintenance Team,Issue reported by citizen
EVT02546,ISSUE0425,Assigned,2026-08-03,Road Maintenance Team,Issue assigned to the responsible municipal team
EVT02547,ISSUE0425,Inspection,2026-08-05,Road Maintenance Team,Municipal staff inspected the reported location
EVT02548,ISSUE0425,Work Started,2026-08-08,Road Maintenance Team,Repair/cleanup work started
EVT02549,ISSUE0425,Work Completed,2026-08-09,Road Maintenance Team,Repair/cleanup work completed
EVT02550,ISSUE0425,Issue Closed,2026-08-10,Road Maintenance Team,Issue marked as resolved
EVT02551,ISSUE0426,Complaint Received,2026-08-05,Road Maintenance Team,Issue reported by citizen
EVT02552,ISSUE0426,Assigned,2026-08-05,Road Maintenance Team,Issue assigned to the responsible municipal team
EVT02553,ISSUE0426,Inspection,2026-08-06,Road Maintenance Team,Municipal staff inspected the reported location
EVT02554,ISSUE0426,Work Started,2026-08-10,Road Maintenance Team,Repair/cleanup work started
EVT02555,ISSUE0426,Work Completed,2026-08-12,Road Maintenance Team,Repair/cleanup work completed
EVT02556,ISSUE0426,Issue Closed,2026-08-14,Road Maintenance Team,Issue marked as resolved
EVT02557,ISSUE0427,Complaint Received,2026-08-17,Waste Management Team,Issue reported by citizen
EVT02558,ISSUE0427,Assigned,2026-08-18,Waste Management Team,Issue assigned to the responsible municipal team
EVT02559,ISSUE0427,Inspection,2026-08-18,Waste Management Team,Municipal staff inspected the reported location
EVT02560,ISSUE0427,Work Started,2026-08-19,Waste Management Team,Repair/cleanup work started
EVT02561,ISSUE0427,Work Completed,2026-08-21,Waste Management Team,Repair/cleanup work completed
EVT02562,ISSUE0427,Issue Closed,2026-08-24,Waste Management Team,Issue marked as resolved
EVT02563,ISSUE0428,Complaint Received,2026-08-03,Waste Management Team,Issue reported by citizen
EVT02564,ISSUE0428,Assigned,2026-08-05,Waste Management Team,Issue assigned to the responsible municipal team
EVT02565,ISSUE0428,Inspection,2026-08-06,Waste Management Team,Municipal staff inspected the reported location
EVT02566,ISSUE0428,Work Started,2026-08-07,Waste Management Team,Repair/cleanup work started
EVT02567,ISSUE0428,Work Completed,2026-08-10,Waste Management Team,Repair/cleanup work completed
EVT02568,ISSUE0428,Issue Closed,2026-08-08,Waste Management Team,Issue marked as resolved
EVT02569,ISSUE0429,Complaint Received,2026-08-14,Electrical Maintenance Team,Issue reported by citizen
EVT02570,ISSUE0429,Assigned,2026-08-15,Electrical Maintenance Team,Issue assigned to the responsible municipal team
EVT02571,ISSUE0429,Inspection,2026-08-15,Electrical Maintenance Team,Municipal staff inspected the reported location
EVT02572,ISSUE0429,Work Started,2026-08-17,Electrical Maintenance Team,Repair/cleanup work started
EVT02573,ISSUE0429,Work Completed,2026-08-22,Electrical Maintenance Team,Repair/cleanup work completed
EVT02574,ISSUE0429,Issue Closed,2026-08-23,Electrical Maintenance Team,Issue marked as resolved
EVT02575,ISSUE0430,Complaint Received,2026-08-13,Road Maintenance Team,Issue reported by citizen
EVT02576,ISSUE0430,Assigned,2026-08-13,Road Maintenance Team,Issue assigned to the responsible municipal team
EVT02577,ISSUE0430,Inspection,2026-08-14,Road Maintenance Team,Municipal staff inspected the reported location
EVT02578,ISSUE0430,Work Started,2026-08-17,Road Maintenance Team,Repair/cleanup work started
EVT02579,ISSUE0430,Work Completed,2026-08-19,Road Maintenance Team,Repair/cleanup work completed
EVT02580,ISSUE0430,Issue Closed,2026-08-20,Road Maintenance Team,Issue marked as resolved
EVT02581,ISSUE0431,Complaint Received,2026-08-05,Electrical Maintenance Team,Issue reported by citizen
EVT02582,ISSUE0431,Assigned,2026-08-05,Electrical Maintenance Team,Issue assigned to the responsible municipal team
EVT02583,ISSUE0431,Inspection,2026-08-06,Electrical Maintenance Team,Municipal staff inspected the reported location
EVT02584,ISSUE0431,Work Started,2026-08-10,Electrical Maintenance Team,Repair/cleanup work started
EVT02585,ISSUE0431,Work Completed,2026-08-11,Electrical Maintenance Team,Repair/cleanup work completed
EVT02586,ISSUE0431,Issue Closed,2026-08-13,Electrical Maintenance Team,Issue marked as resolved
EVT02587,ISSUE0432,Complaint Received,2026-08-16,Electrical Maintenance Team,Issue reported by citizen
EVT02588,ISSUE0432,Assigned,2026-08-16,Electrical Maintenance Team,Issue assigned to the responsible municipal team
EVT02589,ISSUE0432,Inspection,2026-08-18,Electrical Maintenance Team,Municipal staff inspected the reported location
EVT02590,ISSUE0432,Work Started,2026-08-20,Electrical Maintenance Team,Repair/cleanup work started
EVT02591,ISSUE0432,Work Completed,2026-08-21,Electrical Maintenance Team,Repair/cleanup work completed
EVT02592,ISSUE0432,Issue Closed,2026-08-26,Electrical Maintenance Team,Issue marked as resolved
EVT02593,ISSUE0433,Complaint Received,2026-08-16,Waste Management Team,Issue reported by citizen
EVT02594,ISSUE0433,Assigned,2026-08-18,Waste Management Team,Issue assigned to the responsible municipal team
EVT02595,ISSUE0433,Inspection,2026-08-19,Waste Management Team,Municipal staff inspected the reported location
EVT02596,ISSUE0433,Work Started,2026-08-19,Waste Management Team,Repair/cleanup work started
EVT02597,ISSUE0433,Work Completed,2026-08-23,Waste Management Team,Repair/cleanup work completed
EVT02598,ISSUE0433,Issue Closed,2026-08-21,Waste Management Team,Issue marked as resolved
EVT02599,ISSUE0434,Complaint Received,2026-08-10,Road Maintenance Team,Issue reported by citizen
EVT02600,ISSUE0434,Assigned,2026-08-10,Road Maintenance Team,Issue assigned to the responsible municipal team
EVT02601,ISSUE0434,Inspection,2026-08-12,Road Maintenance Team,Municipal staff inspected the reported location
EVT02602,ISSUE0434,Work Started,2026-08-14,Road Maintenance Team,Repair/cleanup work started
EVT02603,ISSUE0434,Work Completed,2026-08-18,Road Maintenance Team,Repair/cleanup work completed
EVT02604,ISSUE0434,Issue Closed,2026-08-18,Road Maintenance Team,Issue marked as resolved
EVT02605,ISSUE0435,Complaint Received,2026-08-15,Electrical Maintenance Team,Issue reported by citizen
EVT02606,ISSUE0435,Assigned,2026-08-16,Electrical Maintenance Team,Issue assigned to the responsible municipal team
EVT02607,ISSUE0435,Inspection,2026-08-17,Electrical Maintenance Team,Municipal staff inspected the reported location
EVT02608,ISSUE0435,Work Started,2026-08-18,Electrical Maintenance Team,Repair/cleanup work started
EVT02609,ISSUE0435,Work Completed,2026-08-21,Electrical Maintenance Team,Repair/cleanup work completed
EVT02610,ISSUE0435,Issue Closed,2026-08-22,Electrical Maintenance Team,Issue marked as resolved
EVT02611,ISSUE0436,Complaint Received,2026-08-07,Waste Management Team,Issue reported by citizen
EVT02612,ISSUE0436,Assigned,2026-08-08,Waste Management Team,Issue assigned to the responsible municipal team
EVT02613,ISSUE0436,Inspection,2026-08-09,Waste Management Team,Municipal staff inspected the reported location
EVT02614,ISSUE0436,Work Started,2026-08-10,Waste Management Team,Repair/cleanup work started
EVT02615,ISSUE0436,Work Completed,2026-08-14,Waste Management Team,Repair/cleanup work completed
EVT02616,ISSUE0436,Issue Closed,2026-08-14,Waste Management Team,Issue marked as resolved
EVT02617,ISSUE0437,Complaint Received,2026-08-21,Electrical Maintenance Team,Issue reported by citizen
EVT02618,ISSUE0437,Assigned,2026-08-22,Electrical Maintenance Team,Issue assigned to the responsible municipal team
EVT02619,ISSUE0437,Inspection,2026-08-24,Electrical Maintenance Team,Municipal staff inspected the reported location
EVT02620,ISSUE0437,Work Started,2026-08-24,Electrical Maintenance Team,Repair/cleanup work started
EVT02621,ISSUE0437,Work Completed,2026-08-27,Electrical Maintenance Team,Repair/cleanup work completed
EVT02622,ISSUE0437,Issue Closed,2026-08-29,Electrical Maintenance Team,Issue marked as resolved
EVT02623,ISSUE0438,Complaint Received,2026-08-13,Electrical Maintenance Team,Issue reported by citizen
EVT02624,ISSUE0438,Assigned,2026-08-14,Electrical Maintenance Team,Issue assigned to the responsible municipal team
EVT02625,ISSUE0438,Inspection,2026-08-14,Electrical Maintenance Team,Municipal staff inspected the reported location
EVT02626,ISSUE0438,Work Started,2026-08-16,Electrical Maintenance Team,Repair/cleanup work started
EVT02627,ISSUE0438,Work Completed,2026-08-21,Electrical Maintenance Team,Repair/cleanup work completed
EVT02628,ISSUE0438,Issue Closed,2026-08-22,Electrical Maintenance Team,Issue marked as resolved
EVT02629,ISSUE0439,Complaint Received,2026-08-18,Road Maintenance Team,Issue reported by citizen
EVT02630,ISSUE0439,Assigned,2026-08-18,Road Maintenance Team,Issue assigned to the responsible municipal team
EVT02631,ISSUE0439,Inspection,2026-08-21,Road Maintenance Team,Municipal staff inspected the reported location
EVT02632,ISSUE0439,Work Started,2026-08-23,Road Maintenance Team,Repair/cleanup work started
EVT02633,ISSUE0439,Work Completed,2026-08-23,Road Maintenance Team,Repair/cleanup work completed
EVT02634,ISSUE0439,Issue Closed,2026-08-26,Road Maintenance Team,Issue marked as resolved
EVT02635,ISSUE0440,Complaint Received,2026-08-03,Electrical Maintenance Team,Issue reported by citizen
EVT02636,ISSUE0440,Assigned,2026-08-04,Electrical Maintenance Team,Issue assigned to the responsible municipal team
EVT02637,ISSUE0440,Inspection,2026-08-06,Electrical Maintenance Team,Municipal staff inspected the reported location
EVT02638,ISSUE0440,Work Started,2026-08-08,Electrical Maintenance Team,Repair/cleanup work started
EVT02639,ISSUE0440,Work Completed,2026-08-08,Electrical Maintenance Team,Repair/cleanup work completed
EVT02640,ISSUE0440,Issue Closed,2026-08-13,Electrical Maintenance Team,Issue marked as resolved
EVT02641,ISSUE0441,Complaint Received,2026-08-08,Electrical Maintenance Team,Issue reported by citizen
EVT02642,ISSUE0441,Assigned,2026-08-09,Electrical Maintenance Team,Issue assigned to the responsible municipal team
EVT02643,ISSUE0441,Inspection,2026-08-11,Electrical Maintenance Team,Municipal staff inspected the reported location
EVT02644,ISSUE0441,Work Started,2026-08-11,Electrical Maintenance Team,Repair/cleanup work started
EVT02645,ISSUE0441,Work Completed,2026-08-15,Electrical Maintenance Team,Repair/cleanup work completed
EVT02646,ISSUE0441,Issue Closed,2026-08-16,Electrical Maintenance Team,Issue marked as resolved
EVT02647,ISSUE0442,Complaint Received,2026-08-15,Road Maintenance Team,Issue reported by citizen
EVT02648,ISSUE0442,Assigned,2026-08-17,Road Maintenance Team,Issue assigned to the responsible municipal team
EVT02649,ISSUE0442,Inspection,2026-08-17,Road Maintenance Team,Municipal staff inspected the reported location
EVT02650,ISSUE0442,Work Started,2026-08-20,Road Maintenance Team,Repair/cleanup work started
EVT02651,ISSUE0442,Work Completed,2026-08-23,Road Maintenance Team,Repair/cleanup work completed
EVT02652,ISSUE0442,Issue Closed,2026-08-24,Road Maintenance Team,Issue marked as resolved
EVT02653,ISSUE0443,Complaint Received,2026-08-14,Waste Management Team,Issue reported by citizen
EVT02654,ISSUE0443,Assigned,2026-08-16,Waste Management Team,Issue assigned to the responsible municipal team
EVT02655,ISSUE0443,Inspection,2026-08-15,Waste Management Team,Municipal staff inspected the reported location
EVT02656,ISSUE0443,Work Started,2026-08-18,Waste Management Team,Repair/cleanup work started
EVT02657,ISSUE0443,Work Completed,2026-08-22,Waste Management Team,Repair/cleanup work completed
EVT02658,ISSUE0443,Issue Closed,2026-08-23,Waste Management Team,Issue marked as resolved
EVT02659,ISSUE0444,Complaint Received,2026-08-03,Waste Management Team,Issue reported by citizen
EVT02660,ISSUE0444,Assigned,2026-08-03,Waste Management Team,Issue assigned to the responsible municipal team
EVT02661,ISSUE0444,Inspection,2026-08-04,Waste Management Team,Municipal staff inspected the reported location
EVT02662,ISSUE0444,Work Started,2026-08-07,Waste Management Team,Repair/cleanup work started
EVT02663,ISSUE0444,Work Completed,2026-08-08,Waste Management Team,Repair/cleanup work completed
EVT02664,ISSUE0444,Issue Closed,2026-08-13,Waste Management Team,Issue marked as resolved
EVT02665,ISSUE0445,Complaint Received,2026-08-02,Waste Management Team,Issue reported by citizen
EVT02666,ISSUE0445,Assigned,2026-08-04,Waste Management Team,Issue assigned to the responsible municipal team
EVT02667,ISSUE0445,Inspection,2026-08-05,Waste Management Team,Municipal staff inspected the reported location
EVT02668,ISSUE0445,Work Started,2026-08-07,Waste Management Team,Repair/cleanup work started
EVT02669,ISSUE0445,Work Completed,2026-08-08,Waste Management Team,Repair/cleanup work completed
EVT02670,ISSUE0445,Issue Closed,2026-08-10,Waste Management Team,Issue marked as resolved
EVT02671,ISSUE0446,Complaint Received,2026-08-01,Road Maintenance Team,Issue reported by citizen
EVT02672,ISSUE0446,Assigned,2026-08-01,Road Maintenance Team,Issue assigned to the responsible municipal team
EVT02673,ISSUE0446,Inspection,2026-08-03,Road Maintenance Team,Municipal staff inspected the reported location
EVT02674,ISSUE0446,Work Started,2026-08-04,Road Maintenance Team,Repair/cleanup work started
EVT02675,ISSUE0446,Work Completed,2026-08-09,Road Maintenance Team,Repair/cleanup work completed
EVT02676,ISSUE0446,Issue Closed,2026-08-11,Road Maintenance Team,Issue marked as resolved
EVT02677,ISSUE0447,Complaint Received,2026-08-18,Waste Management Team,Issue reported by citizen
EVT02678,ISSUE0447,Assigned,2026-08-20,Waste Management Team,Issue assigned to the responsible municipal team
EVT02679,ISSUE0447,Inspection,2026-08-21,Waste Management Team,Municipal staff inspected the reported location
EVT02680,ISSUE0447,Work Started,2026-08-21,Waste Management Team,Repair/cleanup work started
EVT02681,ISSUE0447,Work Completed,2026-08-25,Waste Management Team,Repair/cleanup work completed
EVT02682,ISSUE0447,Issue Closed,2026-08-25,Waste Management Team,Issue marked as resolved
EVT02683,ISSUE0448,Complaint Received,2026-08-15,Electrical Maintenance Team,Issue reported by citizen
EVT02684,ISSUE0448,Assigned,2026-08-17,Electrical Maintenance Team,Issue assigned to the responsible municipal team
EVT02685,ISSUE0448,Inspection,2026-08-18,Electrical Maintenance Team,Municipal staff inspected the reported location
EVT02686,ISSUE0448,Work Started,2026-08-18,Electrical Maintenance Team,Repair/cleanup work started
EVT02687,ISSUE0448,Work Completed,2026-08-21,Electrical Maintenance Team,Repair/cleanup work completed
EVT02688,ISSUE0448,Issue Closed,2026-08-20,Electrical Maintenance Team,Issue marked as resolved
EVT02689,ISSUE0449,Complaint Received,2026-08-04,Electrical Maintenance Team,Issue reported by citizen
EVT02690,ISSUE0449,Assigned,2026-08-05,Electrical Maintenance Team,Issue assigned to the responsible municipal team
EVT02691,ISSUE0449,Inspection,2026-08-06,Electrical Maintenance Team,Municipal staff inspected the reported location
EVT02692,ISSUE0449,Work Started,2026-08-06,Electrical Maintenance Team,Repair/cleanup work started
EVT02693,ISSUE0449,Work Completed,2026-08-08,Electrical Maintenance Team,Repair/cleanup work completed
EVT02694,ISSUE0449,Issue Closed,2026-08-14,Electrical Maintenance Team,Issue marked as resolved
EVT02695,ISSUE0450,Complaint Received,2026-08-12,Road Maintenance Team,Issue reported by citizen
EVT02696,ISSUE0450,Assigned,2026-08-13,Road Maintenance Team,Issue assigned to the responsible municipal team
EVT02697,ISSUE0450,Inspection,2026-08-14,Road Maintenance Team,Municipal staff inspected the reported location
EVT02698,ISSUE0450,Work Started,2026-08-17,Road Maintenance Team,Repair/cleanup work started
EVT02699,ISSUE0450,Work Completed,2026-08-17,Road Maintenance Team,Repair/cleanup work completed
EVT02700,ISSUE0450,Issue Closed,2026-08-21,Road Maintenance Team,Issue marked as resolved
EVT02701,ISSUE0451,Complaint Received,2026-08-12,Electrical Maintenance Team,Issue reported by citizen
EVT02702,ISSUE0451,Assigned,2026-08-13,Electrical Maintenance Team,Issue assigned to the responsible municipal team
EVT02703,ISSUE0451,Inspection,2026-08-13,Electrical Maintenance Team,Municipal staff inspected the reported location
EVT02704,ISSUE0451,Work Started,2026-08-17,Electrical Maintenance Team,Repair/cleanup work started
EVT02705,ISSUE0451,Work Completed,2026-08-19,Electrical Maintenance Team,Repair/cleanup work completed
EVT02706,ISSUE0451,Issue Closed,2026-08-19,Electrical Maintenance Team,Issue marked as resolved
EVT02707,ISSUE0452,Complaint Received,2026-08-10,Road Maintenance Team,Issue reported by citizen
EVT02708,ISSUE0452,Assigned,2026-08-10,Road Maintenance Team,Issue assigned to the responsible municipal team
EVT02709,ISSUE0452,Inspection,2026-08-13,Road Maintenance Team,Municipal staff inspected the reported location
EVT02710,ISSUE0452,Work Started,2026-08-12,Road Maintenance Team,Repair/cleanup work started
EVT02711,ISSUE0452,Work Completed,2026-08-14,Road Maintenance Team,Repair/cleanup work completed
EVT02712,ISSUE0452,Issue Closed,2026-08-17,Road Maintenance Team,Issue marked as resolved
EVT02713,ISSUE0453,Complaint Received,2026-08-04,Waste Management Team,Issue reported by citizen
EVT02714,ISSUE0453,Assigned,2026-08-06,Waste Management Team,Issue assigned to the responsible municipal team
EVT02715,ISSUE0453,Inspection,2026-08-05,Waste Management Team,Municipal staff inspected the reported location
EVT02716,ISSUE0453,Work Started,2026-08-07,Waste Management Team,Repair/cleanup work started
EVT02717,ISSUE0453,Work Completed,2026-08-12,Waste Management Team,Repair/cleanup work completed
EVT02718,ISSUE0453,Issue Closed,2026-08-10,Waste Management Team,Issue marked as resolved
EVT02719,ISSUE0454,Complaint Received,2026-08-06,Waste Management Team,Issue reported by citizen
EVT02720,ISSUE0454,Assigned,2026-08-07,Waste Management Team,Issue assigned to the responsible municipal team
EVT02721,ISSUE0454,Inspection,2026-08-09,Waste Management Team,Municipal staff inspected the reported location
EVT02722,ISSUE0454,Work Started,2026-08-11,Waste Management Team,Repair/cleanup work started
EVT02723,ISSUE0454,Work Completed,2026-08-13,Waste Management Team,Repair/cleanup work completed
EVT02724,ISSUE0454,Issue Closed,2026-08-12,Waste Management Team,Issue marked as resolved
EVT02725,ISSUE0455,Complaint Received,2026-08-21,Electrical Maintenance Team,Issue reported by citizen
EVT02726,ISSUE0455,Assigned,2026-08-21,Electrical Maintenance Team,Issue assigned to the responsible municipal team
EVT02727,ISSUE0455,Inspection,2026-08-22,Electrical Maintenance Team,Municipal staff inspected the reported location
EVT02728,ISSUE0455,Work Started,2026-08-26,Electrical Maintenance Team,Repair/cleanup work started
EVT02729,ISSUE0455,Work Completed,2026-08-28,Electrical Maintenance Team,Repair/cleanup work completed
EVT02730,ISSUE0455,Issue Closed,2026-08-26,Electrical Maintenance Team,Issue marked as resolved
EVT02731,ISSUE0456,Complaint Received,2026-08-20,Waste Management Team,Issue reported by citizen
EVT02732,ISSUE0456,Assigned,2026-08-20,Waste Management Team,Issue assigned to the responsible municipal team
EVT02733,ISSUE0456,Inspection,2026-08-22,Waste Management Team,Municipal staff inspected the reported location
EVT02734,ISSUE0456,Work Started,2026-08-25,Waste Management Team,Repair/cleanup work started
EVT02735,ISSUE0456,Work Completed,2026-08-27,Waste Management Team,Repair/cleanup work completed
EVT02736,ISSUE0456,Issue Closed,2026-08-25,Waste Management Team,Issue marked as resolved
EVT02737,ISSUE0457,Complaint Received,2026-08-07,Waste Management Team,Issue reported by citizen
EVT02738,ISSUE0457,Assigned,2026-08-07,Waste Management Team,Issue assigned to the responsible municipal team
EVT02739,ISSUE0457,Inspection,2026-08-09,Waste Management Team,Municipal staff inspected the reported location
EVT02740,ISSUE0457,Work Started,2026-08-09,Waste Management Team,Repair/cleanup work started
EVT02741,ISSUE0457,Work Completed,2026-08-15,Waste Management Team,Repair/cleanup work completed
EVT02742,ISSUE0457,Issue Closed,2026-08-12,Waste Management Team,Issue marked as resolved
EVT02743,ISSUE0458,Complaint Received,2026-08-06,Waste Management Team,Issue reported by citizen
EVT02744,ISSUE0458,Assigned,2026-08-07,Waste Management Team,Issue assigned to the responsible municipal team
EVT02745,ISSUE0458,Inspection,2026-08-08,Waste Management Team,Municipal staff inspected the reported location
EVT02746,ISSUE0458,Work Started,2026-08-09,Waste Management Team,Repair/cleanup work started
EVT02747,ISSUE0458,Work Completed,2026-08-13,Waste Management Team,Repair/cleanup work completed
EVT02748,ISSUE0458,Issue Closed,2026-08-11,Waste Management Team,Issue marked as resolved
EVT02749,ISSUE0459,Complaint Received,2026-08-16,Electrical Maintenance Team,Issue reported by citizen
EVT02750,ISSUE0459,Assigned,2026-08-18,Electrical Maintenance Team,Issue assigned to the responsible municipal team
EVT02751,ISSUE0459,Inspection,2026-08-19,Electrical Maintenance Team,Municipal staff inspected the reported location
EVT02752,ISSUE0459,Work Started,2026-08-20,Electrical Maintenance Team,Repair/cleanup work started
EVT02753,ISSUE0459,Work Completed,2026-08-24,Electrical Maintenance Team,Repair/cleanup work completed
EVT02754,ISSUE0459,Issue Closed,2026-08-24,Electrical Maintenance Team,Issue marked as resolved
EVT02755,ISSUE0460,Complaint Received,2026-08-13,Waste Management Team,Issue reported by citizen
EVT02756,ISSUE0460,Assigned,2026-08-15,Waste Management Team,Issue assigned to the responsible municipal team
EVT02757,ISSUE0460,Inspection,2026-08-14,Waste Management Team,Municipal staff inspected the reported location
EVT02758,ISSUE0460,Work Started,2026-08-17,Waste Management Team,Repair/cleanup work started
EVT02759,ISSUE0460,Work Completed,2026-08-19,Waste Management Team,Repair/cleanup work completed
EVT02760,ISSUE0460,Issue Closed,2026-08-21,Waste Management Team,Issue marked as resolved
EVT02761,ISSUE0461,Complaint Received,2026-08-06,Waste Management Team,Issue reported by citizen
EVT02762,ISSUE0461,Assigned,2026-08-08,Waste Management Team,Issue assigned to the responsible municipal team
EVT02763,ISSUE0461,Inspection,2026-08-09,Waste Management Team,Municipal staff inspected the reported location
EVT02764,ISSUE0461,Work Started,2026-08-10,Waste Management Team,Repair/cleanup work started
EVT02765,ISSUE0461,Work Completed,2026-08-14,Waste Management Team,Repair/cleanup work completed
EVT02766,ISSUE0461,Issue Closed,2026-08-15,Waste Management Team,Issue marked as resolved
EVT02767,ISSUE0462,Complaint Received,2026-08-05,Road Maintenance Team,Issue reported by citizen
EVT02768,ISSUE0462,Assigned,2026-08-06,Road Maintenance Team,Issue assigned to the responsible municipal team
EVT02769,ISSUE0462,Inspection,2026-08-06,Road Maintenance Team,Municipal staff inspected the reported location
EVT02770,ISSUE0462,Work Started,2026-08-08,Road Maintenance Team,Repair/cleanup work started
EVT02771,ISSUE0462,Work Completed,2026-08-11,Road Maintenance Team,Repair/cleanup work completed
EVT02772,ISSUE0462,Issue Closed,2026-08-10,Road Maintenance Team,Issue marked as resolved
EVT02773,ISSUE0463,Complaint Received,2026-08-12,Road Maintenance Team,Issue reported by citizen
EVT02774,ISSUE0463,Assigned,2026-08-14,Road Maintenance Team,Issue assigned to the responsible municipal team
EVT02775,ISSUE0463,Inspection,2026-08-13,Road Maintenance Team,Municipal staff inspected the reported location
EVT02776,ISSUE0463,Work Started,2026-08-17,Road Maintenance Team,Repair/cleanup work started
EVT02777,ISSUE0463,Work Completed,2026-08-19,Road Maintenance Team,Repair/cleanup work completed
EVT02778,ISSUE0463,Issue Closed,2026-08-21,Road Maintenance Team,Issue marked as resolved
EVT02779,ISSUE0464,Complaint Received,2026-08-19,Road Maintenance Team,Issue reported by citizen
EVT02780,ISSUE0464,Assigned,2026-08-20,Road Maintenance Team,Issue assigned to the responsible municipal team
EVT02781,ISSUE0464,Inspection,2026-08-21,Road Maintenance Team,Municipal staff inspected the reported location
EVT02782,ISSUE0464,Work Started,2026-08-22,Road Maintenance Team,Repair/cleanup work started
EVT02783,ISSUE0464,Work Completed,2026-08-26,Road Maintenance Team,Repair/cleanup work completed
EVT02784,ISSUE0464,Issue Closed,2026-08-29,Road Maintenance Team,Issue marked as resolved
EVT02785,ISSUE0465,Complaint Received,2026-08-21,Waste Management Team,Issue reported by citizen
EVT02786,ISSUE0465,Assigned,2026-08-21,Waste Management Team,Issue assigned to the responsible municipal team
EVT02787,ISSUE0465,Inspection,2026-08-24,Waste Management Team,Municipal staff inspected the reported location
EVT02788,ISSUE0465,Work Started,2026-08-24,Waste Management Team,Repair/cleanup work started
EVT02789,ISSUE0465,Work Completed,2026-08-28,Waste Management Team,Repair/cleanup work completed
EVT02790,ISSUE0465,Issue Closed,2026-08-28,Waste Management Team,Issue marked as resolved
EVT02791,ISSUE0466,Complaint Received,2026-08-06,Road Maintenance Team,Issue reported by citizen
EVT02792,ISSUE0466,Assigned,2026-08-07,Road Maintenance Team,Issue assigned to the responsible municipal team
EVT02793,ISSUE0466,Inspection,2026-08-08,Road Maintenance Team,Municipal staff inspected the reported location
EVT02794,ISSUE0466,Work Started,2026-08-08,Road Maintenance Team,Repair/cleanup work started
EVT02795,ISSUE0466,Work Completed,2026-08-12,Road Maintenance Team,Repair/cleanup work completed
EVT02796,ISSUE0466,Issue Closed,2026-08-11,Road Maintenance Team,Issue marked as resolved
EVT02797,ISSUE0467,Complaint Received,2026-08-05,Electrical Maintenance Team,Issue reported by citizen
EVT02798,ISSUE0467,Assigned,2026-08-05,Electrical Maintenance Team,Issue assigned to the responsible municipal team
EVT02799,ISSUE0467,Inspection,2026-08-07,Electrical Maintenance Team,Municipal staff inspected the reported location
EVT02800,ISSUE0467,Work Started,2026-08-10,Electrical Maintenance Team,Repair/cleanup work started
EVT02801,ISSUE0467,Work Completed,2026-08-12,Electrical Maintenance Team,Repair/cleanup work completed
EVT02802,ISSUE0467,Issue Closed,2026-08-15,Electrical Maintenance Team,Issue marked as resolved
EVT02803,ISSUE0468,Complaint Received,2026-08-14,Electrical Maintenance Team,Issue reported by citizen
EVT02804,ISSUE0468,Assigned,2026-08-16,Electrical Maintenance Team,Issue assigned to the responsible municipal team
EVT02805,ISSUE0468,Inspection,2026-08-16,Electrical Maintenance Team,Municipal staff inspected the reported location
EVT02806,ISSUE0468,Work Started,2026-08-19,Electrical Maintenance Team,Repair/cleanup work started
EVT02807,ISSUE0468,Work Completed,2026-08-19,Electrical Maintenance Team,Repair/cleanup work completed
EVT02808,ISSUE0468,Issue Closed,2026-08-19,Electrical Maintenance Team,Issue marked as resolved
EVT02809,ISSUE0469,Complaint Received,2026-08-01,Waste Management Team,Issue reported by citizen
EVT02810,ISSUE0469,Assigned,2026-08-01,Waste Management Team,Issue assigned to the responsible municipal team
EVT02811,ISSUE0469,Inspection,2026-08-03,Waste Management Team,Municipal staff inspected the reported location
EVT02812,ISSUE0469,Work Started,2026-08-03,Waste Management Team,Repair/cleanup work started
EVT02813,ISSUE0469,Work Completed,2026-08-07,Waste Management Team,Repair/cleanup work completed
EVT02814,ISSUE0469,Issue Closed,2026-08-07,Waste Management Team,Issue marked as resolved
EVT02815,ISSUE0470,Complaint Received,2026-08-10,Waste Management Team,Issue reported by citizen
EVT02816,ISSUE0470,Assigned,2026-08-10,Waste Management Team,Issue assigned to the responsible municipal team
EVT02817,ISSUE0470,Inspection,2026-08-12,Waste Management Team,Municipal staff inspected the reported location
EVT02818,ISSUE0470,Work Started,2026-08-15,Waste Management Team,Repair/cleanup work started
EVT02819,ISSUE0470,Work Completed,2026-08-18,Waste Management Team,Repair/cleanup work completed
EVT02820,ISSUE0470,Issue Closed,2026-08-19,Waste Management Team,Issue marked as resolved
EVT02821,ISSUE0471,Complaint Received,2026-08-19,Road Maintenance Team,Issue reported by citizen
EVT02822,ISSUE0471,Assigned,2026-08-19,Road Maintenance Team,Issue assigned to the responsible municipal team
EVT02823,ISSUE0471,Inspection,2026-08-21,Road Maintenance Team,Municipal staff inspected the reported location
EVT02824,ISSUE0471,Work Started,2026-08-23,Road Maintenance Team,Repair/cleanup work started
EVT02825,ISSUE0471,Work Completed,2026-08-27,Road Maintenance Team,Repair/cleanup work completed
EVT02826,ISSUE0471,Issue Closed,2026-08-24,Road Maintenance Team,Issue marked as resolved
EVT02827,ISSUE0472,Complaint Received,2026-08-15,Waste Management Team,Issue reported by citizen
EVT02828,ISSUE0472,Assigned,2026-08-17,Waste Management Team,Issue assigned to the responsible municipal team
EVT02829,ISSUE0472,Inspection,2026-08-16,Waste Management Team,Municipal staff inspected the reported location
EVT02830,ISSUE0472,Work Started,2026-08-20,Waste Management Team,Repair/cleanup work started
EVT02831,ISSUE0472,Work Completed,2026-08-19,Waste Management Team,Repair/cleanup work completed
EVT02832,ISSUE0472,Issue Closed,2026-08-25,Waste Management Team,Issue marked as resolved
EVT02833,ISSUE0473,Complaint Received,2026-08-08,Waste Management Team,Issue reported by citizen
EVT02834,ISSUE0473,Assigned,2026-08-09,Waste Management Team,Issue assigned to the responsible municipal team
EVT02835,ISSUE0473,Inspection,2026-08-09,Waste Management Team,Municipal staff inspected the reported location
EVT02836,ISSUE0473,Work Started,2026-08-13,Waste Management Team,Repair/cleanup work started
EVT02837,ISSUE0473,Work Completed,2026-08-14,Waste Management Team,Repair/cleanup work completed
EVT02838,ISSUE0473,Issue Closed,2026-08-15,Waste Management Team,Issue marked as resolved
EVT02839,ISSUE0474,Complaint Received,2026-08-15,Road Maintenance Team,Issue reported by citizen
EVT02840,ISSUE0474,Assigned,2026-08-15,Road Maintenance Team,Issue assigned to the responsible municipal team
EVT02841,ISSUE0474,Inspection,2026-08-16,Road Maintenance Team,Municipal staff inspected the reported location
EVT02842,ISSUE0474,Work Started,2026-08-18,Road Maintenance Team,Repair/cleanup work started
EVT02843,ISSUE0474,Work Completed,2026-08-23,Road Maintenance Team,Repair/cleanup work completed
EVT02844,ISSUE0474,Issue Closed,2026-08-25,Road Maintenance Team,Issue marked as resolved
EVT02845,ISSUE0475,Complaint Received,2026-08-20,Electrical Maintenance Team,Issue reported by citizen
EVT02846,ISSUE0475,Assigned,2026-08-22,Electrical Maintenance Team,Issue assigned to the responsible municipal team
EVT02847,ISSUE0475,Inspection,2026-08-22,Electrical Maintenance Team,Municipal staff inspected the reported location
EVT02848,ISSUE0475,Work Started,2026-08-23,Electrical Maintenance Team,Repair/cleanup work started
EVT02849,ISSUE0475,Work Completed,2026-08-28,Electrical Maintenance Team,Repair/cleanup work completed
EVT02850,ISSUE0475,Issue Closed,2026-08-26,Electrical Maintenance Team,Issue marked as resolved
EVT02851,ISSUE0476,Complaint Received,2026-08-07,Road Maintenance Team,Issue reported by citizen
EVT02852,ISSUE0476,Assigned,2026-08-07,Road Maintenance Team,Issue assigned to the responsible municipal team
EVT02853,ISSUE0476,Inspection,2026-08-10,Road Maintenance Team,Municipal staff inspected the reported location
EVT02854,ISSUE0476,Work Started,2026-08-11,Road Maintenance Team,Repair/cleanup work started
EVT02855,ISSUE0476,Work Completed,2026-08-15,Road Maintenance Team,Repair/cleanup work completed
EVT02856,ISSUE0476,Issue Closed,2026-08-14,Road Maintenance Team,Issue marked as resolved
EVT02857,ISSUE0477,Complaint Received,2026-08-18,Waste Management Team,Issue reported by citizen
EVT02858,ISSUE0477,Assigned,2026-08-18,Waste Management Team,Issue assigned to the responsible municipal team
EVT02859,ISSUE0477,Inspection,2026-08-20,Waste Management Team,Municipal staff inspected the reported location
EVT02860,ISSUE0477,Work Started,2026-08-22,Waste Management Team,Repair/cleanup work started
EVT02861,ISSUE0477,Work Completed,2026-08-24,Waste Management Team,Repair/cleanup work completed
EVT02862,ISSUE0477,Issue Closed,2026-08-27,Waste Management Team,Issue marked as resolved
EVT02863,ISSUE0478,Complaint Received,2026-08-17,Electrical Maintenance Team,Issue reported by citizen
EVT02864,ISSUE0478,Assigned,2026-08-19,Electrical Maintenance Team,Issue assigned to the responsible municipal team
EVT02865,ISSUE0478,Inspection,2026-08-18,Electrical Maintenance Team,Municipal staff inspected the reported location
EVT02866,ISSUE0478,Work Started,2026-08-20,Electrical Maintenance Team,Repair/cleanup work started
EVT02867,ISSUE0478,Work Completed,2026-08-24,Electrical Maintenance Team,Repair/cleanup work completed
EVT02868,ISSUE0478,Issue Closed,2026-08-22,Electrical Maintenance Team,Issue marked as resolved
EVT02869,ISSUE0479,Complaint Received,2026-08-21,Electrical Maintenance Team,Issue reported by citizen
EVT02870,ISSUE0479,Assigned,2026-08-21,Electrical Maintenance Team,Issue assigned to the responsible municipal team
EVT02871,ISSUE0479,Inspection,2026-08-24,Electrical Maintenance Team,Municipal staff inspected the reported location
EVT02872,ISSUE0479,Work Started,2026-08-24,Electrical Maintenance Team,Repair/cleanup work started
EVT02873,ISSUE0479,Work Completed,2026-08-26,Electrical Maintenance Team,Repair/cleanup work completed
EVT02874,ISSUE0479,Issue Closed,2026-08-27,Electrical Maintenance Team,Issue marked as resolved
EVT02875,ISSUE0480,Complaint Received,2026-08-11,Waste Management Team,Issue reported by citizen
EVT02876,ISSUE0480,Assigned,2026-08-11,Waste Management Team,Issue assigned to the responsible municipal team
EVT02877,ISSUE0480,Inspection,2026-08-14,Waste Management Team,Municipal staff inspected the reported location
EVT02878,ISSUE0480,Work Started,2026-08-16,Waste Management Team,Repair/cleanup work started
EVT02879,ISSUE0480,Work Completed,2026-08-18,Waste Management Team,Repair/cleanup work completed
EVT02880,ISSUE0480,Issue Closed,2026-08-17,Waste Management Team,Issue marked as resolved
EVT02881,ISSUE0481,Complaint Received,2026-08-21,Waste Management Team,Issue reported by citizen
EVT02882,ISSUE0481,Assigned,2026-08-22,Waste Management Team,Issue assigned to the responsible municipal team
EVT02883,ISSUE0481,Inspection,2026-08-24,Waste Management Team,Municipal staff inspected the reported location
EVT02884,ISSUE0481,Work Started,2026-08-26,Waste Management Team,Repair/cleanup work started
EVT02885,ISSUE0481,Work Completed,2026-08-28,Waste Management Team,Repair/cleanup work completed
EVT02886,ISSUE0481,Issue Closed,2026-08-29,Waste Management Team,Issue marked as resolved
EVT02887,ISSUE0482,Complaint Received,2026-08-21,Road Maintenance Team,Issue reported by citizen
EVT02888,ISSUE0482,Assigned,2026-08-21,Road Maintenance Team,Issue assigned to the responsible municipal team
EVT02889,ISSUE0482,Inspection,2026-08-23,Road Maintenance Team,Municipal staff inspected the reported location
EVT02890,ISSUE0482,Work Started,2026-08-25,Road Maintenance Team,Repair/cleanup work started
EVT02891,ISSUE0482,Work Completed,2026-08-27,Road Maintenance Team,Repair/cleanup work completed
EVT02892,ISSUE0482,Issue Closed,2026-08-29,Road Maintenance Team,Issue marked as resolved
EVT02893,ISSUE0483,Complaint Received,2026-08-11,Electrical Maintenance Team,Issue reported by citizen
EVT02894,ISSUE0483,Assigned,2026-08-13,Electrical Maintenance Team,Issue assigned to the responsible municipal team
EVT02895,ISSUE0483,Inspection,2026-08-12,Electrical Maintenance Team,Municipal staff inspected the reported location
EVT02896,ISSUE0483,Work Started,2026-08-13,Electrical Maintenance Team,Repair/cleanup work started
EVT02897,ISSUE0483,Work Completed,2026-08-18,Electrical Maintenance Team,Repair/cleanup work completed
EVT02898,ISSUE0483,Issue Closed,2026-08-21,Electrical Maintenance Team,Issue marked as resolved
EVT02899,ISSUE0484,Complaint Received,2026-08-12,Waste Management Team,Issue reported by citizen
EVT02900,ISSUE0484,Assigned,2026-08-12,Waste Management Team,Issue assigned to the responsible municipal team
EVT02901,ISSUE0484,Inspection,2026-08-15,Waste Management Team,Municipal staff inspected the reported location
EVT02902,ISSUE0484,Work Started,2026-08-17,Waste Management Team,Repair/cleanup work started
EVT02903,ISSUE0484,Work Completed,2026-08-17,Waste Management Team,Repair/cleanup work completed
EVT02904,ISSUE0484,Issue Closed,2026-08-20,Waste Management Team,Issue marked as resolved
EVT02905,ISSUE0485,Complaint Received,2026-08-16,Road Maintenance Team,Issue reported by citizen
EVT02906,ISSUE0485,Assigned,2026-08-17,Road Maintenance Team,Issue assigned to the responsible municipal team
EVT02907,ISSUE0485,Inspection,2026-08-18,Road Maintenance Team,Municipal staff inspected the reported location
EVT02908,ISSUE0485,Work Started,2026-08-20,Road Maintenance Team,Repair/cleanup work started
EVT02909,ISSUE0485,Work Completed,2026-08-22,Road Maintenance Team,Repair/cleanup work completed
EVT02910,ISSUE0485,Issue Closed,2026-08-25,Road Maintenance Team,Issue marked as resolved
EVT02911,ISSUE0486,Complaint Received,2026-08-05,Waste Management Team,Issue reported by citizen
EVT02912,ISSUE0486,Assigned,2026-08-07,Waste Management Team,Issue assigned to the responsible municipal team
EVT02913,ISSUE0486,Inspection,2026-08-07,Waste Management Team,Municipal staff inspected the reported location
EVT02914,ISSUE0486,Work Started,2026-08-09,Waste Management Team,Repair/cleanup work started
EVT02915,ISSUE0486,Work Completed,2026-08-09,Waste Management Team,Repair/cleanup work completed
EVT02916,ISSUE0486,Issue Closed,2026-08-10,Waste Management Team,Issue marked as resolved
EVT02917,ISSUE0487,Complaint Received,2026-08-21,Road Maintenance Team,Issue reported by citizen
EVT02918,ISSUE0487,Assigned,2026-08-22,Road Maintenance Team,Issue assigned to the responsible municipal team
EVT02919,ISSUE0487,Inspection,2026-08-22,Road Maintenance Team,Municipal staff inspected the reported location
EVT02920,ISSUE0487,Work Started,2026-08-23,Road Maintenance Team,Repair/cleanup work started
EVT02921,ISSUE0487,Work Completed,2026-08-26,Road Maintenance Team,Repair/cleanup work completed
EVT02922,ISSUE0487,Issue Closed,2026-08-29,Road Maintenance Team,Issue marked as resolved
EVT02923,ISSUE0488,Complaint Received,2026-08-01,Electrical Maintenance Team,Issue reported by citizen
EVT02924,ISSUE0488,Assigned,2026-08-02,Electrical Maintenance Team,Issue assigned to the responsible municipal team
EVT02925,ISSUE0488,Inspection,2026-08-02,Electrical Maintenance Team,Municipal staff inspected the reported location
EVT02926,ISSUE0488,Work Started,2026-08-04,Electrical Maintenance Team,Repair/cleanup work started
EVT02927,ISSUE0488,Work Completed,2026-08-07,Electrical Maintenance Team,Repair/cleanup work completed
EVT02928,ISSUE0488,Issue Closed,2026-08-07,Electrical Maintenance Team,Issue marked as resolved
EVT02929,ISSUE0489,Complaint Received,2026-08-03,Electrical Maintenance Team,Issue reported by citizen
EVT02930,ISSUE0489,Assigned,2026-08-05,Electrical Maintenance Team,Issue assigned to the responsible municipal team
EVT02931,ISSUE0489,Inspection,2026-08-05,Electrical Maintenance Team,Municipal staff inspected the reported location
EVT02932,ISSUE0489,Work Started,2026-08-07,Electrical Maintenance Team,Repair/cleanup work started
EVT02933,ISSUE0489,Work Completed,2026-08-07,Electrical Maintenance Team,Repair/cleanup work completed
EVT02934,ISSUE0489,Issue Closed,2026-08-10,Electrical Maintenance Team,Issue marked as resolved
EVT02935,ISSUE0490,Complaint Received,2026-08-21,Waste Management Team,Issue reported by citizen
EVT02936,ISSUE0490,Assigned,2026-08-21,Waste Management Team,Issue assigned to the responsible municipal team
EVT02937,ISSUE0490,Inspection,2026-08-22,Waste Management Team,Municipal staff inspected the reported location
EVT02938,ISSUE0490,Work Started,2026-08-26,Waste Management Team,Repair/cleanup work started
EVT02939,ISSUE0490,Work Completed,2026-08-27,Waste Management Team,Repair/cleanup work completed
EVT02940,ISSUE0490,Issue Closed,2026-08-31,Waste Management Team,Issue marked as resolved
EVT02941,ISSUE0491,Complaint Received,2026-08-08,Waste Management Team,Issue reported by citizen
EVT02942,ISSUE0491,Assigned,2026-08-09,Waste Management Team,Issue assigned to the responsible municipal team
EVT02943,ISSUE0491,Inspection,2026-08-11,Waste Management Team,Municipal staff inspected the reported location
EVT02944,ISSUE0491,Work Started,2026-08-10,Waste Management Team,Repair/cleanup work started
EVT02945,ISSUE0491,Work Completed,2026-08-12,Waste Management Team,Repair/cleanup work completed
EVT02946,ISSUE0491,Issue Closed,2026-08-13,Waste Management Team,Issue marked as resolved
EVT02947,ISSUE0492,Complaint Received,2026-08-16,Road Maintenance Team,Issue reported by citizen
EVT02948,ISSUE0492,Assigned,2026-08-16,Road Maintenance Team,Issue assigned to the responsible municipal team
EVT02949,ISSUE0492,Inspection,2026-08-17,Road Maintenance Team,Municipal staff inspected the reported location
EVT02950,ISSUE0492,Work Started,2026-08-19,Road Maintenance Team,Repair/cleanup work started
EVT02951,ISSUE0492,Work Completed,2026-08-24,Road Maintenance Team,Repair/cleanup work completed
EVT02952,ISSUE0492,Issue Closed,2026-08-26,Road Maintenance Team,Issue marked as resolved
EVT02953,ISSUE0493,Complaint Received,2026-08-01,Electrical Maintenance Team,Issue reported by citizen
EVT02954,ISSUE0493,Assigned,2026-08-01,Electrical Maintenance Team,Issue assigned to the responsible municipal team
EVT02955,ISSUE0493,Inspection,2026-08-04,Electrical Maintenance Team,Municipal staff inspected the reported location
EVT02956,ISSUE0493,Work Started,2026-08-05,Electrical Maintenance Team,Repair/cleanup work started
EVT02957,ISSUE0493,Work Completed,2026-08-05,Electrical Maintenance Team,Repair/cleanup work completed
EVT02958,ISSUE0493,Issue Closed,2026-08-09,Electrical Maintenance Team,Issue marked as resolved
EVT02959,ISSUE0494,Complaint Received,2026-08-05,Waste Management Team,Issue reported by citizen
EVT02960,ISSUE0494,Assigned,2026-08-06,Waste Management Team,Issue assigned to the responsible municipal team
EVT02961,ISSUE0494,Inspection,2026-08-06,Waste Management Team,Municipal staff inspected the reported location
EVT02962,ISSUE0494,Work Started,2026-08-08,Waste Management Team,Repair/cleanup work started
EVT02963,ISSUE0494,Work Completed,2026-08-12,Waste Management Team,Repair/cleanup work completed
EVT02964,ISSUE0494,Issue Closed,2026-08-10,Waste Management Team,Issue marked as resolved
EVT02965,ISSUE0495,Complaint Received,2026-08-04,Waste Management Team,Issue reported by citizen
EVT02966,ISSUE0495,Assigned,2026-08-04,Waste Management Team,Issue assigned to the responsible municipal team
EVT02967,ISSUE0495,Inspection,2026-08-06,Waste Management Team,Municipal staff inspected the reported location
EVT02968,ISSUE0495,Work Started,2026-08-08,Waste Management Team,Repair/cleanup work started
EVT02969,ISSUE0495,Work Completed,2026-08-10,Waste Management Team,Repair/cleanup work completed
EVT02970,ISSUE0495,Issue Closed,2026-08-10,Waste Management Team,Issue marked as resolved
EVT02971,ISSUE0496,Complaint Received,2026-08-05,Electrical Maintenance Team,Issue reported by citizen
EVT02972,ISSUE0496,Assigned,2026-08-07,Electrical Maintenance Team,Issue assigned to the responsible municipal team
EVT02973,ISSUE0496,Inspection,2026-08-08,Electrical Maintenance Team,Municipal staff inspected the reported location
EVT02974,ISSUE0496,Work Started,2026-08-08,Electrical Maintenance Team,Repair/cleanup work started
EVT02975,ISSUE0496,Work Completed,2026-08-09,Electrical Maintenance Team,Repair/cleanup work completed
EVT02976,ISSUE0496,Issue Closed,2026-08-14,Electrical Maintenance Team,Issue marked as resolved
EVT02977,ISSUE0497,Complaint Received,2026-08-01,Waste Management Team,Issue reported by citizen
EVT02978,ISSUE0497,Assigned,2026-08-03,Waste Management Team,Issue assigned to the responsible municipal team
EVT02979,ISSUE0497,Inspection,2026-08-04,Waste Management Team,Municipal staff inspected the reported location
EVT02980,ISSUE0497,Work Started,2026-08-04,Waste Management Team,Repair/cleanup work started
EVT02981,ISSUE0497,Work Completed,2026-08-08,Waste Management Team,Repair/cleanup work completed
EVT02982,ISSUE0497,Issue Closed,2026-08-08,Waste Management Team,Issue marked as resolved
EVT02983,ISSUE0498,Complaint Received,2026-08-07,Waste Management Team,Issue reported by citizen
EVT02984,ISSUE0498,Assigned,2026-08-09,Waste Management Team,Issue assigned to the responsible municipal team
EVT02985,ISSUE0498,Inspection,2026-08-10,Waste Management Team,Municipal staff inspected the reported location
EVT02986,ISSUE0498,Work Started,2026-08-10,Waste Management Team,Repair/cleanup work started
EVT02987,ISSUE0498,Work Completed,2026-08-14,Waste Management Team,Repair/cleanup work completed
EVT02988,ISSUE0498,Issue Closed,2026-08-16,Waste Management Team,Issue marked as resolved
EVT02989,ISSUE0499,Complaint Received,2026-08-15,Waste Management Team,Issue reported by citizen
EVT02990,ISSUE0499,Assigned,2026-08-15,Waste Management Team,Issue assigned to the responsible municipal team
EVT02991,ISSUE0499,Inspection,2026-08-16,Waste Management Team,Municipal staff inspected the reported location
EVT02992,ISSUE0499,Work Started,2026-08-17,Waste Management Team,Repair/cleanup work started
EVT02993,ISSUE0499,Work Completed,2026-08-20,Waste Management Team,Repair/cleanup work completed
EVT02994,ISSUE0499,Issue Closed,2026-08-20,Waste Management Team,Issue marked as resolved
EVT02995,ISSUE0500,Complaint Received,2026-08-13,Waste Management Team,Issue reported by citizen
EVT02996,ISSUE0500,Assigned,2026-08-14,Waste Management Team,Issue assigned to the responsible municipal team
EVT02997,ISSUE0500,Inspection,2026-08-15,Waste Management Team,Municipal staff inspected the reported location
EVT02998,ISSUE0500,Work Started,2026-08-17,Waste Management Team,Repair/cleanup work started
EVT02999,ISSUE0500,Work Completed,2026-08-18,Waste Management Team,Repair/cleanup work completed
EVT03000,ISSUE0500,Issue Closed,2026-08-19,Waste Management Team,Issue marked as resolved
