Complaint_A,Complaint_B,Expected_Result,Predicted_Result,Text_Similarity,Location_Distance_Meters,Category_Match,Temporal_Similarity,Image_Similarity,Duplicate_Score,Error_Category
C1247,C1271,DUPLICATE,DUPLICATE,1.0,89.31,1,0.0,0.0,0.8,Correct Match
C1247,C1067,NOT DUPLICATE,DUPLICATE,0.234,86.21,1,0.5,0.0,0.5569,False Positive
C1247,C1355,DUPLICATE,DUPLICATE,0.2579,81.73,1,0.8,0.0,0.5803,Correct Match
C0863,C0602,NOT DUPLICATE,NOT DUPLICATE,0.6889,306.79,1,0.8,0.0,0.5311,Correct Match
C0863,C1617,DUPLICATE,NOT DUPLICATE,0.3946,163.99,1,0.8,0.0,0.5281,False Negative
C0863,C0864,DUPLICATE,DUPLICATE,1.0,128.78,1,0.5,0.0,0.825,Correct Match
C0299,C0300,DUPLICATE,DUPLICATE,0.4297,64.99,1,0.5,0.0,0.6854,Correct Match
C0856,C0594,NOT DUPLICATE,DUPLICATE,0.5234,81.48,1,0.5,0.0,0.6582,False Positive
C0856,C1387,DUPLICATE,DUPLICATE,0.4538,83.05,1,0.5,0.0,0.6338,Correct Match
C0856,C1291,DUPLICATE,DUPLICATE,0.5234,63.54,1,0.5,0.0,0.7182,Correct Match
C0856,C0855,DUPLICATE,DUPLICATE,0.4073,55.99,1,1.0,0.0,0.7025,Correct Match
C0856,C0593,NOT DUPLICATE,DUPLICATE,0.4068,113.12,1,0.8,0.0,0.6324,False Positive
C1535,C1198,DUPLICATE,DUPLICATE,0.2742,33.52,1,0.0,0.0,0.606,Correct Match
C1604,C0994,DUPLICATE,DUPLICATE,0.4509,101.04,1,0.0,0.0,0.6078,Correct Match
C1604,C0993,DUPLICATE,DUPLICATE,0.4392,124.86,1,1.0,0.0,0.6537,Correct Match
C0553,C0554,DUPLICATE,DUPLICATE,0.4538,73.42,1,0.5,0.0,0.6938,Correct Match
C0553,C1308,DUPLICATE,DUPLICATE,0.5641,48.17,1,0.0,0.0,0.7074,Correct Match
C0351,C0352,DUPLICATE,DUPLICATE,0.2654,70.37,1,0.0,0.0,0.6029,Correct Match
C1241,C1740,DUPLICATE,DUPLICATE,0.2083,147.95,1,0.8,0.0,0.5629,Correct Match
C1449,C0431,DUPLICATE,DUPLICATE,0.2988,56.41,1,0.5,0.0,0.6396,Correct Match
C1449,C1300,DUPLICATE,DUPLICATE,0.2555,135.5,1,0.5,0.0,0.5644,Correct Match
C1449,C0432,DUPLICATE,DUPLICATE,0.5396,12.43,1,1.0,0.0,0.7889,Correct Match
C0817,C0818,DUPLICATE,DUPLICATE,0.3473,62.86,1,0.5,0.0,0.6566,Correct Match
C0817,C1645,DUPLICATE,DUPLICATE,0.3603,70.64,1,0.8,0.0,0.6761,Correct Match
C0817,C1259,DUPLICATE,DUPLICATE,0.3473,141.61,1,0.8,0.0,0.6116,Correct Match
C0817,C1554,DUPLICATE,DUPLICATE,0.4156,96.05,1,1.0,0.0,0.6455,Correct Match
C1613,C0814,DUPLICATE,DUPLICATE,0.5083,130.0,1,1.0,0.0,0.6779,Correct Match
C1613,C0813,DUPLICATE,DUPLICATE,0.5083,93.86,1,0.8,1.0,0.7179,Correct Match
C1613,C0578,NOT DUPLICATE,NOT DUPLICATE,0.4073,221.29,1,0.5,0.0,0.5175,Correct Match
C0189,C1337,DUPLICATE,DUPLICATE,0.261,47.58,1,1.0,0.0,0.6514,Correct Match
C0189,C1465,DUPLICATE,DUPLICATE,0.261,48.94,1,1.0,0.0,0.6514,Correct Match
C0189,C1348,DUPLICATE,DUPLICATE,0.3027,21.42,1,0.5,0.0,0.6809,Correct Match
C0189,C1586,DUPLICATE,DUPLICATE,0.261,42.1,1,1.0,0.0,0.6514,Correct Match
C0189,C0190,DUPLICATE,DUPLICATE,0.1967,42.09,1,0.5,0.0,0.6039,Correct Match
C0116,C0115,DUPLICATE,NOT DUPLICATE,0.2895,186.42,1,1.0,0.0,0.5013,False Negative
C0417,C1697,DUPLICATE,DUPLICATE,0.1818,126.67,1,1.0,0.0,0.5636,Correct Match
C0417,C0418,DUPLICATE,DUPLICATE,0.2734,119.5,1,0.5,0.0,0.5707,Correct Match
C0066,C1374,DUPLICATE,DUPLICATE,0.3167,100.28,1,0.8,0.0,0.6008,Correct Match
C0066,C0065,DUPLICATE,DUPLICATE,0.276,13.67,1,0.5,0.0,0.6716,Correct Match
C1536,C0895,DUPLICATE,DUPLICATE,0.3946,39.87,1,0.0,0.0,0.6481,Correct Match
C1536,C0896,DUPLICATE,DUPLICATE,0.4505,42.27,1,0.5,0.0,0.6927,Correct Match
C0110,C0109,DUPLICATE,NOT DUPLICATE,0.276,115.38,1,0.0,0.0,0.5466,False Negative
C0818,C1645,DUPLICATE,DUPLICATE,0.3823,8.43,1,0.0,0.0,0.6838,Correct Match
C0818,C1259,DUPLICATE,DUPLICATE,1.0,82.96,1,0.0,0.0,0.8,Correct Match
C0818,C1554,DUPLICATE,DUPLICATE,0.4068,39.2,1,0.5,0.0,0.6774,Correct Match
C0384,C0383,DUPLICATE,DUPLICATE,0.2749,61.79,1,0.5,0.0,0.6312,Correct Match
C0384,C0349,NOT DUPLICATE,DUPLICATE,0.276,64.08,1,0.0,0.0,0.6066,False Positive
C0384,C0350,NOT DUPLICATE,DUPLICATE,0.2037,115.89,1,1.0,0.0,0.5713,False Positive
C0384,C1552,NOT DUPLICATE,DUPLICATE,0.261,58.51,1,0.8,0.0,0.6414,False Positive
C0950,C1581,DUPLICATE,DUPLICATE,0.4068,58.38,1,0.8,0.0,0.6924,Correct Match
C0950,C0949,DUPLICATE,DUPLICATE,0.4073,109.12,1,1.0,0.0,0.6425,Correct Match
C1631,C0472,DUPLICATE,DUPLICATE,0.4005,47.67,1,0.5,0.0,0.6752,Correct Match
C1631,C0471,DUPLICATE,DUPLICATE,0.3003,5.39,1,1.0,0.0,0.7051,Correct Match
C1631,C1647,DUPLICATE,DUPLICATE,0.5396,80.35,1,1.0,0.0,0.6889,Correct Match
C1042,C1353,DUPLICATE,DUPLICATE,0.3913,100.76,1,0.0,0.0,0.587,Correct Match
C0893,C1575,DUPLICATE,DUPLICATE,0.4037,37.55,1,0.8,0.0,0.6913,Correct Match
C0893,C0894,DUPLICATE,DUPLICATE,0.4538,52.82,1,0.5,0.0,0.6938,Correct Match
C1323,C1211,DUPLICATE,DUPLICATE,0.2809,51.38,1,1.0,0.0,0.6583,Correct Match
C1323,C1534,DUPLICATE,DUPLICATE,0.4189,119.39,1,0.5,0.0,0.6216,Correct Match
C1323,C1406,DUPLICATE,DUPLICATE,0.2809,68.98,1,0.0,0.0,0.6083,Correct Match
C1670,C0311,DUPLICATE,DUPLICATE,0.3027,106.19,1,0.8,0.0,0.5959,Correct Match
C1670,C0312,DUPLICATE,NOT DUPLICATE,0.2037,112.06,1,0.5,0.0,0.5463,False Negative
C0213,C0214,DUPLICATE,DUPLICATE,0.3049,45.73,1,0.0,0.0,0.6167,Correct Match
C0213,C1253,DUPLICATE,DUPLICATE,0.1967,90.27,1,1.0,0.0,0.5689,Correct Match
C0552,C1730,DUPLICATE,NOT DUPLICATE,0.4033,151.23,1,0.8,0.0,0.5311,False Negative
C0552,C0551,DUPLICATE,DUPLICATE,0.436,85.58,1,1.0,0.0,0.6526,Correct Match
C1171,C1523,DUPLICATE,DUPLICATE,1.0,57.67,1,0.0,0.0,0.86,Correct Match
C1487,C1400,DUPLICATE,DUPLICATE,0.302,29.91,1,0.0,0.0,0.6557,Correct Match
C1487,C1720,NOT DUPLICATE,DUPLICATE,0.5501,163.01,1,1.0,0.0,0.5926,False Positive
C1487,C1180,DUPLICATE,DUPLICATE,0.6082,41.25,1,0.0,0.0,0.7229,Correct Match
C1487,C1469,DUPLICATE,DUPLICATE,0.3656,104.18,1,0.0,0.0,0.578,Correct Match
C1487,C1057,NOT DUPLICATE,DUPLICATE,0.3656,146.94,1,0.5,0.0,0.603,False Positive
C1396,C1369,DUPLICATE,DUPLICATE,0.3473,114.33,1,1.0,0.0,0.6216,Correct Match
C1396,C1502,DUPLICATE,DUPLICATE,0.3161,58.71,1,0.8,0.0,0.6606,Correct Match
C1396,C0606,DUPLICATE,DUPLICATE,0.4156,74.83,1,0.0,0.0,0.6555,Correct Match
C1396,C1665,DUPLICATE,DUPLICATE,1.0,14.85,1,0.0,0.0,0.9,Correct Match
C1396,C0605,DUPLICATE,DUPLICATE,0.4505,67.09,1,0.0,0.0,0.6677,Correct Match
C0911,C1362,DUPLICATE,DUPLICATE,0.9717,23.7,1,0.0,0.0,0.8901,Correct Match
C0911,C1549,DUPLICATE,NOT DUPLICATE,0.3036,170.12,1,0.5,0.0,0.4813,False Negative
C0911,C0912,DUPLICATE,DUPLICATE,0.436,31.23,1,0.0,0.0,0.6626,Correct Match
C0911,C1564,DUPLICATE,DUPLICATE,0.3036,83.58,1,0.5,0.0,0.5813,Correct Match
C0030,C1522,DUPLICATE,DUPLICATE,0.1569,75.66,1,0.8,0.0,0.6049,Correct Match
C0030,C0029,DUPLICATE,DUPLICATE,0.1818,37.48,1,0.5,0.0,0.5986,Correct Match
C1321,C1246,DUPLICATE,DUPLICATE,1.0,63.61,1,0.5,0.0,0.885,Correct Match
C1146,C1489,DUPLICATE,NOT DUPLICATE,0.2083,82.94,1,0.5,0.0,0.5479,False Negative
C1146,C1509,DUPLICATE,NOT DUPLICATE,0.2083,85.5,1,0.5,0.0,0.5479,False Negative
C0248,C0247,DUPLICATE,DUPLICATE,0.3003,101.49,1,0.0,0.0,0.5551,Correct Match
C0071,C0072,DUPLICATE,DUPLICATE,0.3049,18.65,1,0.0,0.0,0.6567,Correct Match
C0112,C0111,DUPLICATE,DUPLICATE,0.2845,83.22,1,0.5,0.0,0.5746,Correct Match
C1728,C0940,DUPLICATE,DUPLICATE,0.5641,108.75,1,0.8,0.0,0.6874,Correct Match
C1728,C0939,DUPLICATE,DUPLICATE,0.3161,63.68,1,0.8,0.0,0.6606,Correct Match
C1728,C1727,DUPLICATE,DUPLICATE,1.0,163.56,1,0.8,0.0,0.74,Correct Match
C0406,C1296,DUPLICATE,DUPLICATE,0.4005,73.7,1,0.5,0.0,0.6752,Correct Match
C0406,C0405,DUPLICATE,DUPLICATE,0.2959,22.9,1,1.0,0.0,0.7036,Correct Match
C0204,C1543,DUPLICATE,DUPLICATE,0.276,81.61,1,0.8,0.0,0.5866,Correct Match
C0204,C0203,DUPLICATE,DUPLICATE,1.0,79.44,1,0.5,0.0,0.885,Correct Match
C0255,C0256,DUPLICATE,DUPLICATE,0.2555,86.42,1,0.5,0.0,0.5644,Correct Match
C1515,C0725,DUPLICATE,DUPLICATE,0.5234,17.19,1,0.5,0.0,0.7582,Correct Match
C1515,C0726,DUPLICATE,DUPLICATE,0.4073,32.2,1,1.0,0.0,0.7025,Correct Match
C1730,C0551,DUPLICATE,DUPLICATE,0.3335,108.16,1,1.0,0.0,0.6167,Correct Match
C0874,C0873,DUPLICATE,DUPLICATE,0.3946,54.14,1,0.5,0.0,0.6731,Correct Match
C0544,C0543,DUPLICATE,DUPLICATE,1.0,68.94,1,0.8,0.0,0.9,Correct Match
C0544,C1663,DUPLICATE,DUPLICATE,0.3823,27.93,1,0.0,0.0,0.6838,Correct Match
C1526,C1160,DUPLICATE,DUPLICATE,0.2754,31.94,1,0.5,0.0,0.6314,Correct Match
C1681,C0716,DUPLICATE,DUPLICATE,0.5083,33.79,1,0.5,0.0,0.7129,Correct Match
C1681,C1618,DUPLICATE,DUPLICATE,0.4156,37.62,1,0.5,0.0,0.6805,Correct Match
C1681,C0715,DUPLICATE,DUPLICATE,1.0,81.25,1,0.0,0.0,0.8,Correct Match
C0368,C0367,DUPLICATE,DUPLICATE,0.2171,51.6,1,0.0,0.0,0.586,Correct Match
C0368,C1458,DUPLICATE,DUPLICATE,0.2171,87.44,1,0.8,0.0,0.566,Correct Match
C0252,C0251,DUPLICATE,DUPLICATE,1.0,102.39,1,1.0,0.0,0.85,Correct Match
C1369,C1502,DUPLICATE,DUPLICATE,0.4686,59.3,1,0.8,0.0,0.714,Correct Match
C1369,C0606,DUPLICATE,DUPLICATE,0.4068,75.99,1,0.0,0.0,0.6524,Correct Match
C1369,C1665,DUPLICATE,DUPLICATE,0.3473,99.77,1,0.0,0.0,0.5716,Correct Match
C1369,C0605,DUPLICATE,DUPLICATE,0.3682,48.46,1,0.0,0.0,0.6389,Correct Match
C1623,C1014,DUPLICATE,DUPLICATE,0.4189,61.68,1,0.5,0.0,0.6816,Correct Match
C1623,C1415,DUPLICATE,DUPLICATE,1.0,44.29,1,0.5,0.0,0.885,Correct Match
C0024,C0023,DUPLICATE,DUPLICATE,0.3027,34.86,1,0.8,0.0,0.6559,Correct Match
C0024,C1452,DUPLICATE,DUPLICATE,0.261,71.16,1,0.8,0.0,0.6414,Correct Match
C0819,C0820,DUPLICATE,DUPLICATE,0.3161,118.99,1,0.0,0.0,0.5606,Correct Match
C0819,C1708,DUPLICATE,DUPLICATE,0.6889,117.23,1,0.8,0.0,0.7311,Correct Match
C0819,C0659,NOT DUPLICATE,DUPLICATE,0.6889,232.4,1,0.5,0.0,0.6161,False Positive
C0819,C0660,NOT DUPLICATE,NOT DUPLICATE,0.6889,260.19,1,0.8,0.0,0.5311,Correct Match
C0586,C0585,DUPLICATE,DUPLICATE,1.0,50.58,1,0.5,0.0,0.885,Correct Match
C0586,C1459,DUPLICATE,DUPLICATE,0.5433,60.26,1,0.5,0.0,0.7251,Correct Match
C1158,C1384,DUPLICATE,DUPLICATE,0.2391,50.89,1,0.5,0.0,0.6187,Correct Match
C1395,C1205,DUPLICATE,DUPLICATE,0.5501,80.52,1,1.0,0.0,0.6926,Correct Match
C0964,C1545,DUPLICATE,DUPLICATE,0.6889,159.18,1,0.5,0.0,0.6161,Correct Match
C0964,C0963,DUPLICATE,DUPLICATE,0.3161,147.49,1,1.0,0.0,0.6106,Correct Match
C0325,C1394,DUPLICATE,DUPLICATE,0.4297,71.81,1,0.8,0.0,0.7004,Correct Match
C0325,C0326,DUPLICATE,DUPLICATE,0.3167,36.17,1,1.0,0.0,0.6708,Correct Match
C0618,C0617,DUPLICATE,DUPLICATE,0.3162,68.76,1,0.8,0.0,0.6607,Correct Match
C0618,C1255,DUPLICATE,DUPLICATE,0.3162,34.51,1,0.8,0.0,0.6607,Correct Match
C1028,C1434,DUPLICATE,DUPLICATE,0.2742,74.88,1,0.5,0.0,0.631,Correct Match
C1028,C1322,DUPLICATE,DUPLICATE,0.2809,48.2,1,0.5,0.0,0.6333,Correct Match
C1744,C0916,DUPLICATE,DUPLICATE,0.4073,48.32,1,1.0,0.0,0.7025,Correct Match
C1744,C0915,DUPLICATE,DUPLICATE,0.4538,54.21,1,0.8,0.0,0.7088,Correct Match
C0498,C0497,DUPLICATE,DUPLICATE,0.2654,78.2,1,0.0,0.0,0.6029,Correct Match
C1527,C0293,DUPLICATE,DUPLICATE,0.2845,82.2,1,0.5,0.0,0.5746,Correct Match
C1527,C0294,DUPLICATE,DUPLICATE,0.2845,21.89,1,1.0,0.0,0.6996,Correct Match
C1527,C0002,NOT DUPLICATE,DUPLICATE,1.0,283.95,1,0.0,0.0,0.6,False Positive
C0998,C0997,DUPLICATE,DUPLICATE,0.4686,48.65,1,1.0,0.0,0.724,Correct Match
C1522,C0029,DUPLICATE,DUPLICATE,0.2654,60.69,1,0.0,0.0,0.6029,Correct Match
C1432,C0663,DUPLICATE,DUPLICATE,0.4156,30.37,1,0.0,0.0,0.6555,Correct Match
C1432,C0664,DUPLICATE,DUPLICATE,0.5234,75.54,1,0.5,0.0,0.7182,Correct Match
C1692,C0778,DUPLICATE,DUPLICATE,0.4505,34.15,1,0.0,0.0,0.6677,Correct Match
C1692,C1619,DUPLICATE,DUPLICATE,0.3162,50.39,1,1.0,0.0,0.6707,Correct Match
C1692,C1578,DUPLICATE,DUPLICATE,0.3473,33.16,1,0.8,0.0,0.6716,Correct Match
C1692,C0777,DUPLICATE,DUPLICATE,0.3161,57.85,1,0.5,0.0,0.6456,Correct Match
C0528,C0527,DUPLICATE,DUPLICATE,0.5433,54.88,1,0.5,0.0,0.7251,Correct Match
C0528,C1388,DUPLICATE,DUPLICATE,0.3161,42.13,1,0.5,0.0,0.6456,Correct Match
C1654,C0698,DUPLICATE,DUPLICATE,0.5234,26.87,1,1.0,0.0,0.7832,Correct Match
C1654,C0697,DUPLICATE,DUPLICATE,0.5234,54.55,1,0.0,0.0,0.6932,Correct Match
C0810,C0809,DUPLICATE,DUPLICATE,0.3161,66.43,1,0.0,0.0,0.6206,Correct Match
C0988,C0987,DUPLICATE,DUPLICATE,0.3603,31.14,1,0.0,0.0,0.6361,Correct Match
C0988,C1297,DUPLICATE,DUPLICATE,0.3823,84.35,1,0.5,0.0,0.6088,Correct Match
C1547,C1237,DUPLICATE,DUPLICATE,0.2742,76.99,1,1.0,0.0,0.656,Correct Match
C0585,C1459,DUPLICATE,DUPLICATE,0.5433,53.87,1,0.8,0.0,0.7401,Correct Match
C0773,C0774,DUPLICATE,DUPLICATE,0.4686,100.72,1,1.0,0.0,0.664,Correct Match
C1336,C0050,DUPLICATE,DUPLICATE,1.0,58.87,1,0.5,0.0,0.885,Correct Match
C1336,C0049,DUPLICATE,DUPLICATE,0.2959,68.48,1,0.5,0.0,0.6386,Correct Match
C1473,C0945,DUPLICATE,DUPLICATE,0.5234,93.99,1,0.5,0.0,0.6582,Correct Match
C1473,C0946,DUPLICATE,DUPLICATE,0.4538,118.45,1,0.0,0.0,0.6088,Correct Match
C1473,C1480,DUPLICATE,DUPLICATE,0.4156,47.86,1,0.0,0.0,0.6555,Correct Match
C0632,C0631,DUPLICATE,DUPLICATE,0.3036,112.08,1,0.0,0.0,0.5563,Correct Match
C1362,C1549,DUPLICATE,NOT DUPLICATE,0.3162,185.17,1,0.0,0.0,0.4607,False Negative
C1362,C0912,DUPLICATE,DUPLICATE,0.4509,27.85,1,1.0,1.0,0.8078,Correct Match
C1362,C1564,DUPLICATE,DUPLICATE,0.3162,93.79,1,0.0,0.0,0.5607,Correct Match
C0423,C0424,DUPLICATE,DUPLICATE,0.2734,31.16,1,0.5,0.0,0.6307,Correct Match
C0423,C1520,DUPLICATE,DUPLICATE,1.0,110.11,1,0.5,0.0,0.825,Correct Match
C0174,C1588,DUPLICATE,DUPLICATE,0.2706,66.23,1,0.0,0.0,0.6047,Correct Match
C0174,C0173,DUPLICATE,DUPLICATE,0.3167,75.24,1,1.0,0.0,0.6708,Correct Match
C0174,C1607,DUPLICATE,DUPLICATE,0.3167,88.32,1,1.0,0.0,0.6108,Correct Match
C0426,C0425,DUPLICATE,DUPLICATE,0.1569,70.51,1,0.8,0.0,0.6049,Correct Match
C0426,C1350,DUPLICATE,DUPLICATE,0.4005,75.75,1,0.5,0.0,0.6752,Correct Match
C0527,C1388,DUPLICATE,DUPLICATE,0.3036,44.03,1,1.0,0.0,0.6663,Correct Match
C1505,C0614,DUPLICATE,DUPLICATE,1.0,68.06,1,1.0,0.0,0.91,Correct Match
C1505,C1312,DUPLICATE,DUPLICATE,0.4068,97.79,1,0.0,0.0,0.5924,Correct Match
C1505,C0613,DUPLICATE,DUPLICATE,0.4556,116.52,1,0.5,0.0,0.6345,Correct Match
C1277,C0862,DUPLICATE,DUPLICATE,0.3161,73.03,1,1.0,0.0,0.6706,Correct Match
C1277,C0861,DUPLICATE,DUPLICATE,1.0,9.48,1,0.0,0.0,0.9,Correct Match
C1344,C1357,DUPLICATE,DUPLICATE,0.2726,85.38,1,0.8,0.0,0.5854,Correct Match
C1344,C1319,DUPLICATE,DUPLICATE,0.291,137.1,1,0.0,0.0,0.5518,Correct Match
C1344,C1066,DUPLICATE,DUPLICATE,0.3447,122.56,1,0.5,0.0,0.5956,Correct Match
C1344,C1295,DUPLICATE,DUPLICATE,0.291,136.06,1,1.0,0.0,0.6018,Correct Match
C0622,C0621,DUPLICATE,DUPLICATE,0.4037,37.28,1,0.8,0.0,0.6913,Correct Match
C0622,C1404,DUPLICATE,DUPLICATE,0.9717,2.96,1,0.8,0.0,0.9301,Correct Match
C0622,C1472,DUPLICATE,DUPLICATE,1.0,54.57,1,0.5,1.0,0.935,Correct Match
C0622,C1501,DUPLICATE,DUPLICATE,1.0,94.98,1,0.8,0.0,0.84,Correct Match
C0238,C0237,DUPLICATE,DUPLICATE,0.3049,21.36,1,1.0,0.0,0.7067,Correct Match
C0238,C1745,DUPLICATE,DUPLICATE,0.261,36.08,1,0.8,0.0,0.6414,Correct Match
C1684,C0747,DUPLICATE,DUPLICATE,0.4073,100.89,1,0.8,0.0,0.6325,Correct Match
C1684,C0748,DUPLICATE,DUPLICATE,0.4073,117.58,1,0.5,0.0,0.6175,Correct Match
C0599,C0600,DUPLICATE,DUPLICATE,1.0,71.52,1,0.5,0.0,0.885,Correct Match
C0345,C1719,DUPLICATE,DUPLICATE,0.3839,113.99,1,0.8,0.0,0.6243,Correct Match
C0345,C0346,DUPLICATE,DUPLICATE,0.3839,85.42,1,0.8,0.0,0.6243,Correct Match
C0987,C1297,DUPLICATE,DUPLICATE,0.3473,109.27,1,0.5,0.0,0.5966,Correct Match
C1335,C1017,DUPLICATE,DUPLICATE,0.5501,84.39,1,0.0,0.0,0.6426,Correct Match
C1335,C1370,DUPLICATE,DUPLICATE,0.2579,56.75,1,1.0,0.0,0.6503,Correct Match
C0465,C1726,DUPLICATE,DUPLICATE,0.2171,25.02,1,0.5,0.0,0.651,Correct Match
C0465,C1655,DUPLICATE,DUPLICATE,0.3014,125.23,1,1.0,0.0,0.6055,Correct Match
C0465,C0466,DUPLICATE,DUPLICATE,0.2171,61.0,1,0.0,0.0,0.586,Correct Match
C0745,C0746,DUPLICATE,DUPLICATE,0.3946,74.55,1,0.8,0.0,0.6881,Correct Match
C0731,C0845,NOT DUPLICATE,DUPLICATE,0.5641,168.68,1,0.5,0.0,0.5724,False Positive
C0731,C0786,NOT DUPLICATE,DUPLICATE,1.0,257.31,1,1.0,0.0,0.65,False Positive
C0731,C0732,DUPLICATE,DUPLICATE,0.4538,59.76,1,0.0,0.0,0.6688,Correct Match
C0731,C0785,NOT DUPLICATE,DUPLICATE,0.5641,240.04,1,0.5,0.0,0.5724,False Positive
C0136,C1430,DUPLICATE,DUPLICATE,0.2734,132.27,1,0.8,0.0,0.5857,Correct Match
C0136,C0135,DUPLICATE,DUPLICATE,1.0,94.0,1,0.5,0.0,0.825,Correct Match
C0597,C0598,DUPLICATE,DUPLICATE,0.5234,65.73,1,0.0,0.0,0.6932,Correct Match
C0594,C1387,NOT DUPLICATE,DUPLICATE,0.4037,131.51,1,1.0,0.0,0.6413,False Positive
C0594,C1291,NOT DUPLICATE,DUPLICATE,1.0,86.43,1,1.0,0.0,0.85,False Positive
C0594,C0855,NOT DUPLICATE,DUPLICATE,0.3335,126.88,1,0.5,0.0,0.5917,False Positive
C0594,C0593,DUPLICATE,DUPLICATE,0.3682,37.82,1,1.0,0.0,0.6889,Correct Match
C1477,C0494,DUPLICATE,NOT DUPLICATE,0.4005,163.79,1,0.5,0.0,0.5152,False Negative
C1477,C1624,DUPLICATE,DUPLICATE,1.0,110.29,1,0.5,0.0,0.825,Correct Match
C1477,C0208,NOT DUPLICATE,DUPLICATE,1.0,314.1,1,0.5,0.0,0.625,False Positive
C1477,C0207,NOT DUPLICATE,DUPLICATE,1.0,313.49,1,0.8,0.0,0.64,False Positive
C1477,C0493,DUPLICATE,DUPLICATE,1.0,71.96,1,0.8,0.0,0.9,Correct Match
C1559,C0232,DUPLICATE,DUPLICATE,0.3003,139.58,1,1.0,0.0,0.6051,Correct Match
C1559,C1478,DUPLICATE,DUPLICATE,0.276,107.66,1,0.5,0.0,0.5716,Correct Match
C1559,C0231,DUPLICATE,DUPLICATE,1.0,91.94,1,0.5,0.0,0.825,Correct Match
C0262,C0261,DUPLICATE,DUPLICATE,0.1818,16.16,1,0.8,0.0,0.6536,Correct Match
C1710,C0571,DUPLICATE,DUPLICATE,0.3823,144.0,1,0.8,0.0,0.6238,Correct Match
C1710,C0572,DUPLICATE,DUPLICATE,0.3823,108.76,1,1.0,0.0,0.6338,Correct Match
C0651,C0652,DUPLICATE,DUPLICATE,1.0,72.92,1,0.0,0.0,0.86,Correct Match
C1162,C1339,DUPLICATE,DUPLICATE,0.2579,37.52,1,1.0,0.0,0.6503,Correct Match
C0323,C0324,DUPLICATE,DUPLICATE,0.2171,58.82,1,0.0,0.0,0.586,Correct Match
C0323,C1622,DUPLICATE,NOT DUPLICATE,0.2171,92.05,1,0.0,0.0,0.526,False Negative
C0050,C0049,DUPLICATE,DUPLICATE,0.2959,30.82,1,0.0,0.0,0.6136,Correct Match
C1074,C1382,DUPLICATE,NOT DUPLICATE,0.2391,95.79,1,0.0,0.0,0.5337,False Negative
C1726,C1655,DUPLICATE,DUPLICATE,0.3839,121.4,1,0.5,0.0,0.6093,Correct Match
C1726,C0466,DUPLICATE,DUPLICATE,1.0,83.73,1,0.8,0.0,0.84,Correct Match
C0433,C1525,DUPLICATE,DUPLICATE,0.2895,61.54,1,0.5,0.0,0.6363,Correct Match
C0433,C0434,DUPLICATE,DUPLICATE,0.1569,38.64,1,0.5,0.0,0.5899,Correct Match
C1732,C1550,DUPLICATE,DUPLICATE,0.234,74.46,1,0.5,0.0,0.6169,Correct Match
C1732,C1225,DUPLICATE,DUPLICATE,0.291,57.96,1,0.5,0.0,0.6368,Correct Match
C0986,C0985,DUPLICATE,DUPLICATE,0.5433,72.45,1,0.8,0.0,0.7401,Correct Match
C0670,C0669,DUPLICATE,DUPLICATE,0.4538,27.15,1,0.8,0.0,0.7488,Correct Match
C0670,C1544,DUPLICATE,DUPLICATE,1.0,25.3,1,0.5,0.0,0.925,Correct Match
C1468,C1100,DUPLICATE,DUPLICATE,0.3048,69.43,1,0.0,0.0,0.6167,Correct Match
C0343,C0148,NOT DUPLICATE,DUPLICATE,1.0,295.01,1,0.5,0.0,0.625,False Positive
C0343,C0147,NOT DUPLICATE,DUPLICATE,1.0,301.02,1,0.0,0.0,0.6,False Positive
C0343,C0344,DUPLICATE,DUPLICATE,0.2654,109.37,1,0.8,0.0,0.5829,Correct Match
C1168,C1268,DUPLICATE,DUPLICATE,0.4649,70.02,1,0.8,1.0,0.7627,Correct Match
C1274,C1620,DUPLICATE,DUPLICATE,0.3913,137.35,1,0.5,0.0,0.612,Correct Match
C1274,C1494,DUPLICATE,DUPLICATE,1.0,15.17,1,0.5,0.0,0.925,Correct Match
C1274,C1140,DUPLICATE,DUPLICATE,0.3913,142.43,1,1.0,0.0,0.637,Correct Match
C1716,C1294,NOT DUPLICATE,DUPLICATE,1.0,246.71,1,0.0,0.0,0.7,False Positive
C1716,C0943,NOT DUPLICATE,DUPLICATE,0.9717,257.81,1,1.0,0.0,0.6401,False Positive
C1716,C1646,NOT DUPLICATE,DUPLICATE,1.0,331.92,1,1.0,0.0,0.55,False Positive
C1716,C0944,NOT DUPLICATE,DUPLICATE,0.9717,288.0,1,0.0,0.0,0.5901,False Positive
C1716,C0750,DUPLICATE,DUPLICATE,0.4538,73.81,1,0.8,0.0,0.7088,Correct Match
C1716,C0749,DUPLICATE,DUPLICATE,0.436,115.48,1,0.0,0.0,0.6026,Correct Match
C1611,C0052,DUPLICATE,DUPLICATE,0.2037,61.85,1,1.0,0.0,0.6313,Correct Match
C1611,C0051,DUPLICATE,DUPLICATE,0.3014,30.05,1,0.8,0.0,0.6555,Correct Match
C0079,C0080,DUPLICATE,DUPLICATE,0.261,77.68,1,1.0,0.0,0.6514,Correct Match
C0197,C0198,DUPLICATE,DUPLICATE,0.2171,7.34,1,0.5,0.0,0.651,Correct Match
C0197,C0407,NOT DUPLICATE,DUPLICATE,1.0,294.77,1,0.8,0.0,0.64,False Positive
C1467,C1446,NOT DUPLICATE,DUPLICATE,0.3048,119.24,1,0.5,0.0,0.5817,False Positive
C1467,C1612,NOT DUPLICATE,DUPLICATE,0.3809,95.04,1,0.8,0.0,0.6233,False Positive
C1467,C1361,NOT DUPLICATE,DUPLICATE,0.3809,125.67,1,0.5,0.0,0.6083,False Positive
C1467,C1195,NOT DUPLICATE,DUPLICATE,1.0,140.87,1,1.0,0.0,0.85,False Positive
C1467,C1216,DUPLICATE,DUPLICATE,1.0,109.4,1,0.5,0.0,0.825,Correct Match
C0074,C1329,DUPLICATE,DUPLICATE,0.2988,43.15,1,0.5,0.0,0.6396,Correct Match
C0074,C0073,DUPLICATE,DUPLICATE,1.0,76.27,1,0.0,0.0,0.86,Correct Match
C0070,C1422,DUPLICATE,DUPLICATE,0.2988,46.8,1,1.0,0.0,0.6646,Correct Match
C0070,C0069,DUPLICATE,DUPLICATE,1.0,24.38,1,0.5,0.0,0.925,Correct Match
C0922,C0921,DUPLICATE,DUPLICATE,0.4037,138.39,1,0.8,0.0,0.6313,Correct Match
C0533,C0621,NOT DUPLICATE,DUPLICATE,1.0,241.88,1,0.0,0.0,0.7,False Positive
C0533,C0534,DUPLICATE,DUPLICATE,1.0,164.96,1,0.5,0.0,0.725,Correct Match
C0382,C0381,DUPLICATE,DUPLICATE,0.261,63.84,1,1.0,0.0,0.6514,Correct Match
C0382,C1441,DUPLICATE,DUPLICATE,0.261,22.01,1,1.0,0.0,0.6914,Correct Match
C0366,C0365,DUPLICATE,DUPLICATE,0.3049,42.95,1,0.0,0.0,0.6167,Correct Match
C1594,C0340,DUPLICATE,DUPLICATE,0.1818,108.53,1,1.0,0.0,0.5636,Correct Match
C1594,C1488,DUPLICATE,DUPLICATE,0.1569,74.83,1,0.0,0.0,0.5649,Correct Match
C1594,C0339,DUPLICATE,DUPLICATE,1.0,75.23,1,0.5,0.0,0.885,Correct Match
C1594,C1366,DUPLICATE,DUPLICATE,0.1818,47.79,1,0.8,0.0,0.6136,Correct Match
C1594,C1475,DUPLICATE,DUPLICATE,0.2845,129.19,1,1.0,0.0,0.5996,Correct Match
C0430,C1555,NOT DUPLICATE,DUPLICATE,1.0,317.94,1,1.0,0.0,0.65,False Positive
C0430,C0429,DUPLICATE,DUPLICATE,1.0,10.43,1,0.8,0.0,0.94,Correct Match
C1008,C1748,DUPLICATE,DUPLICATE,1.0,75.07,1,1.0,0.0,0.91,Correct Match
C0414,C0413,DUPLICATE,DUPLICATE,0.2749,65.26,1,0.5,0.0,0.6312,Correct Match
C0584,C0583,DUPLICATE,DUPLICATE,0.3036,39.86,1,0.8,0.0,0.6563,Correct Match
C0584,C1287,DUPLICATE,DUPLICATE,0.4156,78.02,1,0.5,0.0,0.6805,Correct Match
C0077,C0078,DUPLICATE,DUPLICATE,0.3942,116.15,1,0.5,0.0,0.613,Correct Match
C1461,C1327,DUPLICATE,DUPLICATE,1.0,115.18,1,0.0,0.0,0.8,Correct Match
C1461,C0307,DUPLICATE,DUPLICATE,0.2988,126.98,1,0.8,0.0,0.5946,Correct Match
C1461,C0308,DUPLICATE,DUPLICATE,0.3839,62.25,1,0.5,0.0,0.6693,Correct Match
C0454,C1697,NOT DUPLICATE,DUPLICATE,1.0,291.15,1,1.0,0.0,0.65,False Positive
C0454,C0453,DUPLICATE,DUPLICATE,0.3027,70.39,1,0.5,0.0,0.6409,Correct Match
C0454,C1483,DUPLICATE,NOT DUPLICATE,0.2654,176.5,1,1.0,0.0,0.4929,False Negative
C0695,C1481,DUPLICATE,DUPLICATE,0.4538,104.73,1,0.5,0.0,0.6338,Correct Match
C0695,C0696,DUPLICATE,DUPLICATE,0.5433,46.39,1,0.5,0.0,0.7251,Correct Match
C1629,C0053,DUPLICATE,DUPLICATE,0.4005,90.2,1,0.5,0.0,0.6152,Correct Match
C1629,C0054,DUPLICATE,DUPLICATE,0.276,70.45,1,0.5,0.0,0.6316,Correct Match
C1629,C1516,DUPLICATE,DUPLICATE,0.4005,27.22,1,1.0,0.0,0.7402,Correct Match
C0675,C0676,DUPLICATE,DUPLICATE,1.0,69.6,1,0.5,0.0,0.885,Correct Match
C0675,C1429,NOT DUPLICATE,NOT DUPLICATE,1.0,348.25,1,0.8,0.0,0.54,Correct Match
C0675,C0928,NOT DUPLICATE,NOT DUPLICATE,1.0,325.09,1,0.0,0.0,0.5,Correct Match
C1705,C1118,DUPLICATE,DUPLICATE,1.0,81.22,1,0.0,0.0,0.8,Correct Match
C0807,C0808,DUPLICATE,DUPLICATE,1.0,112.15,1,0.0,0.0,0.8,Correct Match
C0031,C0032,DUPLICATE,DUPLICATE,0.3167,61.25,1,0.8,0.0,0.6608,Correct Match
C0031,C1687,DUPLICATE,DUPLICATE,0.3049,72.56,1,1.0,0.0,0.6667,Correct Match
C1112,C1234,NOT DUPLICATE,NOT DUPLICATE,1.0,339.28,1,0.8,0.0,0.54,Correct Match
C1696,C0772,DUPLICATE,DUPLICATE,0.436,127.83,1,1.0,0.0,0.6526,Correct Match
C1696,C0771,DUPLICATE,DUPLICATE,1.0,104.87,1,1.0,0.0,0.85,Correct Match
C0333,C0334,DUPLICATE,DUPLICATE,0.2037,75.42,1,0.0,0.0,0.5813,Correct Match
C1354,C1310,DUPLICATE,DUPLICATE,0.3946,73.66,1,1.0,0.0,0.6981,Correct Match
C1354,C0897,DUPLICATE,DUPLICATE,0.3946,149.97,1,0.5,0.0,0.6131,Correct Match
C1354,C0898,DUPLICATE,DUPLICATE,0.5433,112.93,1,1.0,0.0,0.6901,Correct Match
C0100,C0099,DUPLICATE,NOT DUPLICATE,0.1967,127.83,1,0.0,0.0,0.5189,False Negative
C0611,C0612,DUPLICATE,DUPLICATE,0.4037,111.58,1,1.0,0.0,0.6413,Correct Match
C0611,C1541,DUPLICATE,DUPLICATE,1.0,199.68,1,1.0,0.0,0.75,Correct Match
C0611,C1360,DUPLICATE,DUPLICATE,1.0,105.97,1,0.5,0.0,0.825,Correct Match
C1371,C1175,DUPLICATE,NOT DUPLICATE,0.2582,225.85,1,0.5,0.0,0.4654,False Negative
C1371,C1411,DUPLICATE,DUPLICATE,1.0,170.76,1,1.0,0.0,0.75,Correct Match
C1371,C1383,DUPLICATE,NOT DUPLICATE,0.3809,217.31,1,0.5,0.0,0.5083,False Negative
C1673,C1668,DUPLICATE,DUPLICATE,0.5501,65.22,1,0.5,0.0,0.7276,Correct Match
C1673,C1188,DUPLICATE,DUPLICATE,0.2381,63.44,1,1.0,0.0,0.6433,Correct Match
C0845,C0846,DUPLICATE,DUPLICATE,0.3946,110.54,1,1.0,0.0,0.6381,Correct Match
C0845,C0732,NOT DUPLICATE,DUPLICATE,0.5083,166.82,1,0.8,0.0,0.5679,False Positive
C0845,C0785,NOT DUPLICATE,DUPLICATE,1.0,325.83,1,1.0,0.0,0.55,False Positive
C0169,C0148,NOT DUPLICATE,DUPLICATE,0.2555,139.79,1,0.5,0.0,0.5644,False Positive
C0169,C0170,DUPLICATE,DUPLICATE,0.5396,48.65,1,0.0,0.0,0.6989,Correct Match
C0904,C0903,DUPLICATE,DUPLICATE,0.5433,28.05,1,0.5,0.0,0.7651,Correct Match
C1645,C1259,DUPLICATE,DUPLICATE,0.3823,78.04,1,1.0,0.0,0.6938,Correct Match
C1645,C1554,DUPLICATE,DUPLICATE,0.4073,36.41,1,1.0,0.0,0.7025,Correct Match
C1314,C1294,DUPLICATE,DUPLICATE,0.436,66.05,1,0.0,0.0,0.6626,Correct Match
C1314,C0943,DUPLICATE,DUPLICATE,0.4509,35.18,1,1.0,0.0,0.7178,Correct Match
C1314,C1646,DUPLICATE,DUPLICATE,0.436,60.12,1,1.0,0.0,0.7126,Correct Match
C1314,C0944,DUPLICATE,DUPLICATE,0.4509,37.59,1,0.0,0.0,0.6678,Correct Match
C1314,C0750,NOT DUPLICATE,NOT DUPLICATE,0.4073,218.8,1,0.8,0.0,0.5325,Correct Match
C1314,C0749,NOT DUPLICATE,DUPLICATE,1.0,204.16,1,0.0,0.0,0.7,False Positive
C0679,C0680,DUPLICATE,DUPLICATE,0.3036,41.8,1,0.8,0.0,0.6563,Correct Match
C1678,C1203,DUPLICATE,DUPLICATE,0.3214,29.56,1,0.5,0.0,0.6875,Correct Match
C1038,C1254,DUPLICATE,DUPLICATE,0.291,114.22,1,1.0,0.0,0.6018,Correct Match
C0519,C0520,DUPLICATE,DUPLICATE,0.3603,107.37,1,0.5,0.0,0.6011,Correct Match
C0995,C1252,NOT DUPLICATE,DUPLICATE,1.0,161.0,1,0.8,0.0,0.74,False Positive
C0995,C0824,NOT DUPLICATE,DUPLICATE,0.3473,126.43,1,0.5,0.0,0.5966,False Positive
C0995,C0823,NOT DUPLICATE,DUPLICATE,1.0,44.04,1,1.0,0.0,0.91,False Positive
C0995,C0510,NOT DUPLICATE,DUPLICATE,1.0,186.15,1,0.0,0.0,0.7,False Positive
C0995,C0996,DUPLICATE,DUPLICATE,0.3682,70.05,1,0.0,0.0,0.6389,Correct Match
C0995,C0509,NOT DUPLICATE,DUPLICATE,1.0,203.62,1,0.8,0.0,0.74,False Positive
C0995,C1460,NOT DUPLICATE,DUPLICATE,0.3682,106.36,1,0.0,0.0,0.5789,False Positive
C0033,C0034,DUPLICATE,DUPLICATE,1.0,80.17,1,0.8,0.0,0.84,Correct Match
C1132,C1562,DUPLICATE,NOT DUPLICATE,0.2579,119.94,1,0.0,0.0,0.5403,False Negative
C1132,C1747,DUPLICATE,DUPLICATE,1.0,245.53,1,0.5,0.0,0.725,Correct Match
C1132,C1364,DUPLICATE,DUPLICATE,1.0,196.43,1,0.0,0.0,0.7,Correct Match
C1117,C1495,DUPLICATE,DUPLICATE,0.2726,32.17,1,1.0,0.0,0.6554,Correct Match
C0702,C0701,DUPLICATE,DUPLICATE,0.5433,45.56,1,0.5,0.0,0.7251,Correct Match
C0865,C1403,DUPLICATE,DUPLICATE,0.4538,25.6,1,0.5,0.0,0.7338,Correct Match
C0865,C0866,DUPLICATE,DUPLICATE,1.0,106.14,1,1.0,0.0,0.85,Correct Match
C0865,C1315,DUPLICATE,DUPLICATE,0.5234,48.76,1,0.8,1.0,0.7832,Correct Match
C0890,C0889,DUPLICATE,DUPLICATE,0.3161,130.25,1,1.0,0.0,0.6106,Correct Match
C0221,C0222,DUPLICATE,DUPLICATE,0.261,102.06,1,0.5,0.0,0.5664,Correct Match
C0186,C0185,DUPLICATE,DUPLICATE,0.3014,35.09,1,0.8,0.0,0.6555,Correct Match
C0186,C1428,DUPLICATE,DUPLICATE,0.2037,13.23,1,1.0,0.0,0.6713,Correct Match
C0186,C1634,DUPLICATE,DUPLICATE,0.2959,33.7,1,0.8,0.0,0.6536,Correct Match
C0486,C0485,DUPLICATE,DUPLICATE,0.2845,88.05,1,0.5,0.0,0.5746,Correct Match
C0940,C0939,DUPLICATE,DUPLICATE,0.3162,149.93,1,1.0,0.0,0.6107,Correct Match
C0940,C1727,DUPLICATE,DUPLICATE,0.5641,75.27,1,1.0,0.0,0.7574,Correct Match
C0240,C1517,DUPLICATE,NOT DUPLICATE,0.3643,171.21,1,0.5,0.0,0.5025,False Negative
C0240,C0239,DUPLICATE,DUPLICATE,0.1569,64.81,1,0.0,0.0,0.5649,Correct Match
C0045,C0046,DUPLICATE,DUPLICATE,0.3942,26.05,1,0.5,0.0,0.713,Correct Match
C0045,C1299,DUPLICATE,NOT DUPLICATE,0.1569,92.24,1,0.0,0.0,0.5049,False Negative
C0211,C0212,DUPLICATE,DUPLICATE,0.2959,88.53,1,0.5,0.0,0.5786,Correct Match
C1563,C1245,NOT DUPLICATE,DUPLICATE,0.6082,72.87,1,0.5,0.0,0.7479,False Positive
C1563,C1223,DUPLICATE,DUPLICATE,1.0,179.26,1,0.8,0.0,0.74,Correct Match
C1563,C1671,DUPLICATE,DUPLICATE,0.3214,88.74,1,0.5,0.0,0.5875,Correct Match
C0372,C0371,DUPLICATE,DUPLICATE,1.0,15.68,1,0.8,0.0,0.94,Correct Match
C0372,C1305,DUPLICATE,DUPLICATE,0.2749,55.32,1,0.5,0.0,0.6312,Correct Match
C0862,C0861,DUPLICATE,DUPLICATE,0.3161,73.66,1,0.0,0.0,0.6206,Correct Match
C0495,C0496,DUPLICATE,DUPLICATE,0.3049,56.45,1,1.0,0.0,0.6667,Correct Match
C0495,C1316,DUPLICATE,DUPLICATE,0.3027,62.09,1,1.0,0.0,0.6659,Correct Match
C0060,C0059,DUPLICATE,DUPLICATE,0.2555,82.58,1,1.0,0.0,0.5894,Correct Match
C0298,C0297,DUPLICATE,DUPLICATE,0.3027,110.82,1,0.8,0.0,0.5959,Correct Match
C0479,C0480,DUPLICATE,DUPLICATE,0.3027,71.37,1,1.0,0.0,0.6659,Correct Match
C0479,C1567,DUPLICATE,DUPLICATE,0.3027,73.94,1,1.0,0.0,0.6659,Correct Match
C0768,C0767,DUPLICATE,DUPLICATE,0.9717,17.36,1,1.0,0.0,0.9401,Correct Match
C1738,C1209,DUPLICATE,DUPLICATE,0.3447,77.44,1,0.0,0.0,0.6306,Correct Match
C0937,C0938,DUPLICATE,DUPLICATE,0.4509,78.98,1,0.8,0.0,0.7078,Correct Match
C0937,C1621,DUPLICATE,DUPLICATE,1.0,46.56,1,1.0,0.0,0.91,Correct Match
C1175,C1411,DUPLICATE,DUPLICATE,0.2582,84.02,1,0.5,0.0,0.5654,Correct Match
C1175,C1383,DUPLICATE,DUPLICATE,0.3656,52.47,1,1.0,0.0,0.688,Correct Match
C1525,C0434,DUPLICATE,DUPLICATE,0.2555,71.68,1,1.0,0.0,0.6494,Correct Match
C0124,C0375,NOT DUPLICATE,DUPLICATE,1.0,279.61,1,0.8,0.0,0.64,False Positive
C0124,C1625,DUPLICATE,NOT DUPLICATE,0.4297,173.12,1,0.5,0.0,0.5254,False Negative
C0124,C0123,DUPLICATE,DUPLICATE,0.2845,65.31,1,1.0,0.0,0.6596,Correct Match
C0276,C0275,DUPLICATE,DUPLICATE,0.4005,90.81,1,1.0,0.0,0.6402,Correct Match
C1001,C1409,DUPLICATE,DUPLICATE,0.3042,76.63,1,0.5,0.0,0.6415,Correct Match
C0482,C1392,DUPLICATE,DUPLICATE,0.2988,94.02,1,1.0,0.0,0.6046,Correct Match
C0482,C0481,DUPLICATE,DUPLICATE,0.2171,41.49,1,0.5,0.0,0.611,Correct Match
C0482,C1307,DUPLICATE,DUPLICATE,0.2895,86.52,1,1.0,0.0,0.6013,Correct Match
C1444,C0443,DUPLICATE,DUPLICATE,0.3942,84.4,1,0.5,0.0,0.613,Correct Match
C1444,C0444,DUPLICATE,DUPLICATE,0.1569,33.46,1,1.0,1.0,0.6649,Correct Match
C0304,C0303,DUPLICATE,DUPLICATE,0.2749,46.26,1,0.0,0.0,0.6062,Correct Match
C0451,C0209,NOT DUPLICATE,DUPLICATE,1.0,121.59,1,1.0,0.0,0.85,False Positive
C0451,C0452,DUPLICATE,DUPLICATE,1.0,53.09,1,0.0,0.0,0.86,Correct Match
C0451,C1343,DUPLICATE,DUPLICATE,0.2845,78.12,1,0.0,0.0,0.6096,Correct Match
C0451,C1749,NOT DUPLICATE,NOT DUPLICATE,0.4297,172.62,1,0.0,0.0,0.5004,Correct Match
C0451,C1425,NOT DUPLICATE,DUPLICATE,1.0,218.12,1,0.5,0.0,0.725,False Positive
C0942,C0941,DUPLICATE,DUPLICATE,0.4073,80.29,1,1.0,0.0,0.6425,Correct Match
C0942,C0834,NOT DUPLICATE,DUPLICATE,1.0,212.33,1,0.8,0.0,0.74,False Positive
C0332,C1626,DUPLICATE,NOT DUPLICATE,0.2171,117.79,1,0.0,0.0,0.526,False Negative
C0332,C1570,DUPLICATE,DUPLICATE,0.2895,103.7,1,0.0,0.0,0.5513,Correct Match
C0332,C0331,DUPLICATE,DUPLICATE,1.0,39.47,1,0.8,0.0,0.9,Correct Match
C1499,C1320,DUPLICATE,DUPLICATE,1.0,144.52,1,0.8,0.0,0.84,Correct Match
C1499,C1185,DUPLICATE,DUPLICATE,0.5501,129.06,1,1.0,0.0,0.6926,Correct Match
C1329,C0073,DUPLICATE,DUPLICATE,0.2988,90.0,1,0.0,0.0,0.5546,Correct Match
C0975,C0976,DUPLICATE,DUPLICATE,0.4033,115.63,1,0.0,0.0,0.5911,Correct Match
C0671,C1413,DUPLICATE,DUPLICATE,0.436,130.07,1,0.5,0.0,0.6276,Correct Match
C0671,C0672,DUPLICATE,DUPLICATE,0.4509,58.86,1,0.5,0.0,0.6928,Correct Match
C0317,C1555,DUPLICATE,DUPLICATE,1.0,104.0,1,0.5,0.0,0.825,Correct Match
C0317,C0318,DUPLICATE,DUPLICATE,0.2706,37.98,1,0.5,0.0,0.6297,Correct Match
C0835,C0836,DUPLICATE,DUPLICATE,0.6889,54.79,1,0.0,0.0,0.7511,Correct Match
C1014,C1415,DUPLICATE,DUPLICATE,0.4189,17.81,1,0.8,0.0,0.7366,Correct Match
C0068,C1638,DUPLICATE,DUPLICATE,0.2706,73.65,1,1.0,0.0,0.6547,Correct Match
C0068,C0067,DUPLICATE,DUPLICATE,1.0,69.35,1,0.0,0.0,0.86,Correct Match
C0545,C1561,DUPLICATE,DUPLICATE,1.0,77.41,1,0.8,0.0,0.9,Correct Match
C0545,C0546,DUPLICATE,DUPLICATE,0.4505,52.68,1,0.5,0.0,0.6927,Correct Match
C0545,C1258,DUPLICATE,DUPLICATE,0.4505,77.08,1,0.8,0.0,0.7077,Correct Match
C0125,C0126,DUPLICATE,DUPLICATE,0.2456,41.02,1,0.5,0.0,0.621,Correct Match
C1636,C1540,DUPLICATE,DUPLICATE,0.3027,141.0,1,1.0,0.0,0.6059,Correct Match
C1636,C0040,DUPLICATE,DUPLICATE,0.3942,112.58,1,0.5,0.0,0.613,Correct Match
C1636,C0039,DUPLICATE,DUPLICATE,0.3027,136.34,1,0.5,0.0,0.5809,Correct Match
C0755,C0756,DUPLICATE,DUPLICATE,0.3161,99.32,1,1.0,0.0,0.6106,Correct Match
C1550,C1090,NOT DUPLICATE,NOT DUPLICATE,0.3913,187.31,1,1.0,0.0,0.537,Correct Match
C1550,C1225,DUPLICATE,DUPLICATE,0.2391,81.47,1,1.0,0.0,0.5837,Correct Match
C1279,C1616,DUPLICATE,DUPLICATE,0.6889,80.85,1,0.8,0.0,0.7311,Correct Match
C1279,C0825,DUPLICATE,DUPLICATE,0.436,84.3,1,0.0,0.0,0.6026,Correct Match
C1279,C0826,DUPLICATE,DUPLICATE,1.0,50.0,1,0.0,0.0,0.86,Correct Match
C1230,C1448,DUPLICATE,DUPLICATE,1.0,79.5,1,1.0,0.0,0.91,Correct Match
C1400,C1180,DUPLICATE,DUPLICATE,0.3214,59.91,1,1.0,0.0,0.6725,Correct Match
C1400,C1469,DUPLICATE,DUPLICATE,0.3042,79.28,1,1.0,0.0,0.6665,Correct Match
C1660,C0556,DUPLICATE,DUPLICATE,0.4392,88.35,1,0.8,0.0,0.6437,Correct Match
C1660,C0555,DUPLICATE,DUPLICATE,1.0,80.12,1,0.0,0.0,0.8,Correct Match
C1660,C0836,NOT DUPLICATE,NOT DUPLICATE,0.4509,224.37,1,0.0,0.0,0.5078,Correct Match
C1660,C1333,DUPLICATE,DUPLICATE,1.0,158.5,1,0.8,0.0,0.74,Correct Match
C0290,C0289,DUPLICATE,DUPLICATE,0.3167,19.73,1,0.5,0.0,0.6858,Correct Match
C0577,C1702,DUPLICATE,DUPLICATE,1.0,116.8,1,0.8,0.0,0.84,Correct Match
C0577,C1566,DUPLICATE,DUPLICATE,0.9717,102.79,1,1.0,0.0,0.8401,Correct Match
C0577,C0578,DUPLICATE,DUPLICATE,0.436,32.47,1,1.0,0.0,0.7126,Correct Match
C1675,C0133,DUPLICATE,DUPLICATE,0.1818,21.32,1,0.5,0.0,0.6386,Correct Match
C1675,C0134,DUPLICATE,NOT DUPLICATE,0.3027,181.89,1,0.0,0.0,0.4559,False Negative
C0163,C1698,DUPLICATE,DUPLICATE,0.1569,36.68,1,1.0,0.0,0.6149,Correct Match
C0163,C0164,DUPLICATE,DUPLICATE,0.1967,106.74,1,1.0,0.0,0.5689,Correct Match
C0234,C0233,DUPLICATE,DUPLICATE,0.2845,90.61,1,0.5,0.0,0.5746,Correct Match
C0234,C1724,DUPLICATE,DUPLICATE,0.5396,50.22,1,0.0,0.0,0.6989,Correct Match
C1502,C0606,DUPLICATE,DUPLICATE,0.5083,63.81,1,0.0,0.0,0.6879,Correct Match
C1502,C1665,DUPLICATE,DUPLICATE,0.3161,43.91,1,0.0,0.0,0.6206,Correct Match
C1502,C0605,DUPLICATE,DUPLICATE,0.3946,11.62,1,0.0,0.0,0.6881,Correct Match
C0487,C0488,DUPLICATE,DUPLICATE,0.3027,26.22,1,0.8,0.0,0.6959,Correct Match
C0487,C1265,DUPLICATE,DUPLICATE,0.3942,11.0,1,1.0,0.0,0.738,Correct Match
C0615,C0616,DUPLICATE,DUPLICATE,0.3946,27.69,1,0.5,0.0,0.7131,Correct Match
C1437,C1419,DUPLICATE,DUPLICATE,0.3014,51.85,1,0.5,0.0,0.6405,Correct Match
C1437,C0121,DUPLICATE,DUPLICATE,0.4297,45.32,1,0.0,0.0,0.6604,Correct Match
C1437,C0122,DUPLICATE,DUPLICATE,0.3839,20.02,1,1.0,0.0,0.7343,Correct Match
C1543,C0203,DUPLICATE,DUPLICATE,0.276,80.0,1,0.8,0.0,0.6466,Correct Match
C0483,C0484,DUPLICATE,DUPLICATE,0.3027,116.12,1,0.5,0.0,0.5809,Correct Match
C0483,C1519,DUPLICATE,DUPLICATE,1.0,147.31,1,0.5,0.0,0.825,Correct Match
C0939,C1727,DUPLICATE,NOT DUPLICATE,0.3161,181.76,1,1.0,0.0,0.5106,False Negative
C1626,C1570,DUPLICATE,DUPLICATE,0.1818,24.49,1,1.0,0.0,0.6636,Correct Match
C1626,C0331,DUPLICATE,DUPLICATE,0.2171,91.57,1,0.5,0.0,0.551,Correct Match
C0899,C0900,DUPLICATE,DUPLICATE,0.3162,49.04,1,0.8,0.0,0.6607,Correct Match
C0775,C0776,DUPLICATE,DUPLICATE,0.4392,8.83,1,0.5,0.0,0.7287,Correct Match
C0241,C1318,DUPLICATE,DUPLICATE,0.2654,32.94,1,0.5,0.0,0.6279,Correct Match
C0241,C0242,DUPLICATE,DUPLICATE,1.0,45.81,1,0.8,0.0,0.9,Correct Match
C1596,C0249,DUPLICATE,NOT DUPLICATE,0.2037,107.03,1,0.5,0.0,0.5463,False Negative
C1596,C0250,DUPLICATE,DUPLICATE,0.3167,114.1,1,1.0,0.0,0.6108,Correct Match
C0271,C0272,DUPLICATE,DUPLICATE,0.5396,75.01,1,0.0,0.0,0.6989,Correct Match
C0906,C0905,DUPLICATE,DUPLICATE,0.4068,91.38,1,0.8,0.0,0.6324,Correct Match
C0947,C0948,DUPLICATE,DUPLICATE,0.4068,63.6,1,0.5,0.0,0.6774,Correct Match
C1490,C0769,DUPLICATE,DUPLICATE,0.3335,55.11,1,1.0,0.0,0.6767,Correct Match
C1490,C0770,DUPLICATE,DUPLICATE,0.3682,73.95,1,0.8,0.0,0.6789,Correct Match
C1616,C0825,DUPLICATE,DUPLICATE,0.5433,36.3,1,0.0,0.0,0.7001,Correct Match
C1616,C0826,DUPLICATE,DUPLICATE,0.6889,33.46,1,0.0,0.0,0.7511,Correct Match
C0621,C1404,DUPLICATE,DUPLICATE,0.4033,40.22,1,1.0,0.0,0.7011,Correct Match
C0621,C1472,DUPLICATE,DUPLICATE,0.4037,17.34,1,0.8,0.0,0.7313,Correct Match
C0621,C1501,DUPLICATE,DUPLICATE,0.4037,57.73,1,1.0,0.0,0.7013,Correct Match
C0260,C1573,NOT DUPLICATE,NOT DUPLICATE,1.0,336.69,1,0.0,0.0,0.5,Correct Match
C0260,C0259,DUPLICATE,DUPLICATE,1.0,22.51,1,0.0,0.0,0.9,Correct Match
C0052,C0051,DUPLICATE,DUPLICATE,0.3167,81.44,1,1.0,0.0,0.6108,Correct Match
C0340,C1488,DUPLICATE,NOT DUPLICATE,0.2654,173.92,1,0.0,0.0,0.4429,False Negative
C0340,C0339,DUPLICATE,NOT DUPLICATE,0.1818,94.54,1,0.0,0.0,0.5136,False Negative
C0340,C1366,DUPLICATE,DUPLICATE,1.0,96.79,1,0.5,0.0,0.825,Correct Match
C0340,C1475,DUPLICATE,DUPLICATE,0.2959,48.24,1,1.0,0.0,0.6636,Correct Match
C1367,C1303,DUPLICATE,NOT DUPLICATE,0.2877,156.49,1,0.5,0.0,0.4757,False Negative
C1367,C1128,DUPLICATE,DUPLICATE,0.2391,52.71,1,1.0,0.0,0.6437,Correct Match
C0415,C0416,DUPLICATE,DUPLICATE,0.3027,51.11,1,1.0,0.0,0.6659,Correct Match
C0415,C1565,DUPLICATE,DUPLICATE,0.3027,34.78,1,1.0,1.0,0.7159,Correct Match
C0415,C1493,DUPLICATE,DUPLICATE,0.261,131.54,1,1.0,0.0,0.5914,Correct Match
C0415,C1267,DUPLICATE,DUPLICATE,0.261,35.36,1,0.8,0.0,0.6414,Correct Match
C0383,C1731,NOT DUPLICATE,NOT DUPLICATE,0.3942,165.44,1,0.8,0.0,0.528,Correct Match
C0383,C1693,NOT DUPLICATE,NOT DUPLICATE,0.3942,204.83,1,0.5,0.0,0.513,Correct Match
C0383,C0349,NOT DUPLICATE,DUPLICATE,0.4005,95.35,1,0.0,0.0,0.5902,False Positive
C0383,C0350,NOT DUPLICATE,DUPLICATE,0.2654,109.39,1,0.8,0.0,0.5829,False Positive
C0383,C1552,NOT DUPLICATE,DUPLICATE,0.3942,75.24,1,1.0,0.0,0.698,False Positive
C0412,C0411,DUPLICATE,DUPLICATE,0.1818,75.89,1,0.5,0.0,0.5986,Correct Match
C1666,C0441,DUPLICATE,DUPLICATE,0.2895,41.79,1,0.0,0.0,0.6113,Correct Match
C1666,C1266,DUPLICATE,NOT DUPLICATE,0.2988,162.86,1,0.0,1.0,0.5046,False Negative
C1666,C0442,DUPLICATE,DUPLICATE,0.3839,37.66,1,0.8,0.0,0.6843,Correct Match
C1553,C0568,DUPLICATE,DUPLICATE,0.4033,95.18,1,0.0,0.0,0.5911,Correct Match
C1553,C0567,DUPLICATE,DUPLICATE,0.9717,133.34,1,0.0,0.0,0.7901,Correct Match
C1553,C1393,DUPLICATE,DUPLICATE,0.4556,133.77,1,0.5,0.0,0.6345,Correct Match
C0463,C0464,DUPLICATE,DUPLICATE,0.3643,47.35,1,0.8,0.0,0.6775,Correct Match
C0494,C1624,DUPLICATE,NOT DUPLICATE,0.4005,198.35,1,0.0,0.0,0.4902,False Negative
C0494,C1568,NOT DUPLICATE,NOT DUPLICATE,1.0,336.65,1,0.0,0.0,0.5,Correct Match
C0494,C0493,DUPLICATE,DUPLICATE,0.4005,100.57,1,0.0,0.0,0.5902,Correct Match
C0142,C0141,DUPLICATE,DUPLICATE,0.3839,107.49,1,1.0,0.0,0.6343,Correct Match
C0142,C1729,DUPLICATE,DUPLICATE,1.0,109.36,1,0.8,0.0,0.84,Correct Match
C0591,C0592,DUPLICATE,DUPLICATE,0.3161,108.42,1,0.8,0.0,0.6006,Correct Match
C1632,C1648,DUPLICATE,DUPLICATE,0.3045,56.66,1,1.0,0.0,0.6666,Correct Match
C1632,C1332,DUPLICATE,DUPLICATE,0.2579,87.72,1,0.5,1.0,0.6153,Correct Match
C1632,C1137,DUPLICATE,DUPLICATE,0.2726,107.33,1,0.5,0.0,0.5704,Correct Match
C0991,C0992,DUPLICATE,DUPLICATE,0.4509,116.33,1,0.0,0.0,0.6078,Correct Match
C0185,C1428,DUPLICATE,DUPLICATE,0.3167,46.42,1,0.8,0.0,0.6608,Correct Match
C0185,C1634,DUPLICATE,DUPLICATE,0.4297,2.25,1,0.5,0.0,0.7254,Correct Match
C1575,C0894,DUPLICATE,DUPLICATE,0.5234,53.71,1,0.5,0.0,0.7182,Correct Match
C0245,C0246,DUPLICATE,DUPLICATE,1.0,50.15,1,0.8,0.0,0.9,Correct Match
C0245,C1298,DUPLICATE,DUPLICATE,0.2845,43.5,1,1.0,0.0,0.6596,Correct Match
C0367,C1458,DUPLICATE,DUPLICATE,1.0,63.07,1,0.5,0.0,0.885,Correct Match
C1630,C0740,DUPLICATE,DUPLICATE,0.4686,88.0,1,0.5,0.0,0.639,Correct Match
C1630,C0739,DUPLICATE,DUPLICATE,0.6889,88.61,1,0.0,0.0,0.6911,Correct Match
C0870,C0869,DUPLICATE,DUPLICATE,0.4538,73.85,1,0.5,0.0,0.6938,Correct Match
C0576,C0575,DUPLICATE,DUPLICATE,0.9717,117.64,1,0.5,0.0,0.8151,Correct Match
C1296,C0405,DUPLICATE,NOT DUPLICATE,0.2654,91.92,1,0.0,0.0,0.5429,False Negative
C1698,C0164,DUPLICATE,DUPLICATE,0.3942,111.85,1,1.0,0.0,0.638,Correct Match
C1262,C0678,DUPLICATE,DUPLICATE,0.3036,74.4,1,0.5,0.0,0.6413,Correct Match
C1262,C0677,DUPLICATE,DUPLICATE,0.3161,33.41,1,0.8,0.0,0.6606,Correct Match
C1262,C1474,DUPLICATE,DUPLICATE,0.3161,63.38,1,1.0,0.0,0.6706,Correct Match
C1145,C1652,DUPLICATE,DUPLICATE,0.2582,71.11,1,0.0,0.0,0.6004,Correct Match
C1145,C1518,DUPLICATE,DUPLICATE,0.3656,77.7,1,1.0,0.0,0.688,Correct Match
C0395,C1273,DUPLICATE,DUPLICATE,0.2171,51.6,1,0.8,0.0,0.626,Correct Match
C0395,C0396,DUPLICATE,DUPLICATE,0.5396,16.48,1,0.8,0.0,0.7789,Correct Match
C0395,C1569,DUPLICATE,DUPLICATE,1.0,52.89,1,1.0,0.0,0.91,Correct Match
C1079,C1641,DUPLICATE,NOT DUPLICATE,0.2083,85.37,1,0.5,0.0,0.5479,False Negative
C1079,C1703,DUPLICATE,DUPLICATE,0.3232,51.4,1,0.5,0.0,0.6481,Correct Match
C1212,C1260,DUPLICATE,DUPLICATE,0.2579,36.62,1,0.0,0.0,0.6003,Correct Match
C1471,C1094,DUPLICATE,DUPLICATE,0.3037,50.58,1,0.5,0.0,0.6413,Correct Match
C0723,C0724,DUPLICATE,DUPLICATE,0.3335,29.77,1,0.5,0.0,0.6917,Correct Match
C0171,C0172,DUPLICATE,DUPLICATE,0.2734,14.23,1,0.5,0.0,0.6707,Correct Match
C0171,C1373,DUPLICATE,DUPLICATE,0.3014,18.21,1,0.8,0.0,0.6955,Correct Match
C0932,C0931,DUPLICATE,DUPLICATE,0.3603,54.69,1,0.8,0.0,0.6761,Correct Match
C0932,C1414,DUPLICATE,DUPLICATE,0.3603,82.54,1,0.8,0.0,0.6161,Correct Match
C0821,C0822,DUPLICATE,DUPLICATE,0.3682,111.3,1,0.5,0.0,0.6039,Correct Match
C0821,C1328,DUPLICATE,DUPLICATE,0.4686,15.47,1,1.0,0.0,0.764,Correct Match
C0916,C0915,DUPLICATE,DUPLICATE,0.4509,73.19,1,0.8,0.0,0.7078,Correct Match
C0301,C0302,DUPLICATE,DUPLICATE,0.2959,108.83,1,0.0,0.0,0.5536,Correct Match
C1638,C0067,DUPLICATE,NOT DUPLICATE,0.2706,118.58,1,0.0,0.0,0.5447,False Negative
C0375,C1625,NOT DUPLICATE,DUPLICATE,0.4297,246.62,1,0.5,1.0,0.5754,False Positive
C0375,C0376,DUPLICATE,DUPLICATE,0.2845,121.19,1,0.5,0.0,0.5746,Correct Match
C1447,C0019,DUPLICATE,DUPLICATE,0.1569,27.14,1,0.0,0.0,0.6049,Correct Match
C1447,C0020,DUPLICATE,DUPLICATE,0.3643,33.28,1,0.5,0.0,0.6625,Correct Match
C1702,C1566,DUPLICATE,DUPLICATE,0.9717,57.6,1,0.8,0.0,0.8901,Correct Match
C1702,C0578,DUPLICATE,DUPLICATE,0.436,149.26,1,0.5,0.0,0.6276,Correct Match
C0484,C1519,DUPLICATE,DUPLICATE,0.3027,80.93,1,1.0,0.0,0.6059,Correct Match
C1357,C1319,DUPLICATE,DUPLICATE,0.2809,52.15,1,0.5,0.0,0.6333,Correct Match
C1357,C1066,DUPLICATE,DUPLICATE,0.4649,37.83,1,0.8,0.0,0.7127,Correct Match
C1357,C1295,DUPLICATE,DUPLICATE,0.2809,50.95,1,0.8,0.0,0.6483,Correct Match
C1309,C0588,DUPLICATE,DUPLICATE,0.3036,39.22,1,1.0,0.0,0.6663,Correct Match
C1309,C0587,DUPLICATE,DUPLICATE,0.3162,57.97,1,0.0,0.0,0.6207,Correct Match
C0799,C0800,DUPLICATE,DUPLICATE,0.9717,44.8,1,0.5,0.0,0.8751,Correct Match
C0799,C0794,NOT DUPLICATE,DUPLICATE,1.0,340.08,1,1.0,0.0,0.55,False Positive
C0799,C1391,DUPLICATE,DUPLICATE,0.4392,50.52,1,1.0,0.0,0.7137,Correct Match
C1327,C0307,DUPLICATE,DUPLICATE,0.2988,96.58,1,0.0,0.0,0.5546,Correct Match
C1327,C0308,DUPLICATE,DUPLICATE,0.3839,99.89,1,0.5,0.0,0.6093,Correct Match
C0353,C0354,DUPLICATE,DUPLICATE,0.3839,90.11,1,1.0,0.0,0.6343,Correct Match
C0353,C1497,DUPLICATE,DUPLICATE,0.2555,17.95,1,0.8,0.0,0.6794,Correct Match
C1600,C0021,DUPLICATE,DUPLICATE,1.0,80.04,1,1.0,0.0,0.85,Correct Match
C1600,C0022,DUPLICATE,DUPLICATE,0.1569,41.57,1,0.5,0.0,0.5899,Correct Match
C0176,C0175,DUPLICATE,DUPLICATE,0.261,15.76,1,1.0,0.0,0.6914,Correct Match
C1625,C0342,NOT DUPLICATE,DUPLICATE,1.0,296.07,1,1.0,0.0,0.65,False Positive
C1625,C0123,DUPLICATE,NOT DUPLICATE,0.2734,142.07,1,0.0,0.0,0.5457,False Negative
C0523,C0524,DUPLICATE,DUPLICATE,0.3682,89.85,1,0.0,0.0,0.5789,Correct Match
C0728,C1293,DUPLICATE,DUPLICATE,0.4156,82.72,1,0.0,0.0,0.5955,Correct Match
C0728,C0727,DUPLICATE,DUPLICATE,0.4538,123.49,1,0.5,0.0,0.6338,Correct Match
C0399,C0400,DUPLICATE,DUPLICATE,0.261,67.97,1,0.5,0.0,0.6264,Correct Match
C0399,C1582,DUPLICATE,DUPLICATE,0.1967,29.8,1,1.0,0.0,0.6689,Correct Match
C1713,C0474,DUPLICATE,DUPLICATE,0.4005,112.94,1,0.5,0.0,0.6152,Correct Match
C1713,C1531,DUPLICATE,NOT DUPLICATE,0.1569,182.62,1,0.5,0.0,0.4299,False Negative
C1713,C0473,DUPLICATE,DUPLICATE,0.2555,96.53,1,0.8,0.0,0.5794,Correct Match
C0620,C0619,DUPLICATE,DUPLICATE,0.4156,29.77,1,0.0,0.0,0.6955,Correct Match
C0199,C0200,DUPLICATE,DUPLICATE,0.3167,46.45,1,0.8,0.0,0.6608,Correct Match
C0016,C1491,DUPLICATE,DUPLICATE,0.3839,26.23,1,0.5,0.0,0.7093,Correct Match
C0016,C1334,DUPLICATE,DUPLICATE,0.3839,144.56,1,0.0,0.0,0.5843,Correct Match
C0016,C0015,DUPLICATE,DUPLICATE,0.3049,69.2,1,1.0,0.0,0.6667,Correct Match
C0266,C1407,DUPLICATE,DUPLICATE,0.4005,45.54,1,0.8,0.0,0.6902,Correct Match
C0266,C0265,DUPLICATE,DUPLICATE,0.276,60.9,1,1.0,0.0,0.6566,Correct Match
C0266,C1592,DUPLICATE,DUPLICATE,0.4005,38.22,1,0.0,0.0,0.6502,Correct Match
C0531,C1538,DUPLICATE,DUPLICATE,0.4686,60.4,1,0.8,0.0,0.714,Correct Match
C0531,C0532,DUPLICATE,DUPLICATE,1.0,59.32,1,1.0,0.0,0.91,Correct Match
C0531,C1451,DUPLICATE,DUPLICATE,0.3161,99.13,1,0.5,0.0,0.5856,Correct Match
C0661,C0662,DUPLICATE,DUPLICATE,0.4073,64.24,1,0.0,0.0,0.6525,Correct Match
C0661,C1431,DUPLICATE,DUPLICATE,0.3603,133.03,1,0.8,0.0,0.6161,Correct Match
C0783,C1599,DUPLICATE,DUPLICATE,0.4033,81.98,1,0.0,0.0,0.5911,Correct Match
C0783,C0784,DUPLICATE,DUPLICATE,0.3036,88.41,1,1.0,0.0,0.6063,Correct Match
C1147,C1680,DUPLICATE,DUPLICATE,0.3447,69.32,1,0.5,0.0,0.6556,Correct Match
C1147,C1466,DUPLICATE,DUPLICATE,0.291,64.95,1,0.8,0.0,0.6518,Correct Match
C1147,C1338,DUPLICATE,DUPLICATE,0.3045,65.82,1,0.5,0.0,0.6416,Correct Match
C1147,C1397,DUPLICATE,DUPLICATE,0.3037,76.53,1,0.5,1.0,0.6913,Correct Match
C0705,C0706,DUPLICATE,DUPLICATE,0.3946,36.36,1,0.5,0.0,0.6731,Correct Match
C0705,C1378,DUPLICATE,DUPLICATE,0.4686,84.62,1,0.5,0.0,0.639,Correct Match
C0705,C1542,DUPLICATE,DUPLICATE,0.3946,99.91,1,0.8,0.0,0.6281,Correct Match
C0439,C0440,DUPLICATE,DUPLICATE,0.3942,49.74,1,0.5,0.0,0.673,Correct Match
C0439,C0274,NOT DUPLICATE,DUPLICATE,0.1967,149.66,1,1.0,0.0,0.5689,False Positive
C0716,C1618,DUPLICATE,DUPLICATE,0.3161,24.07,1,0.8,0.0,0.7006,Correct Match
C0716,C0715,DUPLICATE,DUPLICATE,0.5083,87.16,1,0.5,0.0,0.6529,Correct Match
C1263,C0337,DUPLICATE,DUPLICATE,0.3027,31.82,1,0.0,0.0,0.6159,Correct Match
C1263,C0338,DUPLICATE,DUPLICATE,0.3003,118.93,1,0.0,0.0,0.5551,Correct Match
C0496,C1316,DUPLICATE,DUPLICATE,0.3014,72.38,1,1.0,0.0,0.6655,Correct Match
C0535,C0536,DUPLICATE,NOT DUPLICATE,0.4156,154.06,1,0.0,0.0,0.4955,False Negative
C0535,C1453,DUPLICATE,DUPLICATE,0.5083,94.32,1,1.0,0.0,0.6779,Correct Match
C0536,C1453,DUPLICATE,DUPLICATE,0.3161,87.28,1,0.0,0.0,0.5606,Correct Match
C1555,C0429,NOT DUPLICATE,NOT DUPLICATE,1.0,327.82,1,0.8,0.0,0.54,Correct Match
C1555,C0318,DUPLICATE,DUPLICATE,0.2706,66.92,1,1.0,0.0,0.6547,Correct Match
C0941,C0834,NOT DUPLICATE,NOT DUPLICATE,0.4073,220.06,1,0.8,0.0,0.5325,Correct Match
C1341,C1288,DUPLICATE,DUPLICATE,1.0,52.86,1,0.8,0.0,0.9,Correct Match
C1341,C1239,DUPLICATE,DUPLICATE,0.4189,138.42,1,1.0,0.0,0.6466,Correct Match
C0421,C0422,DUPLICATE,DUPLICATE,0.261,48.15,1,0.5,0.0,0.6264,Correct Match
C1584,C0156,DUPLICATE,DUPLICATE,0.2734,11.48,1,0.0,0.0,0.6457,Correct Match
C1584,C0155,DUPLICATE,DUPLICATE,0.2706,66.87,1,1.0,0.0,0.6547,Correct Match
C0311,C0312,DUPLICATE,DUPLICATE,0.261,31.96,1,0.0,0.0,0.6014,Correct Match
C0057,C1464,DUPLICATE,DUPLICATE,0.5396,70.24,1,0.8,0.0,0.7389,Correct Match
C0057,C0058,DUPLICATE,DUPLICATE,1.0,28.25,1,1.0,0.0,0.95,Correct Match
C1226,C1283,DUPLICATE,DUPLICATE,0.2809,130.51,1,0.5,0.0,0.5733,Correct Match
C0515,C1558,NOT DUPLICATE,DUPLICATE,1.0,39.59,1,0.5,0.0,0.885,False Positive
C0515,C0516,DUPLICATE,DUPLICATE,0.9717,66.77,1,0.5,0.0,0.8751,Correct Match
C0515,C0522,NOT DUPLICATE,DUPLICATE,0.4037,49.75,1,0.0,0.0,0.6513,False Positive
C0515,C0521,NOT DUPLICATE,DUPLICATE,0.4509,36.13,1,0.5,0.0,0.6928,False Positive
C0515,C1585,DUPLICATE,DUPLICATE,0.4392,54.37,1,0.5,0.0,0.6887,Correct Match
C1320,C1185,DUPLICATE,DUPLICATE,0.5501,65.63,1,0.8,0.0,0.7426,Correct Match
C0044,C0043,DUPLICATE,DUPLICATE,0.4005,79.55,1,0.0,0.0,0.6502,Correct Match
C0101,C0102,DUPLICATE,DUPLICATE,0.2706,76.31,1,0.8,0.0,0.6447,Correct Match
C0101,C1399,DUPLICATE,DUPLICATE,1.0,76.17,1,0.0,0.0,0.86,Correct Match
C1306,C0569,DUPLICATE,DUPLICATE,0.3162,25.81,1,0.5,0.0,0.6857,Correct Match
C1306,C0570,DUPLICATE,DUPLICATE,0.3162,85.3,1,0.8,0.0,0.6007,Correct Match
C0354,C1497,DUPLICATE,DUPLICATE,0.3643,72.16,1,1.0,0.0,0.6875,Correct Match
C0102,C1399,DUPLICATE,DUPLICATE,0.2706,0.74,1,0.5,0.0,0.6697,Correct Match
C0108,C0107,DUPLICATE,DUPLICATE,0.3049,71.95,1,1.0,0.0,0.6667,Correct Match
C1346,C1633,DUPLICATE,DUPLICATE,0.2734,101.79,1,0.5,0.0,0.5707,Correct Match
C1346,C0401,DUPLICATE,DUPLICATE,0.3167,40.01,1,0.8,0.0,0.6608,Correct Match
C1346,C0402,DUPLICATE,DUPLICATE,0.3167,29.37,1,0.0,0.0,0.6608,Correct Match
C1731,C1693,DUPLICATE,DUPLICATE,1.0,45.1,1,1.0,0.0,0.91,Correct Match
C1731,C0349,DUPLICATE,DUPLICATE,0.3003,92.15,1,0.5,0.0,0.5801,Correct Match
C1731,C0350,DUPLICATE,DUPLICATE,0.3027,61.46,1,0.5,0.0,0.6409,Correct Match
C1731,C1552,DUPLICATE,DUPLICATE,1.0,98.06,1,0.8,0.0,0.84,Correct Match
C1392,C0481,DUPLICATE,DUPLICATE,0.2037,59.05,1,0.5,0.0,0.6063,Correct Match
C1392,C1307,DUPLICATE,DUPLICATE,0.2706,56.04,1,0.8,0.0,0.6447,Correct Match
C0833,C0834,DUPLICATE,DUPLICATE,0.4509,87.18,1,1.0,0.0,0.6578,Correct Match
C1413,C0672,DUPLICATE,DUPLICATE,0.9717,116.48,1,1.0,0.0,0.8401,Correct Match
C0938,C1621,DUPLICATE,DUPLICATE,0.4509,47.52,1,0.8,0.0,0.7078,Correct Match
C1624,C0208,NOT DUPLICATE,DUPLICATE,1.0,203.94,1,0.0,0.0,0.7,False Positive
C1624,C1568,NOT DUPLICATE,NOT DUPLICATE,0.4005,164.44,1,0.5,0.0,0.5152,Correct Match
C1624,C0207,NOT DUPLICATE,DUPLICATE,1.0,206.09,1,0.8,0.0,0.74,False Positive
C1624,C0493,DUPLICATE,DUPLICATE,1.0,152.89,1,0.8,0.0,0.74,Correct Match
C0129,C0130,DUPLICATE,DUPLICATE,0.1818,125.12,1,0.8,0.0,0.5536,Correct Match
C0416,C1565,DUPLICATE,DUPLICATE,1.0,85.0,1,1.0,0.0,0.85,Correct Match
C0416,C1493,DUPLICATE,NOT DUPLICATE,0.2037,182.44,1,1.0,0.0,0.4713,False Negative
C0416,C1267,DUPLICATE,DUPLICATE,0.2037,80.47,1,0.8,0.0,0.5613,Correct Match
C1256,C0025,DUPLICATE,DUPLICATE,0.3942,93.24,1,0.0,0.0,0.588,Correct Match
C1256,C0026,DUPLICATE,NOT DUPLICATE,0.3027,156.28,1,0.0,0.0,0.4559,False Negative
C0472,C0471,DUPLICATE,DUPLICATE,0.3942,52.38,1,0.5,0.0,0.673,Correct Match
C0472,C1647,DUPLICATE,DUPLICATE,0.2555,71.81,1,0.5,0.0,0.6244,Correct Match
C0568,C0567,DUPLICATE,DUPLICATE,0.4037,38.2,1,1.0,0.0,0.7013,Correct Match
C0568,C1393,DUPLICATE,DUPLICATE,0.3682,54.57,1,0.5,0.0,0.6639,Correct Match
C0882,C0881,DUPLICATE,DUPLICATE,0.4509,116.05,1,0.8,0.0,0.6478,Correct Match
C0902,C0901,DUPLICATE,NOT DUPLICATE,0.4156,195.09,1,0.5,0.0,0.5205,False Negative
C0902,C1725,DUPLICATE,DUPLICATE,0.4073,65.88,1,0.5,0.0,0.6775,Correct Match
C0409,C0410,DUPLICATE,DUPLICATE,0.2988,62.16,1,0.8,0.0,0.6546,Correct Match
C0583,C1287,DUPLICATE,DUPLICATE,0.4538,108.56,1,0.5,0.0,0.6338,Correct Match
C0539,C0540,DUPLICATE,DUPLICATE,0.3946,108.42,1,1.0,0.0,0.6381,Correct Match
C1340,C1076,DUPLICATE,DUPLICATE,0.2877,49.98,1,1.0,0.0,0.6607,Correct Match
C1030,C1711,DUPLICATE,DUPLICATE,0.3045,109.57,1,1.0,0.0,0.6066,Correct Match
C1044,C1682,DUPLICATE,DUPLICATE,0.3037,41.75,1,0.5,0.0,0.6413,Correct Match
C1433,C0229,DUPLICATE,DUPLICATE,0.2749,114.71,1,0.5,0.0,0.5712,Correct Match
C1433,C0230,DUPLICATE,DUPLICATE,0.2749,144.59,1,0.5,0.0,0.5712,Correct Match
C1433,C1551,DUPLICATE,DUPLICATE,0.3167,144.8,1,0.0,0.0,0.5608,Correct Match
C1351,C0093,DUPLICATE,DUPLICATE,0.2734,55.43,1,0.0,0.0,0.6057,Correct Match
C1351,C0094,DUPLICATE,DUPLICATE,0.1967,71.27,1,0.0,0.0,0.5789,Correct Match
C0800,C0794,NOT DUPLICATE,NOT DUPLICATE,0.9717,322.69,1,0.5,0.0,0.5151,Correct Match
C0800,C1391,DUPLICATE,DUPLICATE,0.4556,48.88,1,0.5,0.0,0.6945,Correct Match
C1446,C1612,DUPLICATE,DUPLICATE,0.2877,27.25,1,0.8,0.0,0.6907,Correct Match
C1446,C1361,DUPLICATE,DUPLICATE,0.2877,119.52,1,1.0,0.0,0.6007,Correct Match
C1446,C1195,DUPLICATE,DUPLICATE,0.3048,91.46,1,0.5,0.0,0.5817,Correct Match
C1446,C1216,NOT DUPLICATE,DUPLICATE,0.3048,58.12,1,0.0,0.0,0.6167,False Positive
C0840,C0839,DUPLICATE,DUPLICATE,1.0,82.55,1,1.0,0.0,0.85,Correct Match
C0549,C1325,DUPLICATE,DUPLICATE,0.4538,54.59,1,0.0,0.0,0.6688,Correct Match
C0549,C0550,DUPLICATE,DUPLICATE,1.0,86.61,1,1.0,0.0,0.85,Correct Match
C0549,C1530,DUPLICATE,DUPLICATE,0.4538,99.21,1,0.8,0.0,0.6488,Correct Match
C0440,C0273,NOT DUPLICATE,DUPLICATE,0.2749,135.23,1,0.5,0.0,0.5712,False Positive
C0440,C0274,NOT DUPLICATE,NOT DUPLICATE,0.1569,115.7,1,0.5,0.0,0.5299,Correct Match
C0427,C0428,DUPLICATE,DUPLICATE,1.0,63.0,1,0.0,0.0,0.86,Correct Match
C0227,C0228,DUPLICATE,DUPLICATE,0.3643,128.34,1,1.0,0.0,0.6275,Correct Match
C0232,C1478,DUPLICATE,NOT DUPLICATE,0.261,169.61,1,0.8,0.0,0.4814,False Negative
C0232,C0231,DUPLICATE,DUPLICATE,0.3003,49.99,1,0.5,0.0,0.6401,Correct Match
C0713,C0714,DUPLICATE,DUPLICATE,0.9717,64.22,1,0.0,0.0,0.8501,Correct Match
C0713,C1276,DUPLICATE,DUPLICATE,0.4556,78.02,1,0.5,0.0,0.6945,Correct Match
C1489,C1509,DUPLICATE,DUPLICATE,1.0,16.46,1,1.0,0.0,0.95,Correct Match
C0558,C1685,DUPLICATE,DUPLICATE,1.0,60.12,1,0.5,0.0,0.885,Correct Match
C0558,C1359,DUPLICATE,DUPLICATE,0.4538,82.29,1,0.5,0.0,0.6338,Correct Match
C0558,C0557,DUPLICATE,DUPLICATE,0.5083,51.45,1,1.0,0.0,0.7379,Correct Match
C1358,C1032,NOT DUPLICATE,NOT DUPLICATE,0.3913,200.84,1,0.8,0.0,0.527,Correct Match
C1358,C1218,DUPLICATE,DUPLICATE,0.2391,81.2,1,0.5,0.0,0.5587,Correct Match
C1358,C1605,DUPLICATE,DUPLICATE,0.2381,70.09,1,0.5,0.0,0.6183,Correct Match
C0267,C0268,DUPLICATE,DUPLICATE,0.3643,91.62,1,0.0,0.0,0.5775,Correct Match
C0267,C1746,DUPLICATE,NOT DUPLICATE,0.2654,143.41,1,0.0,0.0,0.5429,False Negative
C0149,C0150,DUPLICATE,DUPLICATE,0.2706,88.65,1,0.5,0.0,0.5697,Correct Match
C1418,C0831,DUPLICATE,DUPLICATE,0.4505,78.99,1,0.0,0.0,0.6677,Correct Match
C1418,C1718,DUPLICATE,DUPLICATE,0.4033,61.59,1,1.0,1.0,0.7511,Correct Match
C1418,C0832,DUPLICATE,DUPLICATE,0.5234,136.99,1,0.5,0.0,0.6582,Correct Match
C0562,C0561,DUPLICATE,DUPLICATE,1.0,97.19,1,0.5,0.0,0.825,Correct Match
C0655,C0656,DUPLICATE,DUPLICATE,0.3335,89.34,1,0.0,0.0,0.5667,Correct Match
C1377,C0753,DUPLICATE,DUPLICATE,0.4392,107.2,1,0.0,0.0,0.6037,Correct Match
C1377,C0754,DUPLICATE,DUPLICATE,0.4556,109.27,1,0.8,0.0,0.6495,Correct Match
C0307,C0308,DUPLICATE,DUPLICATE,0.3167,67.95,1,0.0,0.0,0.6208,Correct Match
C0193,C0194,DUPLICATE,DUPLICATE,0.1818,53.7,1,0.0,0.0,0.5736,Correct Match
C0779,C0780,DUPLICATE,DUPLICATE,0.4556,91.94,1,0.5,0.0,0.6345,Correct Match
C0310,C0309,DUPLICATE,DUPLICATE,1.0,45.37,1,0.5,0.0,0.885,Correct Match
C0310,C1504,DUPLICATE,DUPLICATE,0.276,68.72,1,0.5,0.0,0.6316,Correct Match
C1394,C0326,DUPLICATE,DUPLICATE,0.276,56.3,1,0.5,0.0,0.6316,Correct Match
C0064,C1573,DUPLICATE,DUPLICATE,1.0,31.11,1,0.8,0.0,0.9,Correct Match
C0064,C0259,NOT DUPLICATE,NOT DUPLICATE,1.0,333.81,1,0.8,0.0,0.54,Correct Match
C0064,C0063,DUPLICATE,DUPLICATE,0.3014,55.38,1,1.0,0.0,0.6655,Correct Match
C1741,C1405,DUPLICATE,DUPLICATE,0.3036,106.85,1,1.0,0.0,0.6063,Correct Match
C1741,C0510,DUPLICATE,DUPLICATE,0.4556,122.57,1,0.5,0.0,0.6345,Correct Match
C1741,C0996,NOT DUPLICATE,NOT DUPLICATE,0.4033,229.92,1,0.8,0.0,0.5311,Correct Match
C1741,C0509,DUPLICATE,DUPLICATE,0.4556,80.18,1,0.0,0.0,0.6095,Correct Match
C0721,C0722,DUPLICATE,NOT DUPLICATE,0.5433,150.32,1,0.0,0.0,0.5401,False Negative
C0974,C0973,DUPLICATE,DUPLICATE,0.4538,69.84,1,0.5,0.0,0.6938,Correct Match
C0781,C0782,DUPLICATE,DUPLICATE,0.3036,65.2,1,0.0,0.0,0.6163,Correct Match
C0781,C1653,DUPLICATE,DUPLICATE,0.4556,27.92,1,0.8,0.0,0.7495,Correct Match
C0847,C0848,DUPLICATE,DUPLICATE,1.0,166.85,1,0.8,0.0,0.74,Correct Match
C0614,C1312,DUPLICATE,DUPLICATE,0.4068,109.95,1,0.0,0.0,0.5924,Correct Match
C0614,C0613,DUPLICATE,DUPLICATE,0.4556,67.66,1,0.5,0.0,0.6945,Correct Match
C0480,C1567,DUPLICATE,DUPLICATE,1.0,46.93,1,1.0,0.0,0.91,Correct Match
C1121,C1579,DUPLICATE,DUPLICATE,0.3045,98.92,1,1.0,0.0,0.6066,Correct Match
C1121,C1602,DUPLICATE,DUPLICATE,0.3042,127.88,1,0.0,0.0,0.5565,Correct Match
C1560,C1129,DUPLICATE,DUPLICATE,0.2579,97.66,1,0.5,0.0,0.5653,Correct Match
C1405,C0824,NOT DUPLICATE,DUPLICATE,1.0,290.76,1,0.8,0.0,0.64,False Positive
C1405,C0823,NOT DUPLICATE,NOT DUPLICATE,0.3473,208.49,1,0.8,0.0,0.5116,Correct Match
C1405,C0510,DUPLICATE,DUPLICATE,0.3473,111.48,1,0.5,0.0,0.5966,Correct Match
C1405,C0996,NOT DUPLICATE,DUPLICATE,0.4505,124.61,1,0.8,0.0,0.6477,False Positive
C1405,C0509,DUPLICATE,DUPLICATE,0.3473,30.96,1,0.5,0.0,0.6566,Correct Match
C1405,C1460,NOT DUPLICATE,NOT DUPLICATE,0.4505,228.72,1,0.8,0.0,0.5477,Correct Match
C0219,C0220,DUPLICATE,DUPLICATE,0.4005,56.37,1,0.0,0.0,0.6502,Correct Match
C1539,C1417,DUPLICATE,DUPLICATE,0.3045,104.14,1,0.5,0.0,0.5816,Correct Match
C1539,C1043,DUPLICATE,DUPLICATE,0.3045,43.95,1,0.0,0.0,0.6166,Correct Match
C0287,C0288,DUPLICATE,DUPLICATE,0.3167,31.01,1,1.0,0.0,0.6708,Correct Match
C0287,C1669,DUPLICATE,DUPLICATE,0.3049,38.32,1,0.8,0.0,0.6567,Correct Match
C0803,C0804,DUPLICATE,DUPLICATE,0.4509,55.6,1,0.5,0.0,0.6928,Correct Match
C1404,C1472,DUPLICATE,DUPLICATE,0.9717,57.5,1,1.0,0.0,0.9001,Correct Match
C1404,C1501,DUPLICATE,DUPLICATE,0.9717,97.91,1,1.0,0.0,0.8401,Correct Match
C1421,C1022,DUPLICATE,DUPLICATE,0.6082,78.61,1,1.0,0.0,0.7729,Correct Match
C0362,C0361,DUPLICATE,DUPLICATE,1.0,31.48,1,0.0,0.0,0.86,Correct Match
C0362,C1686,DUPLICATE,DUPLICATE,0.1967,117.78,1,0.8,0.0,0.5589,Correct Match
C1492,C1108,DUPLICATE,DUPLICATE,0.2579,56.83,1,1.0,0.0,0.6503,Correct Match
C0757,C0758,DUPLICATE,DUPLICATE,1.0,25.52,1,0.0,0.0,0.9,Correct Match
C1176,C1272,DUPLICATE,NOT DUPLICATE,0.2676,168.3,1,0.5,0.0,0.4687,False Negative
C0630,C0629,DUPLICATE,DUPLICATE,1.0,57.0,1,0.8,0.0,0.9,Correct Match
C1540,C0040,DUPLICATE,DUPLICATE,0.2654,44.34,1,0.5,1.0,0.6779,Correct Match
C1540,C0039,DUPLICATE,DUPLICATE,1.0,39.64,1,0.5,0.0,0.885,Correct Match
C0711,C0712,DUPLICATE,DUPLICATE,0.3162,29.07,1,0.8,0.0,0.7007,Correct Match
C1390,C0789,DUPLICATE,DUPLICATE,1.0,54.04,1,1.0,0.0,0.91,Correct Match
C1390,C0790,DUPLICATE,DUPLICATE,1.0,36.0,1,0.5,1.0,0.935,Correct Match
C1390,C1661,DUPLICATE,DUPLICATE,0.4509,107.99,1,0.5,0.0,0.6328,Correct Match
C0926,C0925,DUPLICATE,DUPLICATE,0.5433,47.92,1,1.0,0.0,0.7501,Correct Match
C0507,C0508,DUPLICATE,DUPLICATE,0.6889,193.02,1,0.0,0.0,0.5911,Correct Match
C0507,C0891,NOT DUPLICATE,DUPLICATE,0.3335,46.49,1,0.8,0.0,0.6667,False Positive
C0507,C1704,DUPLICATE,DUPLICATE,1.0,107.13,1,1.0,0.0,0.85,Correct Match
C0507,C0892,NOT DUPLICATE,DUPLICATE,0.4509,51.04,1,1.0,0.0,0.7178,False Positive
C0507,C1438,NOT DUPLICATE,DUPLICATE,0.6889,83.75,1,0.8,0.0,0.7311,False Positive
C1084,C1691,DUPLICATE,DUPLICATE,0.2676,51.59,1,1.0,0.0,0.6537,Correct Match
C1084,C1659,DUPLICATE,DUPLICATE,0.2676,70.06,1,0.0,0.0,0.6037,Correct Match
C1294,C0943,DUPLICATE,DUPLICATE,0.9717,36.43,1,0.0,0.0,0.8501,Correct Match
C1294,C1646,DUPLICATE,DUPLICATE,1.0,86.14,1,0.0,0.0,0.8,Correct Match
C1294,C0944,DUPLICATE,DUPLICATE,0.9717,43.82,1,1.0,1.0,0.9501,Correct Match
C1294,C0750,NOT DUPLICATE,NOT DUPLICATE,0.4538,172.93,1,0.0,0.0,0.5088,Correct Match
C1294,C0749,NOT DUPLICATE,DUPLICATE,0.436,147.15,1,1.0,0.0,0.6526,False Positive
C1618,C0715,DUPLICATE,DUPLICATE,0.4156,108.31,1,0.5,0.0,0.6205,Correct Match
C0843,C0844,DUPLICATE,DUPLICATE,0.4538,52.71,1,0.5,0.0,0.6938,Correct Match
C0778,C1619,DUPLICATE,DUPLICATE,0.4037,79.1,1,0.0,0.0,0.6513,Correct Match
C0778,C1578,DUPLICATE,DUPLICATE,0.3682,45.06,1,0.5,1.0,0.7139,Correct Match
C0778,C0777,DUPLICATE,DUPLICATE,0.3946,90.32,1,0.5,0.0,0.6131,Correct Match
C0943,C1646,DUPLICATE,DUPLICATE,0.9717,78.99,1,1.0,0.0,0.9001,Correct Match
C0943,C0944,DUPLICATE,DUPLICATE,1.0,37.65,1,0.0,0.0,0.86,Correct Match
C0943,C0750,NOT DUPLICATE,DUPLICATE,0.4538,185.29,1,1.0,0.0,0.5588,False Positive
C0943,C0749,NOT DUPLICATE,NOT DUPLICATE,0.4509,169.01,1,0.0,0.0,0.5078,Correct Match
C1590,C1707,DUPLICATE,DUPLICATE,0.4189,137.18,1,0.0,0.0,0.5966,Correct Match
C1590,C1020,DUPLICATE,DUPLICATE,0.2877,107.63,1,1.0,0.0,0.6007,Correct Match
C1635,C0967,DUPLICATE,DUPLICATE,0.3682,25.35,1,0.5,0.0,0.7039,Correct Match
C1635,C0968,DUPLICATE,DUPLICATE,0.4068,37.67,1,1.0,0.0,0.7024,Correct Match
C1743,C1142,DUPLICATE,DUPLICATE,0.3809,20.24,1,0.0,0.0,0.6833,Correct Match
C1443,C0342,DUPLICATE,DUPLICATE,0.2734,48.6,1,0.8,0.0,0.6457,Correct Match
C1443,C0341,DUPLICATE,NOT DUPLICATE,0.1569,109.63,1,0.0,0.0,0.5049,False Negative
C1443,C1347,DUPLICATE,DUPLICATE,0.1818,83.77,1,1.0,0.0,0.5636,Correct Match
C1240,C1656,DUPLICATE,DUPLICATE,0.3447,124.34,1,1.0,0.0,0.6206,Correct Match
C1240,C1290,DUPLICATE,DUPLICATE,0.3809,21.8,1,0.5,1.0,0.7583,Correct Match
C0793,C0794,DUPLICATE,DUPLICATE,0.4538,56.28,1,0.5,0.0,0.6938,Correct Match
C1511,C1055,DUPLICATE,DUPLICATE,0.4189,63.9,1,1.0,0.0,0.7066,Correct Match
C0278,C0277,DUPLICATE,DUPLICATE,0.3003,102.77,1,0.5,0.0,0.5801,Correct Match
C1488,C0339,DUPLICATE,DUPLICATE,0.1569,147.55,1,1.0,0.0,0.5549,Correct Match
C1488,C1366,DUPLICATE,DUPLICATE,0.2654,119.75,1,0.5,0.0,0.5679,Correct Match
C1488,C1475,DUPLICATE,NOT DUPLICATE,0.4005,202.09,1,0.0,0.0,0.4902,False Negative
C1612,C1361,DUPLICATE,DUPLICATE,1.0,99.95,1,0.8,0.0,0.84,Correct Match
C1612,C1195,DUPLICATE,DUPLICATE,0.3809,80.7,1,1.0,0.0,0.6333,Correct Match
C1612,C1216,NOT DUPLICATE,DUPLICATE,0.3809,64.28,1,0.5,0.0,0.6683,False Positive
C0359,C0157,NOT DUPLICATE,NOT DUPLICATE,1.0,342.04,1,0.8,0.0,0.54,Correct Match
C0359,C0360,DUPLICATE,DUPLICATE,1.0,76.46,1,0.5,0.0,0.885,Correct Match
C0945,C0946,DUPLICATE,DUPLICATE,0.4033,61.72,1,0.8,0.0,0.6911,Correct Match
C0945,C1480,DUPLICATE,DUPLICATE,0.4505,81.3,1,1.0,0.0,0.6577,Correct Match
C0237,C1745,DUPLICATE,DUPLICATE,0.3167,56.17,1,0.8,0.0,0.6608,Correct Match
C0237,C0457,NOT DUPLICATE,DUPLICATE,1.0,312.91,1,0.5,0.0,0.625,False Positive
C0965,C0966,DUPLICATE,DUPLICATE,0.4509,69.33,1,0.0,0.0,0.6678,Correct Match
C0965,C1591,DUPLICATE,DUPLICATE,0.4073,45.97,1,1.0,0.0,0.7025,Correct Match
C1685,C1359,DUPLICATE,DUPLICATE,0.4538,24.71,1,0.0,0.0,0.7088,Correct Match
C1685,C0557,DUPLICATE,DUPLICATE,0.5083,8.69,1,0.5,0.0,0.7529,Correct Match
C1503,C0977,DUPLICATE,DUPLICATE,0.5234,21.34,1,0.8,0.0,0.7732,Correct Match
C1503,C0978,DUPLICATE,DUPLICATE,0.5083,25.2,1,0.8,0.0,0.7679,Correct Match
C1503,C1642,DUPLICATE,DUPLICATE,0.4538,37.6,1,0.5,0.0,0.6938,Correct Match
C1651,C0517,DUPLICATE,DUPLICATE,0.3335,40.63,1,0.0,0.0,0.6267,Correct Match
C1651,C0518,DUPLICATE,DUPLICATE,0.4509,106.43,1,1.0,0.0,0.6578,Correct Match
C0209,C0452,NOT DUPLICATE,DUPLICATE,1.0,151.81,1,0.0,0.0,0.7,False Positive
C0209,C0210,DUPLICATE,DUPLICATE,0.2845,50.45,1,0.8,0.0,0.6496,Correct Match
C0209,C1749,DUPLICATE,DUPLICATE,0.4297,64.14,1,0.0,0.0,0.6604,Correct Match
C0209,C1425,DUPLICATE,DUPLICATE,1.0,145.4,1,0.5,0.0,0.825,Correct Match
C1558,C0516,NOT DUPLICATE,DUPLICATE,0.9717,42.57,1,1.0,0.0,0.9001,False Positive
C1558,C0522,DUPLICATE,DUPLICATE,0.4037,81.94,1,0.8,0.0,0.6313,Correct Match
C1558,C0521,DUPLICATE,DUPLICATE,0.4509,55.51,1,0.8,0.0,0.7078,Correct Match
C1558,C1585,NOT DUPLICATE,DUPLICATE,0.4392,30.15,1,1.0,0.0,0.7137,False Positive
C0608,C0607,DUPLICATE,DUPLICATE,0.5083,47.59,1,0.0,0.0,0.6879,Correct Match
C0608,C1699,DUPLICATE,DUPLICATE,0.4073,133.76,1,0.5,0.0,0.6175,Correct Match
C0608,C1463,DUPLICATE,DUPLICATE,0.4538,97.05,1,0.5,0.0,0.6338,Correct Match
C0608,C1658,DUPLICATE,DUPLICATE,0.5234,21.69,1,0.0,1.0,0.7832,Correct Match
C0530,C0529,DUPLICATE,DUPLICATE,0.5433,117.95,1,0.0,0.0,0.6401,Correct Match
C0530,C1574,DUPLICATE,DUPLICATE,0.3036,25.09,1,0.0,0.0,0.6563,Correct Match
C0530,C1439,DUPLICATE,DUPLICATE,0.5433,66.53,1,1.0,0.0,0.7501,Correct Match
C1387,C1291,DUPLICATE,DUPLICATE,0.4037,46.92,1,1.0,0.0,0.7013,Correct Match
C1387,C0855,DUPLICATE,DUPLICATE,0.4509,42.46,1,0.5,0.0,0.6928,Correct Match
C1387,C0593,NOT DUPLICATE,DUPLICATE,0.4392,169.3,1,1.0,0.0,0.5537,False Positive
C0612,C1541,DUPLICATE,DUPLICATE,0.4037,143.91,1,1.0,0.0,0.6413,Correct Match
C0612,C1360,DUPLICATE,DUPLICATE,0.4037,88.66,1,0.0,0.0,0.5913,Correct Match
C0980,C0979,DUPLICATE,DUPLICATE,1.0,118.93,1,0.0,0.0,0.8,Correct Match
C0980,C1420,DUPLICATE,DUPLICATE,0.5641,61.2,1,0.5,0.0,0.7324,Correct Match
C1381,C1002,DUPLICATE,NOT DUPLICATE,0.2742,221.06,1,1.0,0.0,0.496,False Negative
C1381,C1615,DUPLICATE,DUPLICATE,0.2582,114.31,1,1.0,0.0,0.5904,Correct Match
C0364,C0363,DUPLICATE,DUPLICATE,0.1818,5.62,1,0.0,0.0,0.6136,Correct Match
C0355,C0356,DUPLICATE,DUPLICATE,0.2706,43.61,1,0.0,0.0,0.6047,Correct Match
C0355,C1721,DUPLICATE,NOT DUPLICATE,0.261,202.0,1,0.8,0.0,0.4814,False Negative
C0966,C1591,DUPLICATE,DUPLICATE,0.4538,33.21,1,0.0,0.0,0.6688,Correct Match
C1403,C0866,DUPLICATE,DUPLICATE,0.4538,106.14,1,0.5,0.0,0.6338,Correct Match
C1403,C1315,DUPLICATE,DUPLICATE,0.4037,61.57,1,1.0,0.0,0.7013,Correct Match
C1588,C0363,NOT DUPLICATE,DUPLICATE,1.0,304.77,1,1.0,0.0,0.65,False Positive
C1588,C0173,DUPLICATE,DUPLICATE,0.2734,28.77,1,0.0,0.0,0.6457,Correct Match
C1588,C1607,DUPLICATE,NOT DUPLICATE,0.2734,108.23,1,0.0,0.0,0.5457,False Negative
C0556,C0555,DUPLICATE,DUPLICATE,0.4392,20.87,1,0.0,0.0,0.7037,Correct Match
C0556,C1333,DUPLICATE,DUPLICATE,0.4392,85.67,1,1.0,0.0,0.6537,Correct Match
C1608,C1178,DUPLICATE,DUPLICATE,0.3045,42.95,1,0.8,0.0,0.6566,Correct Match
C0708,C0707,DUPLICATE,DUPLICATE,0.5083,78.35,1,0.8,0.0,0.7279,Correct Match
C0708,C1426,DUPLICATE,DUPLICATE,0.4538,109.25,1,0.0,0.0,0.6088,Correct Match
C0293,C0294,DUPLICATE,DUPLICATE,1.0,61.71,1,0.5,0.0,0.885,Correct Match
C1676,C1099,DUPLICATE,DUPLICATE,0.3042,82.89,1,0.0,0.0,0.5565,Correct Match
C1717,C1051,DUPLICATE,DUPLICATE,0.2809,44.16,1,0.8,0.0,0.6483,Correct Match
C0644,C0643,DUPLICATE,DUPLICATE,0.4556,55.48,1,0.5,0.0,0.6945,Correct Match
C0119,C1739,DUPLICATE,DUPLICATE,0.3839,39.14,1,0.5,0.0,0.6693,Correct Match
C0119,C0120,DUPLICATE,DUPLICATE,0.3839,72.03,1,0.8,0.0,0.6843,Correct Match
C1101,C1587,DUPLICATE,DUPLICATE,0.3232,94.21,1,0.8,0.0,0.6031,Correct Match
C0603,C0604,DUPLICATE,DUPLICATE,0.3335,51.2,1,0.5,0.0,0.6517,Correct Match
C0514,C1470,DUPLICATE,DUPLICATE,0.4037,97.91,1,0.5,0.0,0.6163,Correct Match
C0514,C1278,DUPLICATE,DUPLICATE,0.3162,100.14,1,0.8,0.0,0.6007,Correct Match
C0514,C0513,DUPLICATE,DUPLICATE,0.4392,121.51,1,1.0,0.0,0.6537,Correct Match
C0082,C0081,DUPLICATE,DUPLICATE,0.3643,49.66,1,0.5,0.0,0.6625,Correct Match
C0571,C0572,DUPLICATE,DUPLICATE,1.0,52.2,1,0.5,0.0,0.885,Correct Match
C0381,C1441,DUPLICATE,DUPLICATE,1.0,68.15,1,1.0,0.0,0.91,Correct Match
C1541,C1360,DUPLICATE,DUPLICATE,1.0,94.07,1,0.0,0.0,0.8,Correct Match
C0085,C0086,DUPLICATE,DUPLICATE,0.2456,48.41,1,0.8,0.0,0.636,Correct Match
C1470,C1278,DUPLICATE,DUPLICATE,0.4505,23.68,1,0.8,0.0,0.7477,Correct Match
C1470,C0513,DUPLICATE,DUPLICATE,0.3682,62.83,1,0.5,0.0,0.6639,Correct Match
C1545,C0963,DUPLICATE,DUPLICATE,0.3603,20.16,1,0.5,0.0,0.7011,Correct Match
C1422,C0069,DUPLICATE,DUPLICATE,0.2988,70.18,1,0.5,0.0,0.6396,Correct Match
C1442,C1533,DUPLICATE,DUPLICATE,0.2171,55.16,1,0.0,0.0,0.586,Correct Match
C1442,C0264,DUPLICATE,DUPLICATE,0.3839,78.85,1,0.0,0.0,0.6443,Correct Match
C1442,C0263,DUPLICATE,DUPLICATE,0.5396,105.49,1,0.0,0.0,0.6389,Correct Match
C1533,C0264,DUPLICATE,DUPLICATE,0.3014,118.17,1,1.0,0.0,0.6055,Correct Match
C1533,C0263,DUPLICATE,NOT DUPLICATE,0.2959,160.64,1,1.0,0.0,0.5036,False Negative
C0760,C0759,DUPLICATE,DUPLICATE,0.6889,68.62,1,1.0,0.0,0.8011,Correct Match
C0452,C1343,DUPLICATE,DUPLICATE,0.2845,48.56,1,0.5,0.0,0.6346,Correct Match
C0452,C1749,NOT DUPLICATE,DUPLICATE,0.4297,188.81,1,1.0,0.0,0.5504,False Positive
C0452,C1425,NOT DUPLICATE,DUPLICATE,1.0,211.58,1,0.0,0.0,0.7,False Positive
C0491,C0492,DUPLICATE,DUPLICATE,0.3049,131.99,1,0.8,0.0,0.5967,Correct Match
C1291,C0855,DUPLICATE,DUPLICATE,0.3335,61.82,1,0.5,0.0,0.6517,Correct Match
C1291,C0593,NOT DUPLICATE,DUPLICATE,0.3682,124.17,1,0.8,0.0,0.6189,False Positive
C0288,C1669,DUPLICATE,DUPLICATE,0.261,51.86,1,0.8,0.0,0.6414,Correct Match
C1736,C0011,DUPLICATE,DUPLICATE,0.3014,21.8,1,0.0,0.0,0.6555,Correct Match
C1736,C0012,DUPLICATE,DUPLICATE,0.2171,23.65,1,0.5,0.0,0.651,Correct Match
C0555,C1333,DUPLICATE,DUPLICATE,1.0,106.19,1,0.0,0.0,0.8,Correct Match
C1075,C1589,DUPLICATE,DUPLICATE,0.2676,67.38,1,1.0,0.0,0.6537,Correct Match
C1023,C1709,DUPLICATE,NOT DUPLICATE,0.2083,84.02,1,0.5,0.0,0.5479,False Negative
C0328,C0327,DUPLICATE,DUPLICATE,0.3167,68.69,1,0.5,0.0,0.6458,Correct Match
C0610,C0609,DUPLICATE,DUPLICATE,0.5083,62.84,1,0.8,0.0,0.7279,Correct Match
C1680,C1466,DUPLICATE,DUPLICATE,0.3048,29.43,1,0.0,0.0,0.6567,Correct Match
C1680,C1338,DUPLICATE,NOT DUPLICATE,0.2582,89.57,1,0.0,0.0,0.5404,False Negative
C1680,C1397,DUPLICATE,DUPLICATE,0.2754,55.62,1,0.0,0.0,0.6064,Correct Match
C0917,C0918,DUPLICATE,DUPLICATE,0.4505,92.1,1,0.0,0.0,0.6077,Correct Match
C0694,C0693,DUPLICATE,DUPLICATE,0.4509,84.21,1,0.8,0.0,0.6478,Correct Match
C0694,C0992,NOT DUPLICATE,DUPLICATE,1.0,316.13,1,0.5,0.0,0.625,False Positive
C0178,C1326,DUPLICATE,DUPLICATE,0.2706,62.46,1,0.5,0.0,0.6297,Correct Match
C0178,C0177,DUPLICATE,DUPLICATE,0.3167,109.54,1,0.5,0.0,0.5858,Correct Match
C0178,C1639,DUPLICATE,DUPLICATE,0.2988,121.95,1,1.0,0.0,0.6046,Correct Match
C1581,C0949,DUPLICATE,DUPLICATE,0.3823,73.3,1,0.8,0.0,0.6838,Correct Match
C1342,C1222,DUPLICATE,DUPLICATE,0.2726,62.93,1,0.5,0.0,0.6304,Correct Match
C0087,C0088,DUPLICATE,DUPLICATE,0.2555,79.66,1,0.5,0.0,0.6244,Correct Match
C1656,C1290,DUPLICATE,DUPLICATE,0.2579,140.76,1,0.8,0.0,0.5803,Correct Match
C0458,C1345,DUPLICATE,NOT DUPLICATE,0.1818,100.7,1,0.5,0.0,0.5386,False Negative
C0458,C0457,DUPLICATE,DUPLICATE,0.2734,64.88,1,0.5,0.0,0.6307,Correct Match
C0055,C0056,DUPLICATE,DUPLICATE,0.2749,47.23,1,0.0,0.0,0.6062,Correct Match
C1311,C0283,DUPLICATE,DUPLICATE,0.3839,105.42,1,0.8,0.0,0.6243,Correct Match
C1311,C1734,DUPLICATE,DUPLICATE,0.2734,147.78,1,1.0,0.0,0.5957,Correct Match
C1311,C0284,DUPLICATE,DUPLICATE,0.2734,144.52,1,1.0,0.0,0.5957,Correct Match
C1311,C1496,DUPLICATE,DUPLICATE,0.3839,39.44,1,1.0,0.0,0.6943,Correct Match
C0114,C1281,DUPLICATE,DUPLICATE,0.2845,22.46,1,0.8,0.0,0.6896,Correct Match
C0114,C0113,DUPLICATE,DUPLICATE,0.2845,76.49,1,0.5,0.0,0.6346,Correct Match
C0772,C0771,DUPLICATE,DUPLICATE,0.436,28.24,1,1.0,0.0,0.7526,Correct Match
C0786,C0732,NOT DUPLICATE,NOT DUPLICATE,0.4538,218.42,1,0.0,0.0,0.5088,Correct Match
C0786,C0785,DUPLICATE,DUPLICATE,0.5641,78.65,1,0.5,0.0,0.7324,Correct Match
C0638,C0637,DUPLICATE,DUPLICATE,0.3335,34.97,1,1.0,0.0,0.6767,Correct Match
C1363,C0143,DUPLICATE,DUPLICATE,0.1967,28.93,1,0.5,0.0,0.6439,Correct Match
C1363,C0441,NOT DUPLICATE,DUPLICATE,1.0,322.36,1,1.0,0.0,0.55,False Positive
C1363,C0144,DUPLICATE,DUPLICATE,0.2734,87.07,1,1.0,0.0,0.5957,Correct Match
C0019,C0020,DUPLICATE,DUPLICATE,0.2734,42.33,1,1.0,0.0,0.6557,Correct Match
C0424,C1520,DUPLICATE,DUPLICATE,0.2734,96.48,1,1.0,0.0,0.5957,Correct Match
C1170,C1408,DUPLICATE,DUPLICATE,0.5501,65.07,1,0.0,0.0,0.7026,Correct Match
C0286,C0285,DUPLICATE,DUPLICATE,0.3839,38.93,1,0.5,0.0,0.6693,Correct Match
C1386,C0981,DUPLICATE,DUPLICATE,0.9717,15.65,1,0.0,0.0,0.8901,Correct Match
C1386,C0982,DUPLICATE,DUPLICATE,1.0,110.05,1,0.8,0.0,0.84,Correct Match
C1319,C1066,DUPLICATE,DUPLICATE,0.3048,14.57,1,0.8,0.0,0.6967,Correct Match
C1319,C1295,DUPLICATE,DUPLICATE,1.0,15.2,1,0.0,0.0,0.9,Correct Match
C0590,C0589,DUPLICATE,DUPLICATE,1.0,68.14,1,0.0,0.0,0.86,Correct Match
C0032,C1687,DUPLICATE,DUPLICATE,0.261,13.73,1,0.5,0.0,0.6664,Correct Match
C0742,C0741,DUPLICATE,DUPLICATE,0.3036,78.49,1,0.0,0.0,0.6163,Correct Match
C0782,C1653,DUPLICATE,DUPLICATE,0.3473,91.47,1,0.0,0.0,0.5716,Correct Match
C0215,C0216,DUPLICATE,DUPLICATE,0.4297,65.11,1,0.5,0.0,0.6854,Correct Match
C0753,C0754,DUPLICATE,DUPLICATE,0.9717,90.31,1,0.0,0.0,0.7901,Correct Match
C1164,C1548,DUPLICATE,NOT DUPLICATE,0.291,153.14,1,0.0,0.0,0.4518,False Negative
C1048,C1689,DUPLICATE,DUPLICATE,0.3042,117.73,1,0.8,0.0,0.5965,Correct Match
C0342,C0341,DUPLICATE,DUPLICATE,0.3643,72.08,1,0.5,0.0,0.6625,Correct Match
C0342,C1347,DUPLICATE,DUPLICATE,0.3014,78.61,1,0.8,0.0,0.6555,Correct Match
C0148,C0170,NOT DUPLICATE,DUPLICATE,0.4005,115.55,1,1.0,0.0,0.6402,False Positive
C0148,C0147,DUPLICATE,DUPLICATE,1.0,24.97,1,1.0,0.0,0.95,Correct Match
C0361,C1686,DUPLICATE,NOT DUPLICATE,0.1967,136.58,1,0.0,0.0,0.5189,False Negative
C0084,C0083,DUPLICATE,NOT DUPLICATE,0.2037,83.47,1,0.0,0.0,0.5213,False Negative
C0469,C1385,DUPLICATE,DUPLICATE,0.2037,107.76,1,1.0,0.0,0.5713,Correct Match
C0469,C0470,DUPLICATE,DUPLICATE,0.2037,64.0,1,0.5,0.0,0.6063,Correct Match
C0469,C1398,DUPLICATE,DUPLICATE,0.2037,119.37,1,0.8,0.0,0.5613,Correct Match
C0156,C0155,DUPLICATE,DUPLICATE,0.3167,57.67,1,0.5,0.0,0.6458,Correct Match
C1058,C1286,DUPLICATE,DUPLICATE,0.4649,94.5,1,0.8,0.0,0.6527,Correct Match
C1570,C0331,DUPLICATE,DUPLICATE,0.2895,72.43,1,0.5,0.0,0.6363,Correct Match
C1428,C1634,DUPLICATE,DUPLICATE,0.276,44.73,1,0.5,0.0,0.6316,Correct Match
C0501,C1455,DUPLICATE,DUPLICATE,0.4686,100.47,1,0.5,0.0,0.639,Correct Match
C0501,C0502,DUPLICATE,DUPLICATE,0.3161,79.52,1,0.5,0.0,0.6456,Correct Match
C0180,C0179,DUPLICATE,DUPLICATE,1.0,54.86,1,0.0,0.0,0.86,Correct Match
C0180,C1650,DUPLICATE,DUPLICATE,0.2734,44.53,1,0.5,0.0,0.6307,Correct Match
C0529,C1574,DUPLICATE,DUPLICATE,0.3161,127.13,1,1.0,0.0,0.6106,Correct Match
C0529,C1439,DUPLICATE,DUPLICATE,1.0,151.05,1,0.5,0.0,0.725,Correct Match
C0347,C1628,DUPLICATE,DUPLICATE,0.2734,89.56,1,0.5,0.0,0.5707,Correct Match
C0347,C0348,DUPLICATE,NOT DUPLICATE,0.2734,164.95,1,0.5,0.0,0.4707,False Negative
C1419,C0121,DUPLICATE,DUPLICATE,0.2959,75.09,1,0.5,0.0,0.6386,Correct Match
C1419,C0500,NOT DUPLICATE,DUPLICATE,1.0,309.45,1,0.5,0.0,0.625,False Positive
C1419,C0122,DUPLICATE,DUPLICATE,0.2171,68.88,1,0.8,0.0,0.626,Correct Match
C1081,C1349,DUPLICATE,DUPLICATE,0.3048,70.14,1,0.5,0.0,0.6417,Correct Match
C1434,C1322,DUPLICATE,DUPLICATE,0.2676,85.45,1,1.0,0.0,0.5937,Correct Match
C0602,C0601,DUPLICATE,DUPLICATE,0.3823,102.83,1,1.0,0.0,0.6338,Correct Match
C0244,C0243,DUPLICATE,DUPLICATE,0.2171,90.58,1,1.0,0.0,0.576,Correct Match
C0706,C1378,DUPLICATE,DUPLICATE,0.3682,58.67,1,1.0,0.0,0.6889,Correct Match
C0706,C1542,DUPLICATE,DUPLICATE,1.0,111.76,1,0.8,0.0,0.84,Correct Match
C0313,C1577,DUPLICATE,DUPLICATE,0.4005,140.82,1,0.5,0.0,0.6152,Correct Match
C0313,C0314,DUPLICATE,DUPLICATE,0.2845,22.71,1,0.5,0.0,0.6746,Correct Match
C0436,C0435,DUPLICATE,NOT DUPLICATE,0.2845,91.85,1,0.0,0.0,0.5496,False Negative
C1655,C0466,DUPLICATE,NOT DUPLICATE,0.3839,173.13,1,0.0,0.0,0.4843,False Negative
C0737,C0738,DUPLICATE,DUPLICATE,0.4068,69.2,1,1.0,0.0,0.7024,Correct Match
C0309,C1504,DUPLICATE,DUPLICATE,0.276,57.64,1,1.0,0.0,0.6566,Correct Match
C0431,C1300,DUPLICATE,NOT DUPLICATE,0.2749,81.92,1,0.0,0.0,0.5462,False Negative
C0431,C0432,DUPLICATE,DUPLICATE,0.276,62.93,1,0.0,0.0,0.6066,Correct Match
C0371,C1305,DUPLICATE,DUPLICATE,0.2749,39.66,1,0.8,0.0,0.6462,Correct Match
C0567,C1393,DUPLICATE,DUPLICATE,0.4392,47.59,1,0.5,0.0,0.6887,Correct Match
C1739,C0120,DUPLICATE,DUPLICATE,1.0,65.8,1,0.8,0.0,0.9,Correct Match
C0182,C1270,DUPLICATE,DUPLICATE,0.2555,107.23,1,0.8,0.0,0.5794,Correct Match
C0182,C0181,DUPLICATE,DUPLICATE,0.2171,87.11,1,1.0,0.0,0.576,Correct Match
C0182,C1410,DUPLICATE,DUPLICATE,0.2456,43.43,1,0.5,0.0,0.621,Correct Match
C0683,C0684,DUPLICATE,DUPLICATE,0.4156,38.93,1,0.0,0.0,0.6555,Correct Match
C1693,C0349,DUPLICATE,DUPLICATE,0.3003,137.17,1,0.8,0.0,0.5951,Correct Match
C1693,C0350,DUPLICATE,DUPLICATE,0.3027,95.98,1,0.0,0.0,0.5559,Correct Match
C1693,C1552,DUPLICATE,DUPLICATE,1.0,141.7,1,0.5,0.0,0.825,Correct Match
C0927,C1657,DUPLICATE,DUPLICATE,1.0,45.62,1,0.8,0.0,0.9,Correct Match
C0927,C1429,DUPLICATE,DUPLICATE,0.3682,43.35,1,0.8,0.0,0.6789,Correct Match
C0927,C0928,DUPLICATE,DUPLICATE,0.3682,47.15,1,0.0,0.0,0.6389,Correct Match
C1573,C0259,NOT DUPLICATE,NOT DUPLICATE,1.0,321.51,1,0.5,0.0,0.525,Correct Match
C1573,C0063,DUPLICATE,DUPLICATE,0.3014,25.91,1,0.5,0.0,0.6805,Correct Match
C1606,C0699,DUPLICATE,DUPLICATE,0.4068,98.49,1,0.8,0.0,0.6324,Correct Match
C1606,C0700,DUPLICATE,DUPLICATE,0.4538,137.98,1,0.8,0.0,0.6488,Correct Match
C1269,C0004,DUPLICATE,DUPLICATE,1.0,58.69,1,1.0,0.0,0.91,Correct Match
C1269,C0003,DUPLICATE,DUPLICATE,0.5396,87.75,1,1.0,0.0,0.6889,Correct Match
C0462,C0461,DUPLICATE,DUPLICATE,1.0,58.99,1,0.0,0.0,0.86,Correct Match
C0378,C0377,DUPLICATE,DUPLICATE,0.3027,22.26,1,0.0,0.0,0.6559,Correct Match
C0378,C1365,DUPLICATE,DUPLICATE,0.3003,143.96,1,0.8,0.0,0.5951,Correct Match
C0378,C0009,NOT DUPLICATE,NOT DUPLICATE,0.3049,215.85,1,1.0,0.0,0.5067,Correct Match
C0931,C1414,DUPLICATE,DUPLICATE,1.0,58.13,1,0.5,0.0,0.885,Correct Match
C0127,C0128,DUPLICATE,DUPLICATE,1.0,44.88,1,0.8,0.0,0.9,Correct Match
C0979,C1420,DUPLICATE,DUPLICATE,0.5641,98.29,1,0.8,0.0,0.6874,Correct Match
C1583,C1714,DUPLICATE,DUPLICATE,0.2742,24.72,1,1.0,0.0,0.696,Correct Match
C1583,C1416,DUPLICATE,DUPLICATE,0.2742,91.82,1,0.8,0.0,0.586,Correct Match
C1583,C1153,DUPLICATE,DUPLICATE,0.2742,28.75,1,0.5,0.0,0.671,Correct Match
C0356,C1721,DUPLICATE,NOT DUPLICATE,0.1967,234.1,1,0.5,0.0,0.4439,False Negative
C1423,C1104,DUPLICATE,DUPLICATE,0.2381,51.63,1,0.8,0.0,0.6333,Correct Match
C1472,C1501,DUPLICATE,DUPLICATE,1.0,40.41,1,0.8,0.0,0.9,Correct Match
C1417,C1043,DUPLICATE,DUPLICATE,1.0,60.94,1,0.5,0.0,0.885,Correct Match
C0210,C1343,NOT DUPLICATE,DUPLICATE,1.0,217.02,1,0.5,0.0,0.725,False Positive
C0210,C1749,DUPLICATE,DUPLICATE,0.2734,19.07,1,0.0,0.0,0.6457,Correct Match
C0210,C1425,DUPLICATE,DUPLICATE,0.2845,96.54,1,0.8,0.0,0.5896,Correct Match
C1374,C0065,DUPLICATE,DUPLICATE,0.4297,93.94,1,0.8,0.0,0.6404,Correct Match
C0141,C1729,DUPLICATE,NOT DUPLICATE,0.3839,172.41,1,0.8,0.0,0.5243,False Negative
C1252,C0824,DUPLICATE,DUPLICATE,0.3473,36.12,1,0.5,0.0,0.6566,Correct Match
C1252,C0823,DUPLICATE,DUPLICATE,1.0,117.57,1,1.0,0.0,0.85,Correct Match
C1252,C0510,NOT DUPLICATE,DUPLICATE,1.0,288.25,1,0.5,0.0,0.625,False Positive
C1252,C0996,NOT DUPLICATE,NOT DUPLICATE,0.3682,230.84,1,0.5,0.0,0.5039,Correct Match
C1252,C0509,NOT DUPLICATE,NOT DUPLICATE,1.0,349.74,1,0.5,0.0,0.525,Correct Match
C1252,C1460,DUPLICATE,DUPLICATE,0.3682,105.61,1,0.5,0.0,0.6039,Correct Match
C1378,C1542,DUPLICATE,NOT DUPLICATE,0.3682,170.21,1,0.5,0.0,0.5039,False Negative
C1345,C0457,DUPLICATE,DUPLICATE,0.3014,78.38,1,0.8,0.0,0.6555,Correct Match
C0707,C1426,DUPLICATE,DUPLICATE,0.5433,98.09,1,0.0,0.0,0.6401,Correct Match
C0681,C1476,DUPLICATE,DUPLICATE,0.9717,102.42,1,1.0,0.0,0.8401,Correct Match
C0681,C0682,DUPLICATE,DUPLICATE,0.436,40.76,1,1.0,0.0,0.7126,Correct Match
C0011,C0012,DUPLICATE,DUPLICATE,0.3839,3.3,1,0.8,0.0,0.7243,Correct Match
C0969,C0970,DUPLICATE,DUPLICATE,0.3473,51.61,1,0.8,0.0,0.6716,Correct Match
C0283,C1734,DUPLICATE,DUPLICATE,0.2895,45.42,1,0.5,0.0,0.6363,Correct Match
C0283,C0284,DUPLICATE,DUPLICATE,0.2895,60.01,1,0.8,0.0,0.6513,Correct Match
C0283,C1496,DUPLICATE,DUPLICATE,1.0,67.2,1,0.8,0.0,0.9,Correct Match
C0292,C0291,DUPLICATE,DUPLICATE,0.4297,27.82,1,1.0,0.0,0.7504,Correct Match
C0627,C0628,DUPLICATE,DUPLICATE,0.5083,95.94,1,0.5,0.0,0.6529,Correct Match
C0744,C0743,DUPLICATE,DUPLICATE,0.4509,29.93,1,0.8,0.0,0.7478,Correct Match
C0678,C0677,DUPLICATE,DUPLICATE,0.5433,105.4,1,1.0,0.0,0.6901,Correct Match
C0678,C1474,DUPLICATE,DUPLICATE,0.5433,25.36,1,0.5,0.0,0.7651,Correct Match
C0324,C1622,DUPLICATE,DUPLICATE,1.0,62.84,1,0.8,0.0,0.9,Correct Match
C0951,C0977,NOT DUPLICATE,NOT DUPLICATE,1.0,339.23,1,0.8,0.0,0.54,Correct Match
C0951,C1424,DUPLICATE,DUPLICATE,0.3682,60.74,1,0.8,0.0,0.6789,Correct Match
C0951,C0952,DUPLICATE,DUPLICATE,0.4505,62.25,1,0.5,0.0,0.6927,Correct Match
C1002,C1615,DUPLICATE,DUPLICATE,0.4649,114.47,1,1.0,0.0,0.6627,Correct Match
C1628,C0348,DUPLICATE,DUPLICATE,1.0,202.99,1,1.0,0.0,0.75,Correct Match
C1610,C0791,DUPLICATE,DUPLICATE,1.0,118.76,1,0.8,0.0,0.84,Correct Match
C1610,C0792,DUPLICATE,DUPLICATE,0.3603,125.09,1,1.0,0.0,0.6261,Correct Match
C1302,C1172,DUPLICATE,NOT DUPLICATE,0.2579,123.02,1,0.0,0.0,0.5403,False Negative
C1691,C1659,DUPLICATE,DUPLICATE,1.0,19.53,1,0.0,0.0,0.9,Correct Match
C0159,C1313,DUPLICATE,DUPLICATE,0.2749,141.02,1,0.8,0.0,0.5862,Correct Match
C0159,C0160,DUPLICATE,NOT DUPLICATE,0.276,94.62,1,0.0,0.0,0.5466,False Negative
C1506,C0374,DUPLICATE,DUPLICATE,1.0,42.53,1,0.0,0.0,0.86,Correct Match
C1506,C0373,DUPLICATE,DUPLICATE,0.2895,46.16,1,0.8,0.0,0.6513,Correct Match
C0635,C0636,DUPLICATE,DUPLICATE,0.4505,155.76,1,1.0,0.0,0.5577,Correct Match
C0517,C0518,DUPLICATE,DUPLICATE,0.4037,81.71,1,0.0,0.0,0.5913,Correct Match
C1245,C1223,NOT DUPLICATE,DUPLICATE,0.6082,231.48,1,1.0,0.0,0.6129,False Positive
C0196,C0195,DUPLICATE,DUPLICATE,0.3014,148.53,1,0.8,0.0,0.5955,Correct Match
C0196,C0435,NOT DUPLICATE,NOT DUPLICATE,0.4297,174.72,1,0.5,0.0,0.5254,Correct Match
C1508,C1027,DUPLICATE,DUPLICATE,0.3447,66.93,1,0.5,0.0,0.6556,Correct Match
C1508,C1595,DUPLICATE,DUPLICATE,0.3232,142.94,1,1.0,0.0,0.6131,Correct Match
C1359,C0557,DUPLICATE,DUPLICATE,0.5433,32.27,1,0.5,0.0,0.7251,Correct Match
C0097,C0098,DUPLICATE,DUPLICATE,0.3942,10.1,1,0.0,0.0,0.688,Correct Match
C0787,C0788,DUPLICATE,DUPLICATE,0.4509,54.3,1,1.0,0.0,0.7178,Correct Match
C1557,C1462,DUPLICATE,DUPLICATE,0.3045,69.92,1,0.8,0.0,0.6566,Correct Match
C1557,C1071,DUPLICATE,DUPLICATE,0.3045,37.85,1,1.0,0.0,0.6666,Correct Match
C0157,C0158,DUPLICATE,DUPLICATE,0.2456,25.65,1,0.8,0.0,0.676,Correct Match
C0420,C0419,DUPLICATE,DUPLICATE,0.2037,72.68,1,0.8,0.0,0.6213,Correct Match
C0858,C0857,DUPLICATE,DUPLICATE,0.9717,70.66,1,0.5,0.0,0.8751,Correct Match
C0478,C1275,DUPLICATE,DUPLICATE,0.2988,36.7,1,0.0,0.0,0.6146,Correct Match
C0478,C0477,DUPLICATE,DUPLICATE,0.5396,81.67,1,1.0,0.0,0.6889,Correct Match
C0478,C1695,DUPLICATE,DUPLICATE,0.2171,90.72,1,0.8,0.0,0.566,Correct Match
C0820,C1708,DUPLICATE,DUPLICATE,0.3603,15.69,1,0.5,0.0,0.7011,Correct Match
C0669,C1544,DUPLICATE,DUPLICATE,0.4538,31.06,1,0.0,0.0,0.6688,Correct Match
C0837,C0838,DUPLICATE,DUPLICATE,0.3823,89.84,1,0.0,0.0,0.5838,Correct Match
C0866,C1315,DUPLICATE,DUPLICATE,0.5234,65.05,1,0.5,0.0,0.7182,Correct Match
C0448,C0447,DUPLICATE,DUPLICATE,0.1818,35.38,1,0.5,0.0,0.5986,Correct Match
C1697,C0418,DUPLICATE,DUPLICATE,0.3014,9.79,1,0.5,0.0,0.6805,Correct Match
C1697,C1483,NOT DUPLICATE,DUPLICATE,0.2654,115.68,1,1.0,0.0,0.5929,False Positive
C0179,C1650,DUPLICATE,DUPLICATE,0.2734,33.1,1,0.0,0.0,0.6057,Correct Match
C0391,C0392,DUPLICATE,DUPLICATE,0.2895,53.2,1,0.0,0.0,0.6113,Correct Match
C0579,C0580,DUPLICATE,DUPLICATE,0.4037,56.01,1,0.0,0.0,0.6513,Correct Match
C1532,C1155,DUPLICATE,DUPLICATE,0.2877,82.44,1,0.5,0.0,0.5757,Correct Match
C0860,C0859,DUPLICATE,DUPLICATE,0.4392,113.93,1,0.0,0.0,0.6037,Correct Match
C0712,C0548,NOT DUPLICATE,NOT DUPLICATE,1.0,324.48,1,0.0,0.0,0.5,Correct Match
C0814,C0813,DUPLICATE,DUPLICATE,1.0,52.22,1,0.8,0.0,0.9,Correct Match
C0814,C0578,NOT DUPLICATE,DUPLICATE,0.6889,248.71,1,0.0,0.0,0.5911,False Positive
C0967,C0968,DUPLICATE,DUPLICATE,0.5234,62.96,1,0.8,0.0,0.7332,Correct Match
C1211,C1534,DUPLICATE,DUPLICATE,0.3214,71.73,1,0.5,0.0,0.6475,Correct Match
C1211,C1406,DUPLICATE,DUPLICATE,1.0,34.21,1,0.0,0.0,0.86,Correct Match
C0665,C0666,DUPLICATE,DUPLICATE,0.4538,62.23,1,0.8,0.0,0.7088,Correct Match
C0143,C0144,DUPLICATE,DUPLICATE,0.3049,86.21,1,0.5,0.0,0.5817,Correct Match
C1325,C0550,DUPLICATE,DUPLICATE,0.4538,131.89,1,0.0,0.0,0.6088,Correct Match
C1325,C1530,DUPLICATE,DUPLICATE,1.0,143.98,1,0.0,0.0,0.8,Correct Match
C1491,C1334,DUPLICATE,DUPLICATE,1.0,121.57,1,0.8,0.0,0.84,Correct Match
C1491,C0015,DUPLICATE,DUPLICATE,0.2456,75.26,1,0.5,0.0,0.621,Correct Match
C0880,C0879,DUPLICATE,DUPLICATE,0.3161,112.28,1,0.5,0.0,0.5856,Correct Match
C0295,C1282,DUPLICATE,DUPLICATE,0.2734,47.23,1,0.0,0.0,0.6057,Correct Match
C0295,C0296,DUPLICATE,DUPLICATE,0.3839,6.39,1,0.0,0.0,0.6843,Correct Match
C0089,C0090,DUPLICATE,DUPLICATE,0.276,20.18,1,0.0,0.0,0.6466,Correct Match
C0042,C0041,DUPLICATE,DUPLICATE,1.0,38.55,1,0.0,0.0,0.86,Correct Match
C0042,C1688,DUPLICATE,DUPLICATE,0.3003,111.23,1,0.5,0.0,0.5801,Correct Match
C0132,C0131,DUPLICATE,DUPLICATE,0.2456,49.9,1,0.8,0.0,0.636,Correct Match
C1683,C0853,DUPLICATE,DUPLICATE,0.9717,106.17,1,0.8,0.0,0.8301,Correct Match
C1683,C0854,DUPLICATE,DUPLICATE,0.4538,104.44,1,0.8,0.0,0.6488,Correct Match
C1619,C1578,DUPLICATE,DUPLICATE,0.4392,40.83,1,0.8,0.0,0.7037,Correct Match
C1619,C0777,DUPLICATE,DUPLICATE,0.5641,19.68,1,0.5,0.0,0.7724,Correct Match
C0933,C0934,DUPLICATE,DUPLICATE,0.5433,22.69,1,0.0,0.0,0.7401,Correct Match
C0933,C1537,DUPLICATE,DUPLICATE,0.5083,17.9,1,0.8,0.0,0.7679,Correct Match
C0165,C0166,DUPLICATE,DUPLICATE,0.2456,55.79,1,0.5,0.0,0.621,Correct Match
C0725,C0726,DUPLICATE,DUPLICATE,0.3335,44.53,1,0.8,0.0,0.6667,Correct Match
C0291,C0217,NOT DUPLICATE,NOT DUPLICATE,0.3167,182.23,1,1.0,0.0,0.5108,Correct Match
C1512,C0648,DUPLICATE,DUPLICATE,0.6889,35.86,1,0.8,0.0,0.7911,Correct Match
C1512,C0647,DUPLICATE,DUPLICATE,1.0,23.28,1,0.0,0.0,0.9,Correct Match
C0349,C0350,DUPLICATE,DUPLICATE,0.2959,68.48,1,0.0,0.0,0.6136,Correct Match
C0349,C1552,DUPLICATE,DUPLICATE,0.3003,23.11,1,0.0,0.0,0.6551,Correct Match
C0766,C0765,DUPLICATE,DUPLICATE,0.4505,29.31,1,0.0,0.0,0.7077,Correct Match
C1646,C0944,DUPLICATE,DUPLICATE,0.9717,44.05,1,0.0,0.0,0.8501,Correct Match
C1646,C0749,NOT DUPLICATE,NOT DUPLICATE,0.436,232.78,1,0.0,0.0,0.5026,Correct Match
C1285,C0830,DUPLICATE,DUPLICATE,1.0,89.69,1,0.5,0.0,0.825,Correct Match
C1285,C0829,DUPLICATE,DUPLICATE,0.3473,61.56,1,0.0,0.0,0.6316,Correct Match
C0868,C1672,DUPLICATE,DUPLICATE,0.4556,42.92,1,0.5,0.0,0.6945,Correct Match
C0868,C0867,DUPLICATE,DUPLICATE,0.3036,82.23,1,0.0,0.0,0.5563,Correct Match
C0459,C0236,NOT DUPLICATE,DUPLICATE,1.0,249.38,1,1.0,0.0,0.75,False Positive
C0459,C1679,DUPLICATE,DUPLICATE,0.3167,97.88,1,1.0,0.0,0.6108,Correct Match
C0459,C0460,DUPLICATE,DUPLICATE,0.2988,35.72,1,0.5,0.0,0.6396,Correct Match
C0376,C0123,NOT DUPLICATE,DUPLICATE,1.0,130.22,1,0.0,0.0,0.8,False Positive
C1538,C0532,DUPLICATE,DUPLICATE,0.4686,42.97,1,0.8,0.0,0.714,Correct Match
C1538,C1451,DUPLICATE,DUPLICATE,0.3473,106.36,1,1.0,0.0,0.6216,Correct Match
C1271,C1355,DUPLICATE,NOT DUPLICATE,0.2579,88.39,1,0.0,0.0,0.5403,False Negative
C0953,C0954,DUPLICATE,DUPLICATE,0.4538,78.07,1,0.5,0.0,0.6938,Correct Match
C1270,C0181,DUPLICATE,DUPLICATE,0.2654,24.33,1,0.5,0.0,0.6679,Correct Match
C1270,C1410,DUPLICATE,DUPLICATE,0.3942,79.36,1,0.5,0.0,0.673,Correct Match
C0329,C0330,DUPLICATE,DUPLICATE,0.2555,73.64,1,0.0,0.0,0.5994,Correct Match
C0830,C0829,DUPLICATE,DUPLICATE,0.3473,28.67,1,0.5,0.0,0.6966,Correct Match
C0319,C0320,DUPLICATE,DUPLICATE,0.3942,45.66,1,0.5,0.0,0.673,Correct Match
C1337,C1465,DUPLICATE,DUPLICATE,1.0,50.07,1,1.0,0.0,0.91,Correct Match
C1337,C1348,DUPLICATE,DUPLICATE,0.2037,38.86,1,0.5,0.0,0.6063,Correct Match
C1337,C1586,DUPLICATE,DUPLICATE,1.0,49.34,1,1.0,0.0,0.91,Correct Match
C1337,C0190,DUPLICATE,DUPLICATE,0.2706,72.43,1,0.5,0.0,0.6297,Correct Match
C1455,C0502,DUPLICATE,DUPLICATE,0.3473,139.38,1,1.0,0.0,0.6216,Correct Match
C1517,C0239,DUPLICATE,DUPLICATE,0.2734,110.46,1,0.5,0.0,0.5707,Correct Match
C0168,C0167,DUPLICATE,DUPLICATE,1.0,80.11,1,1.0,0.0,0.85,Correct Match
C0013,C0014,DUPLICATE,NOT DUPLICATE,0.1818,84.2,1,0.5,0.0,0.5386,False Negative
C0172,C1373,DUPLICATE,DUPLICATE,0.1818,28.94,1,1.0,0.0,0.6636,Correct Match
C0650,C0649,DUPLICATE,DUPLICATE,0.4538,46.09,1,0.0,0.0,0.6688,Correct Match
C1069,C1368,DUPLICATE,DUPLICATE,0.2083,61.93,1,0.5,0.0,0.6079,Correct Match
C0673,C0674,DUPLICATE,DUPLICATE,0.4392,29.24,1,0.0,0.0,0.7037,Correct Match
C0673,C1662,DUPLICATE,DUPLICATE,0.3473,80.28,1,0.0,0.0,0.5716,Correct Match
C1053,C1427,DUPLICATE,DUPLICATE,0.3042,38.92,1,0.5,0.0,0.6415,Correct Match
C1053,C1479,DUPLICATE,DUPLICATE,0.2754,147.74,1,0.8,0.0,0.5864,Correct Match
C0139,C0140,DUPLICATE,NOT DUPLICATE,0.2654,169.12,1,1.0,0.0,0.4929,False Negative
C0139,C1375,DUPLICATE,DUPLICATE,0.1569,54.6,1,0.0,0.0,0.5649,Correct Match
C0550,C1530,DUPLICATE,DUPLICATE,0.4538,12.59,1,0.8,0.0,0.7488,Correct Match
C1334,C0015,DUPLICATE,NOT DUPLICATE,0.2456,133.45,1,0.0,0.0,0.536,False Negative
C1089,C1556,DUPLICATE,DUPLICATE,0.4649,123.52,1,0.5,0.0,0.6377,Correct Match
C0559,C0560,DUPLICATE,DUPLICATE,0.6889,66.15,1,1.0,0.0,0.8011,Correct Match
C0559,C1257,DUPLICATE,DUPLICATE,0.6889,27.2,1,0.8,0.0,0.8311,Correct Match
C0140,C1375,DUPLICATE,NOT DUPLICATE,0.1818,130.31,1,0.0,0.0,0.5136,False Negative
C0532,C1451,DUPLICATE,DUPLICATE,0.3161,63.4,1,0.8,0.0,0.6606,Correct Match
C0225,C0226,DUPLICATE,DUPLICATE,0.3167,31.62,1,0.0,0.0,0.6208,Correct Match
C0924,C0923,DUPLICATE,DUPLICATE,0.436,80.6,1,1.0,0.0,0.6526,Correct Match
C1303,C1128,DUPLICATE,DUPLICATE,0.5501,171.05,1,0.5,0.0,0.5676,Correct Match
C0901,C1725,DUPLICATE,NOT DUPLICATE,0.3603,160.56,1,1.0,0.0,0.5261,False Negative
C0441,C1266,DUPLICATE,NOT DUPLICATE,0.2706,174.07,1,1.0,0.0,0.4947,False Negative
C0441,C0442,DUPLICATE,DUPLICATE,0.2734,38.98,1,0.0,0.0,0.6057,Correct Match
C0574,C0573,DUPLICATE,NOT DUPLICATE,0.3335,154.56,1,0.0,0.0,0.4667,False Negative
C0504,C0503,DUPLICATE,DUPLICATE,0.4538,74.78,1,0.5,0.0,0.6938,Correct Match
C0606,C1665,DUPLICATE,DUPLICATE,0.4156,66.64,1,1.0,0.0,0.7055,Correct Match
C0606,C0605,DUPLICATE,DUPLICATE,0.5234,58.35,1,0.8,0.0,0.7332,Correct Match
C1027,C1595,DUPLICATE,DUPLICATE,0.234,137.74,1,0.5,0.0,0.5569,Correct Match
C1561,C0546,DUPLICATE,DUPLICATE,0.4505,48.37,1,0.5,0.0,0.6927,Correct Match
C1561,C1258,DUPLICATE,DUPLICATE,0.4505,49.51,1,0.5,0.0,0.6927,Correct Match
C0004,C0003,DUPLICATE,DUPLICATE,0.5396,31.6,1,0.8,0.0,0.7389,Correct Match
C0468,C0467,DUPLICATE,DUPLICATE,0.2456,39.29,1,1.0,0.0,0.646,Correct Match
C0322,C0321,DUPLICATE,DUPLICATE,0.1818,48.91,1,1.0,0.0,0.6236,Correct Match
C0322,C0153,NOT DUPLICATE,DUPLICATE,1.0,231.85,1,0.5,0.0,0.725,False Positive
C0006,C0005,DUPLICATE,DUPLICATE,0.2988,87.27,1,1.0,0.0,0.6046,Correct Match
C0223,C0224,DUPLICATE,DUPLICATE,0.1818,22.55,1,0.0,0.0,0.6136,Correct Match
C0548,C0547,DUPLICATE,DUPLICATE,0.4509,10.25,1,0.5,0.0,0.7328,Correct Match
C0040,C0039,DUPLICATE,DUPLICATE,0.2654,72.02,1,0.8,0.0,0.6429,Correct Match
C0543,C1663,DUPLICATE,DUPLICATE,0.3823,69.79,1,0.5,0.0,0.6688,Correct Match
C0983,C0984,DUPLICATE,DUPLICATE,0.436,41.57,1,0.8,0.0,0.7026,Correct Match
C0137,C0138,DUPLICATE,DUPLICATE,0.261,72.35,1,0.0,0.0,0.6014,Correct Match
C0137,C1457,DUPLICATE,DUPLICATE,0.1967,71.73,1,0.5,0.0,0.6039,Correct Match
C1534,C1406,DUPLICATE,DUPLICATE,0.3214,53.74,1,0.8,0.0,0.6625,Correct Match
C1376,C0048,DUPLICATE,DUPLICATE,1.0,74.3,1,1.0,0.0,0.91,Correct Match
C1376,C0047,DUPLICATE,DUPLICATE,1.0,10.44,1,1.0,0.0,0.95,Correct Match
C0811,C0812,DUPLICATE,DUPLICATE,0.3162,37.58,1,0.0,0.0,0.6207,Correct Match
C0446,C0445,DUPLICATE,DUPLICATE,0.3942,85.15,1,0.5,0.0,0.613,Correct Match
C0907,C0908,DUPLICATE,DUPLICATE,0.3335,86.25,1,0.8,0.0,0.6067,Correct Match
C1454,C0729,DUPLICATE,DUPLICATE,0.5433,48.63,1,0.0,0.0,0.7001,Correct Match
C1454,C0730,DUPLICATE,DUPLICATE,0.5433,117.01,1,0.5,0.0,0.6651,Correct Match
C1593,C0685,DUPLICATE,DUPLICATE,0.4156,108.45,1,0.0,0.0,0.5955,Correct Match
C1593,C0686,DUPLICATE,DUPLICATE,0.3161,125.16,1,0.0,0.0,0.5606,Correct Match
C1593,C1597,DUPLICATE,DUPLICATE,0.3162,44.25,1,0.8,0.0,0.6607,Correct Match
C0582,C0581,DUPLICATE,DUPLICATE,0.9717,46.26,1,1.0,0.0,0.9001,Correct Match
C1720,C1057,DUPLICATE,DUPLICATE,0.2083,71.72,1,0.5,0.0,0.6079,Correct Match
C0662,C1431,DUPLICATE,DUPLICATE,0.4156,77.93,1,0.0,0.0,0.6555,Correct Match
C0437,C0438,DUPLICATE,DUPLICATE,0.3003,69.67,1,0.5,0.0,0.6401,Correct Match
C1620,C1494,DUPLICATE,DUPLICATE,0.3913,137.92,1,1.0,0.0,0.637,Correct Match
C1620,C1140,DUPLICATE,DUPLICATE,1.0,57.01,1,0.5,0.0,0.885,Correct Match
C0377,C1365,DUPLICATE,DUPLICATE,0.2959,134.02,1,0.0,0.0,0.5536,Correct Match
C1288,C1239,DUPLICATE,DUPLICATE,0.4189,112.03,1,0.8,0.0,0.6366,Correct Match
C0315,C0316,DUPLICATE,DUPLICATE,0.1569,52.75,1,0.5,0.0,0.5899,Correct Match
C0443,C0444,DUPLICATE,DUPLICATE,0.1967,72.41,1,0.5,0.0,0.6039,Correct Match
C1000,C0999,DUPLICATE,DUPLICATE,0.4033,87.45,1,0.8,0.0,0.6311,Correct Match
C0282,C0281,DUPLICATE,NOT DUPLICATE,0.2171,173.71,1,0.0,0.0,0.426,False Negative
C1313,C0160,DUPLICATE,DUPLICATE,0.4005,142.48,1,0.5,0.0,0.6152,Correct Match
C0425,C1350,DUPLICATE,DUPLICATE,0.2845,97.05,1,0.5,0.0,0.5746,Correct Match
C0554,C1308,DUPLICATE,DUPLICATE,0.5083,43.11,1,1.0,0.0,0.7379,Correct Match
C0595,C0596,DUPLICATE,DUPLICATE,0.4509,45.01,1,0.0,0.0,0.6678,Correct Match
C1714,C1416,DUPLICATE,DUPLICATE,1.0,90.0,1,0.8,0.0,0.84,Correct Match
C1714,C1153,DUPLICATE,DUPLICATE,1.0,42.88,1,0.5,0.0,0.885,Correct Match
C0369,C0370,DUPLICATE,DUPLICATE,0.2749,30.35,1,0.8,0.0,0.6462,Correct Match
C1273,C0396,DUPLICATE,DUPLICATE,0.2959,61.68,1,0.5,0.0,0.6386,Correct Match
C1273,C1569,DUPLICATE,DUPLICATE,0.2171,101.93,1,0.8,0.0,0.566,Correct Match
C0875,C1694,DUPLICATE,DUPLICATE,0.4556,120.74,1,0.0,0.0,0.6095,Correct Match
C0875,C0876,DUPLICATE,DUPLICATE,0.5433,99.27,1,1.0,0.0,0.6901,Correct Match
C0875,C0929,NOT DUPLICATE,DUPLICATE,1.0,241.85,1,0.5,0.0,0.725,False Positive
C0875,C0930,NOT DUPLICATE,DUPLICATE,1.0,261.59,1,0.5,0.0,0.625,False Positive
C1664,C1082,DUPLICATE,DUPLICATE,1.0,85.48,1,0.5,0.0,0.825,Correct Match
C0842,C0841,DUPLICATE,DUPLICATE,0.3161,61.54,1,0.0,0.0,0.6206,Correct Match
C1674,C1249,DUPLICATE,DUPLICATE,0.6082,62.73,1,0.8,0.0,0.7629,Correct Match
C0394,C0393,DUPLICATE,DUPLICATE,0.5396,33.2,1,0.8,0.0,0.7389,Correct Match
C0025,C0026,DUPLICATE,DUPLICATE,0.2654,64.41,1,1.0,0.0,0.6529,Correct Match
C0145,C0146,DUPLICATE,DUPLICATE,0.3942,113.16,1,0.8,0.0,0.628,Correct Match
C0537,C0538,DUPLICATE,DUPLICATE,0.4392,92.7,1,0.8,0.0,0.6437,Correct Match
C0887,C0888,DUPLICATE,DUPLICATE,0.9717,28.57,1,0.8,0.0,0.9301,Correct Match
C1574,C1439,DUPLICATE,DUPLICATE,0.3161,41.44,1,0.5,0.0,0.6456,Correct Match
C0273,C0274,DUPLICATE,DUPLICATE,0.2706,19.93,1,1.0,0.0,0.6947,Correct Match
C1293,C0727,DUPLICATE,DUPLICATE,0.3036,42.46,1,0.5,0.0,0.6413,Correct Match
C1180,C1469,DUPLICATE,DUPLICATE,0.2742,108.64,1,1.0,0.0,0.596,Correct Match
C1576,C1244,DUPLICATE,DUPLICATE,1.0,108.98,1,1.0,0.0,0.85,Correct Match
C1197,C1482,DUPLICATE,NOT DUPLICATE,0.2083,140.77,1,0.0,0.0,0.5229,False Negative
C1197,C1498,DUPLICATE,DUPLICATE,0.3045,33.0,1,0.5,0.0,0.6416,Correct Match
C1633,C0401,DUPLICATE,DUPLICATE,0.2706,73.68,1,0.0,0.0,0.6047,Correct Match
C1633,C0402,DUPLICATE,DUPLICATE,0.2706,97.43,1,1.0,0.0,0.5947,Correct Match
C0506,C0505,DUPLICATE,DUPLICATE,0.5234,102.83,1,1.0,0.0,0.6832,Correct Match
C1152,C1484,DUPLICATE,DUPLICATE,0.2381,47.86,1,0.5,0.0,0.6183,Correct Match
C1524,C0802,DUPLICATE,DUPLICATE,0.5083,64.98,1,0.8,0.0,0.7279,Correct Match
C1524,C0801,DUPLICATE,DUPLICATE,0.4156,106.29,1,1.0,0.0,0.6455,Correct Match
C0623,C1317,DUPLICATE,DUPLICATE,0.5433,57.03,1,0.0,0.0,0.7001,Correct Match
C0623,C0624,DUPLICATE,DUPLICATE,0.5433,33.81,1,1.0,0.0,0.7501,Correct Match
C0007,C0008,DUPLICATE,DUPLICATE,0.1967,67.48,1,1.0,0.0,0.6289,Correct Match
C1723,C0106,DUPLICATE,DUPLICATE,1.0,75.56,1,0.5,0.0,0.885,Correct Match
C1723,C0105,DUPLICATE,DUPLICATE,0.3027,97.77,1,0.8,0.0,0.5959,Correct Match
C0028,C0027,DUPLICATE,DUPLICATE,1.0,28.97,1,0.0,0.0,0.9,Correct Match
C1469,C1057,NOT DUPLICATE,DUPLICATE,1.0,250.58,1,0.8,0.0,0.64,False Positive
C0526,C0525,DUPLICATE,DUPLICATE,1.0,93.56,1,0.0,0.0,0.8,Correct Match
C1601,C1191,DUPLICATE,DUPLICATE,0.2391,97.3,1,1.0,0.0,0.5837,Correct Match
C0639,C0640,DUPLICATE,DUPLICATE,1.0,96.78,1,0.5,0.0,0.825,Correct Match
C1284,C1039,DUPLICATE,DUPLICATE,0.2742,39.05,1,0.8,0.0,0.646,Correct Match
C0719,C0720,DUPLICATE,DUPLICATE,0.4037,134.74,1,0.5,0.0,0.6163,Correct Match
C0692,C0691,DUPLICATE,DUPLICATE,0.5234,63.05,1,0.8,0.0,0.7332,Correct Match
C0692,C1450,DUPLICATE,DUPLICATE,0.5234,119.41,1,1.0,0.0,0.6832,Correct Match
C1481,C0696,DUPLICATE,DUPLICATE,0.5083,69.23,1,0.0,0.0,0.6879,Correct Match
C1430,C0135,DUPLICATE,NOT DUPLICATE,0.2734,96.16,1,0.0,0.0,0.5457,False Negative
C0625,C0626,DUPLICATE,DUPLICATE,0.4538,46.24,1,1.0,0.0,0.7188,Correct Match
C0257,C0258,DUPLICATE,DUPLICATE,1.0,87.55,1,0.8,0.0,0.84,Correct Match
C0337,C0338,DUPLICATE,DUPLICATE,0.2959,96.02,1,1.0,0.0,0.6036,Correct Match
C0048,C0047,DUPLICATE,DUPLICATE,1.0,70.13,1,1.0,0.0,0.91,Correct Match
C0350,C1552,DUPLICATE,DUPLICATE,0.3027,58.82,1,0.8,0.0,0.6559,Correct Match
C0214,C1253,DUPLICATE,DUPLICATE,0.2734,50.73,1,0.0,0.0,0.6057,Correct Match
C0121,C0122,DUPLICATE,DUPLICATE,0.5396,33.21,1,0.0,0.0,0.6989,Correct Match
C1103,C1356,DUPLICATE,DUPLICATE,0.3913,13.45,1,0.0,0.0,0.687,Correct Match
C0989,C0990,DUPLICATE,DUPLICATE,0.3161,30.97,1,0.0,0.0,0.6206,Correct Match
C0989,C1733,DUPLICATE,DUPLICATE,0.3162,117.93,1,0.0,0.0,0.5607,Correct Match
C1694,C0876,DUPLICATE,DUPLICATE,0.4686,93.21,1,0.0,0.0,0.614,Correct Match
C0046,C1299,DUPLICATE,DUPLICATE,0.1967,67.24,1,0.0,0.0,0.5789,Correct Match
C1465,C1348,DUPLICATE,DUPLICATE,0.2037,27.99,1,0.5,0.0,0.6463,Correct Match
C1465,C1586,DUPLICATE,DUPLICATE,1.0,82.2,1,0.8,0.0,0.84,Correct Match
C1465,C0190,DUPLICATE,DUPLICATE,0.2706,35.49,1,0.5,0.0,0.6297,Correct Match
C0233,C1724,DUPLICATE,DUPLICATE,0.2895,87.3,1,0.5,0.0,0.5763,Correct Match
C0645,C0646,DUPLICATE,DUPLICATE,0.4538,37.82,1,0.8,0.0,0.7088,Correct Match
C1281,C0113,DUPLICATE,DUPLICATE,1.0,68.56,1,0.8,0.0,0.9,Correct Match
C1317,C0624,DUPLICATE,DUPLICATE,1.0,90.83,1,0.0,0.0,0.8,Correct Match
C1331,C1546,DUPLICATE,NOT DUPLICATE,0.2726,122.08,1,0.0,0.0,0.5454,False Negative
C1331,C1045,DUPLICATE,DUPLICATE,0.3447,125.4,1,1.0,0.0,0.6206,Correct Match
C1318,C0242,DUPLICATE,DUPLICATE,0.2654,76.0,1,1.0,0.0,0.6529,Correct Match
C0789,C0790,DUPLICATE,DUPLICATE,1.0,87.37,1,0.5,0.0,0.825,Correct Match
C0789,C1661,DUPLICATE,DUPLICATE,0.4509,86.32,1,0.5,0.0,0.6328,Correct Match
C1482,C1498,DUPLICATE,NOT DUPLICATE,0.234,170.97,1,0.8,0.0,0.4719,False Negative
C1668,C1188,DUPLICATE,DUPLICATE,0.302,90.38,1,0.5,0.0,0.5807,Correct Match
C1278,C0900,NOT DUPLICATE,NOT DUPLICATE,1.0,336.07,1,0.0,0.0,0.5,Correct Match
C1278,C0513,DUPLICATE,DUPLICATE,0.3473,86.47,1,0.8,0.0,0.6116,Correct Match
C0061,C0062,DUPLICATE,DUPLICATE,1.0,81.42,1,1.0,0.0,0.85,Correct Match
C1264,C1192,DUPLICATE,DUPLICATE,0.2726,66.78,1,1.0,0.0,0.6554,Correct Match
C0093,C0094,DUPLICATE,DUPLICATE,0.3049,126.68,1,0.5,0.0,0.5817,Correct Match
C0667,C0668,DUPLICATE,DUPLICATE,0.4505,129.82,1,0.5,0.0,0.6327,Correct Match
C0667,C1742,DUPLICATE,DUPLICATE,0.3682,131.2,1,0.5,0.0,0.6039,Correct Match
C0944,C0750,NOT DUPLICATE,NOT DUPLICATE,0.4538,214.47,1,0.5,0.0,0.5338,Correct Match
C0944,C0749,NOT DUPLICATE,DUPLICATE,0.4509,190.9,1,1.0,0.0,0.5578,False Positive
C1478,C0231,DUPLICATE,DUPLICATE,0.276,126.12,1,1.0,0.0,0.5966,Correct Match
C0977,C0978,DUPLICATE,DUPLICATE,0.3946,24.66,1,1.0,0.0,0.7381,Correct Match
C0977,C1642,DUPLICATE,DUPLICATE,0.4037,43.27,1,0.8,0.0,0.6913,Correct Match
C1161,C1412,DUPLICATE,NOT DUPLICATE,0.2726,183.62,1,0.5,0.0,0.4704,False Negative
C1091,C1401,DUPLICATE,DUPLICATE,0.3045,46.68,1,0.5,0.0,0.6416,Correct Match
C0183,C0184,DUPLICATE,DUPLICATE,0.3942,46.85,1,1.0,0.0,0.698,Correct Match
C1677,C1016,DUPLICATE,NOT DUPLICATE,0.291,165.02,1,0.8,0.0,0.4918,False Negative
C1310,C0897,DUPLICATE,DUPLICATE,1.0,84.84,1,0.0,0.0,0.8,Correct Match
C1310,C0898,DUPLICATE,DUPLICATE,0.4033,40.88,1,1.0,0.0,0.7011,Correct Match
C0747,C0748,DUPLICATE,DUPLICATE,1.0,149.16,1,1.0,0.0,0.85,Correct Match
C0205,C0206,DUPLICATE,DUPLICATE,0.3003,105.06,1,0.8,0.0,0.5951,Correct Match
C1385,C0470,DUPLICATE,DUPLICATE,1.0,95.83,1,0.5,0.0,0.825,Correct Match
C1385,C1398,DUPLICATE,DUPLICATE,1.0,180.08,1,1.0,0.0,0.75,Correct Match
C0053,C0054,DUPLICATE,DUPLICATE,0.2749,118.37,1,1.0,0.0,0.5962,Correct Match
C0053,C1516,DUPLICATE,DUPLICATE,1.0,77.52,1,0.0,0.0,0.86,Correct Match
C0546,C1258,DUPLICATE,DUPLICATE,1.0,24.4,1,0.0,0.0,0.9,Correct Match
C0508,C0891,NOT DUPLICATE,NOT DUPLICATE,0.3946,227.64,1,0.5,0.0,0.5131,Correct Match
C0508,C0962,NOT DUPLICATE,NOT DUPLICATE,0.4686,223.68,1,0.0,0.0,0.514,Correct Match
C0508,C1704,DUPLICATE,DUPLICATE,0.6889,89.75,1,0.0,0.0,0.6911,Correct Match
C0508,C0892,NOT DUPLICATE,NOT DUPLICATE,0.5641,210.14,1,0.0,0.0,0.5474,Correct Match
C0508,C0961,NOT DUPLICATE,NOT DUPLICATE,0.5433,192.5,1,0.0,0.0,0.5401,Correct Match
C0508,C1438,NOT DUPLICATE,DUPLICATE,1.0,235.34,1,0.0,0.0,0.7,False Positive
C1352,C0154,DUPLICATE,DUPLICATE,0.2988,109.48,1,0.8,0.0,0.5946,Correct Match
C1352,C0321,NOT DUPLICATE,DUPLICATE,0.2706,130.01,1,0.5,0.0,0.5697,False Positive
C1352,C0153,DUPLICATE,DUPLICATE,0.2037,64.61,1,0.8,0.0,0.6213,Correct Match
C1352,C1485,DUPLICATE,DUPLICATE,1.0,91.91,1,0.8,0.0,0.84,Correct Match
C1064,C1715,DUPLICATE,DUPLICATE,0.3045,67.35,1,1.0,0.0,0.6666,Correct Match
C0138,C1457,DUPLICATE,DUPLICATE,0.2706,27.25,1,0.8,0.0,0.6847,Correct Match
C0797,C0798,DUPLICATE,DUPLICATE,0.4686,33.82,1,1.0,0.0,0.724,Correct Match
C0133,C0134,DUPLICATE,NOT DUPLICATE,0.1967,161.09,1,0.5,0.0,0.4439,False Negative
C1407,C0265,DUPLICATE,DUPLICATE,0.2749,80.63,1,1.0,0.0,0.5962,Correct Match
C1407,C1592,DUPLICATE,DUPLICATE,1.0,49.42,1,0.0,0.0,0.86,Correct Match
C0106,C0105,DUPLICATE,DUPLICATE,0.3027,30.29,1,0.8,0.0,0.6559,Correct Match
C0542,C1528,DUPLICATE,DUPLICATE,0.5083,126.19,1,0.5,0.0,0.6529,Correct Match
C0542,C0541,DUPLICATE,DUPLICATE,0.6889,135.43,1,0.5,0.0,0.7161,Correct Match
C0994,C0993,DUPLICATE,DUPLICATE,0.3823,23.93,1,0.0,0.0,0.6838,Correct Match
C0481,C1307,DUPLICATE,DUPLICATE,0.1818,46.45,1,0.5,0.0,0.5986,Correct Match
C0249,C0250,DUPLICATE,DUPLICATE,0.3014,78.95,1,0.5,0.0,0.6405,Correct Match
C0335,C0336,DUPLICATE,DUPLICATE,0.2171,34.79,1,0.8,0.0,0.626,Correct Match
C1223,C1671,DUPLICATE,DUPLICATE,0.3214,127.35,1,0.0,0.0,0.5625,Correct Match
C0850,C0849,DUPLICATE,DUPLICATE,1.0,157.77,1,1.0,0.0,0.75,Correct Match
C0306,C0305,DUPLICATE,DUPLICATE,0.3014,66.29,1,0.5,0.0,0.6405,Correct Match
C0103,C0104,DUPLICATE,DUPLICATE,0.3942,90.86,1,0.5,0.0,0.613,Correct Match
C0103,C1514,DUPLICATE,DUPLICATE,0.3942,73.37,1,0.8,0.0,0.688,Correct Match
C0075,C0076,DUPLICATE,DUPLICATE,0.2706,76.99,1,1.0,0.0,0.6547,Correct Match
C1565,C1493,DUPLICATE,DUPLICATE,0.2037,97.58,1,1.0,0.0,0.5713,Correct Match
C1565,C1267,DUPLICATE,DUPLICATE,0.2037,16.32,1,0.8,0.0,0.6613,Correct Match
C0910,C0909,DUPLICATE,DUPLICATE,0.4505,79.41,1,0.8,0.0,0.7077,Correct Match
C1059,C1700,DUPLICATE,DUPLICATE,0.3913,36.16,1,1.0,0.0,0.697,Correct Match
C0229,C0230,DUPLICATE,DUPLICATE,1.0,39.96,1,0.8,0.0,0.9,Correct Match
C0229,C1551,DUPLICATE,DUPLICATE,0.3643,39.87,1,0.5,0.0,0.6625,Correct Match
C0919,C0920,DUPLICATE,DUPLICATE,0.3603,6.64,1,0.5,0.0,0.7011,Correct Match
C0919,C1603,DUPLICATE,DUPLICATE,0.3161,73.02,1,0.8,0.0,0.6606,Correct Match
C1707,C1020,DUPLICATE,DUPLICATE,0.302,122.87,1,0.0,0.0,0.5557,Correct Match
C1464,C0058,DUPLICATE,DUPLICATE,0.5396,87.79,1,0.8,0.0,0.6789,Correct Match
C1464,C0021,NOT DUPLICATE,NOT DUPLICATE,0.4005,221.05,1,0.8,0.0,0.5302,Correct Match
C0825,C0826,DUPLICATE,DUPLICATE,0.436,37.58,1,0.8,0.0,0.7026,Correct Match
C0763,C0764,DUPLICATE,DUPLICATE,0.3161,55.08,1,0.0,0.0,0.6206,Correct Match
C0734,C0733,DUPLICATE,DUPLICATE,1.0,100.46,1,1.0,0.0,0.85,Correct Match
C0990,C1733,DUPLICATE,DUPLICATE,0.5641,87.61,1,1.0,0.0,0.6974,Correct Match
C0389,C0390,DUPLICATE,DUPLICATE,0.3014,138.84,1,0.5,0.0,0.5805,Correct Match
C0236,C0235,DUPLICATE,DUPLICATE,0.2037,102.95,1,1.0,0.0,0.5713,Correct Match
C1445,C1131,DUPLICATE,DUPLICATE,0.3913,58.3,1,0.0,0.0,0.647,Correct Match
C1599,C0784,DUPLICATE,DUPLICATE,0.4505,20.86,1,0.0,0.0,0.7077,Correct Match
C0268,C1746,DUPLICATE,DUPLICATE,0.3014,64.45,1,1.0,0.0,0.6655,Correct Match
C1667,C1144,DUPLICATE,DUPLICATE,1.0,99.85,1,0.5,0.0,0.825,Correct Match
C0118,C0117,DUPLICATE,DUPLICATE,0.3003,11.49,1,0.8,0.0,0.6951,Correct Match
C0674,C1662,DUPLICATE,DUPLICATE,0.3162,104.54,1,1.0,0.0,0.6107,Correct Match
C1266,C0442,DUPLICATE,DUPLICATE,0.3167,136.23,1,0.0,0.0,0.5608,Correct Match
C0095,C0096,DUPLICATE,DUPLICATE,0.2988,25.94,1,0.8,0.0,0.6946,Correct Match
C1648,C1332,DUPLICATE,DUPLICATE,0.3656,108.9,1,0.5,0.0,0.603,Correct Match
C1648,C1137,DUPLICATE,DUPLICATE,0.2742,131.79,1,0.5,0.0,0.571,Correct Match
C1462,C1071,DUPLICATE,DUPLICATE,1.0,103.63,1,0.5,0.0,0.825,Correct Match
C0449,C0450,DUPLICATE,DUPLICATE,0.1967,98.16,1,1.0,0.0,0.5689,Correct Match
C0717,C0718,DUPLICATE,DUPLICATE,0.4505,103.35,1,0.5,0.0,0.6327,Correct Match
C1326,C0177,DUPLICATE,DUPLICATE,0.2734,47.08,1,0.0,0.0,0.6057,Correct Match
C1326,C1639,DUPLICATE,DUPLICATE,0.2895,66.43,1,0.5,0.0,0.6363,Correct Match
C0001,C0002,DUPLICATE,DUPLICATE,0.1967,25.7,1,0.0,0.0,0.6189,Correct Match
C0677,C1474,DUPLICATE,DUPLICATE,1.0,90.02,1,0.8,0.0,0.84,Correct Match
C1657,C1429,DUPLICATE,DUPLICATE,0.3682,74.74,1,1.0,0.0,0.6889,Correct Match
C1657,C0928,DUPLICATE,DUPLICATE,0.3682,23.01,1,0.0,0.0,0.6789,Correct Match
C1513,C0971,DUPLICATE,DUPLICATE,0.4538,67.79,1,0.5,0.0,0.6938,Correct Match
C1513,C0972,DUPLICATE,DUPLICATE,0.4073,71.28,1,0.5,0.0,0.6775,Correct Match
C0689,C0690,DUPLICATE,DUPLICATE,1.0,61.42,1,0.0,0.0,0.86,Correct Match
C0827,C0828,DUPLICATE,DUPLICATE,0.4033,67.73,1,1.0,0.0,0.7011,Correct Match
C0853,C0854,DUPLICATE,DUPLICATE,0.4538,7.35,1,1.0,0.0,0.7588,Correct Match
C1179,C1379,DUPLICATE,DUPLICATE,0.2381,81.56,1,0.8,1.0,0.6233,Correct Match
C0374,C0373,DUPLICATE,DUPLICATE,0.2895,5.9,1,0.0,0.0,0.6513,Correct Match
C1304,C1187,DUPLICATE,DUPLICATE,0.291,115.31,1,0.5,0.0,0.5768,Correct Match
C1549,C0912,DUPLICATE,NOT DUPLICATE,0.3603,160.71,1,0.0,0.0,0.4761,False Negative
C1549,C1564,DUPLICATE,DUPLICATE,1.0,94.27,1,1.0,0.0,0.85,Correct Match
C1549,C0841,NOT DUPLICATE,DUPLICATE,1.0,310.7,1,1.0,0.0,0.65,False Positive
C1330,C0688,DUPLICATE,DUPLICATE,0.4156,54.64,1,0.8,0.0,0.6955,Correct Match
C1330,C0687,DUPLICATE,DUPLICATE,0.3162,57.92,1,0.8,0.0,0.6607,Correct Match
C0010,C1365,NOT DUPLICATE,DUPLICATE,0.2845,112.94,1,0.5,0.0,0.5746,False Positive
C0010,C0009,DUPLICATE,DUPLICATE,0.2734,45.22,1,1.0,0.0,0.6557,Correct Match
C0709,C0710,DUPLICATE,DUPLICATE,1.0,80.48,1,0.5,0.0,0.825,Correct Match
C0883,C0653,NOT DUPLICATE,DUPLICATE,0.5641,97.93,1,0.0,0.0,0.6474,False Positive
C0883,C0654,NOT DUPLICATE,DUPLICATE,0.9717,124.16,1,1.0,0.0,0.8401,False Positive
C0883,C0884,DUPLICATE,DUPLICATE,0.3162,61.26,1,0.8,0.0,0.6607,Correct Match
C1494,C1140,DUPLICATE,DUPLICATE,0.3913,136.86,1,0.0,0.0,0.587,Correct Match
C0959,C0960,DUPLICATE,DUPLICATE,0.4033,77.98,1,0.5,0.0,0.6761,Correct Match
C0740,C0739,DUPLICATE,DUPLICATE,0.3823,50.99,1,0.8,0.0,0.6838,Correct Match
C0732,C0785,NOT DUPLICATE,DUPLICATE,0.5083,188.38,1,1.0,0.0,0.5779,False Positive
C0698,C0697,DUPLICATE,DUPLICATE,1.0,49.56,1,0.0,0.0,0.86,Correct Match
C1324,C0935,DUPLICATE,DUPLICATE,0.3161,69.19,1,0.0,0.0,0.6206,Correct Match
C1324,C0936,DUPLICATE,DUPLICATE,0.4505,99.69,1,0.0,0.0,0.6077,Correct Match
C1324,C1706,DUPLICATE,NOT DUPLICATE,0.4156,175.09,1,1.0,0.0,0.5455,False Negative
C1032,C1605,NOT DUPLICATE,NOT DUPLICATE,0.3214,206.33,1,0.8,0.0,0.5025,Correct Match
C1032,C1598,DUPLICATE,DUPLICATE,0.3214,98.11,1,1.0,0.0,0.6125,Correct Match
C0668,C1742,DUPLICATE,DUPLICATE,0.3473,27.27,1,1.0,0.0,0.7216,Correct Match
C0358,C0357,DUPLICATE,DUPLICATE,0.2734,60.99,1,0.8,0.0,0.6457,Correct Match
C0736,C0735,DUPLICATE,DUPLICATE,0.9717,81.44,1,1.0,0.0,0.8401,Correct Match
C0736,C1389,DUPLICATE,DUPLICATE,0.4033,77.15,1,1.0,0.0,0.7011,Correct Match
C1036,C1643,DUPLICATE,DUPLICATE,0.5501,79.31,1,1.0,0.0,0.7526,Correct Match
C0971,C0751,NOT DUPLICATE,DUPLICATE,0.9717,273.8,1,0.5,0.0,0.6151,False Positive
C0971,C0972,DUPLICATE,DUPLICATE,0.436,31.22,1,1.0,0.0,0.7126,Correct Match
C0971,C0752,NOT DUPLICATE,DUPLICATE,0.9717,307.44,1,0.5,0.0,0.6151,False Positive
C1332,C1137,DUPLICATE,DUPLICATE,0.6082,22.93,1,1.0,0.0,0.8129,Correct Match
C1402,C1219,DUPLICATE,DUPLICATE,0.3048,33.52,1,0.0,0.0,0.6167,Correct Match
C0886,C0885,DUPLICATE,DUPLICATE,1.0,29.15,1,1.0,0.0,0.95,Correct Match
C0815,C1712,DUPLICATE,NOT DUPLICATE,0.3473,180.48,1,0.0,0.0,0.4716,False Negative
C0815,C0593,NOT DUPLICATE,NOT DUPLICATE,1.0,339.86,1,0.5,0.0,0.525,Correct Match
C0815,C0816,DUPLICATE,DUPLICATE,0.4686,97.11,1,0.8,0.0,0.654,Correct Match
C0934,C1537,DUPLICATE,DUPLICATE,0.4538,4.8,1,0.5,0.0,0.7338,Correct Match
C1476,C0682,DUPLICATE,DUPLICATE,0.4509,78.83,1,1.0,0.0,0.7178,Correct Match
C0824,C0823,DUPLICATE,DUPLICATE,0.3473,83.94,1,0.5,0.0,0.5966,Correct Match
C0824,C0996,NOT DUPLICATE,DUPLICATE,0.4505,195.86,1,1.0,0.0,0.5577,False Positive
C0824,C1460,DUPLICATE,DUPLICATE,0.4505,90.29,1,1.0,0.0,0.6577,Correct Match
C0387,C1722,DUPLICATE,DUPLICATE,0.3027,83.31,1,0.0,0.0,0.5559,Correct Match
C0387,C0388,DUPLICATE,DUPLICATE,0.2456,101.38,1,1.0,0.0,0.586,Correct Match
C0895,C0896,DUPLICATE,DUPLICATE,0.3161,14.59,1,0.8,0.0,0.7006,Correct Match
C0476,C0254,NOT DUPLICATE,NOT DUPLICATE,0.2706,91.9,1,0.0,0.0,0.5447,Correct Match
C0476,C0475,DUPLICATE,DUPLICATE,0.2895,22.86,1,1.0,0.0,0.7013,Correct Match
C0476,C0253,NOT DUPLICATE,DUPLICATE,0.2845,67.24,1,0.8,0.0,0.6496,False Positive
C1218,C1605,DUPLICATE,DUPLICATE,0.4189,74.53,1,1.0,0.0,0.7066,Correct Match
C0653,C0654,DUPLICATE,DUPLICATE,0.5433,52.4,1,0.0,0.0,0.7001,Correct Match
C0653,C0884,NOT DUPLICATE,DUPLICATE,0.3161,135.75,1,0.5,0.0,0.5856,False Positive
C0173,C1607,DUPLICATE,DUPLICATE,1.0,89.01,1,0.8,0.0,0.84,Correct Match
C0714,C1276,DUPLICATE,DUPLICATE,0.4392,49.67,1,0.5,0.0,0.6887,Correct Match
C0091,C0092,DUPLICATE,DUPLICATE,0.2654,43.41,1,1.0,0.0,0.6529,Correct Match
C1690,C1127,DUPLICATE,DUPLICATE,0.3447,35.97,1,1.0,0.0,0.6806,Correct Match
C0500,C0499,DUPLICATE,DUPLICATE,0.3014,118.1,1,1.0,0.0,0.6055,Correct Match
C0339,C1366,DUPLICATE,DUPLICATE,0.1818,27.83,1,0.5,0.0,0.6386,Correct Match
C0339,C1475,DUPLICATE,NOT DUPLICATE,0.2845,83.14,1,0.0,0.0,0.5496,False Negative
C1589,C1412,NOT DUPLICATE,DUPLICATE,0.2742,130.82,1,0.8,0.0,0.586,False Positive
C0946,C1480,DUPLICATE,DUPLICATE,0.3036,79.85,1,1.0,0.0,0.6663,Correct Match
C0170,C0147,NOT DUPLICATE,DUPLICATE,0.4005,140.23,1,1.0,0.0,0.6402,False Positive
C0913,C0914,DUPLICATE,DUPLICATE,0.6889,46.86,1,0.8,0.0,0.7911,Correct Match
C1033,C1510,DUPLICATE,DUPLICATE,0.2083,18.76,1,0.5,0.0,0.6479,Correct Match
C1033,C1301,DUPLICATE,DUPLICATE,0.2742,125.53,1,1.0,0.0,0.596,Correct Match
C0588,C0587,DUPLICATE,DUPLICATE,0.9717,60.73,1,0.0,0.0,0.8501,Correct Match
C0751,C0972,NOT DUPLICATE,NOT DUPLICATE,0.4509,246.48,1,0.5,0.0,0.5328,Correct Match
C0751,C0752,DUPLICATE,DUPLICATE,1.0,35.42,1,1.0,0.0,0.91,Correct Match
C0751,C0700,NOT DUPLICATE,DUPLICATE,1.0,249.86,1,1.0,0.0,0.75,False Positive
C0658,C0657,DUPLICATE,DUPLICATE,0.9717,21.65,1,0.5,0.0,0.9151,Correct Match
C1282,C0296,DUPLICATE,DUPLICATE,0.2895,53.57,1,0.8,0.0,0.6513,Correct Match
C0935,C0936,DUPLICATE,DUPLICATE,0.3946,51.34,1,1.0,0.0,0.6981,Correct Match
C0935,C1706,DUPLICATE,DUPLICATE,0.5083,120.97,1,0.0,0.0,0.6279,Correct Match
C1066,C1295,DUPLICATE,DUPLICATE,0.3048,20.31,1,0.5,0.0,0.6817,Correct Match
C1348,C1586,DUPLICATE,DUPLICATE,0.2037,55.96,1,0.8,0.0,0.6213,Correct Match
C1348,C0190,DUPLICATE,DUPLICATE,0.1818,34.25,1,1.0,0.0,0.6236,Correct Match
C0569,C0570,DUPLICATE,DUPLICATE,1.0,76.37,1,0.8,0.0,0.9,Correct Match
C0891,C1704,NOT DUPLICATE,DUPLICATE,0.3335,138.24,1,0.8,0.0,0.6067,False Positive
C0891,C0892,DUPLICATE,DUPLICATE,0.4037,26.52,1,0.8,0.0,0.7313,Correct Match
C0891,C1438,DUPLICATE,DUPLICATE,0.3946,45.16,1,0.5,0.0,0.6731,Correct Match
C1049,C1289,DUPLICATE,DUPLICATE,0.2582,46.97,1,0.8,0.0,0.6404,Correct Match
C1572,C0955,DUPLICATE,DUPLICATE,0.6889,21.56,1,1.0,0.0,0.8411,Correct Match
C1572,C1500,DUPLICATE,DUPLICATE,1.0,143.04,1,1.0,0.0,0.85,Correct Match
C1572,C0956,DUPLICATE,DUPLICATE,0.5433,49.78,1,0.5,0.0,0.7251,Correct Match
C1275,C0477,DUPLICATE,DUPLICATE,0.276,63.89,1,0.0,0.0,0.6066,Correct Match
C1275,C1695,DUPLICATE,DUPLICATE,0.2037,54.38,1,0.0,0.0,0.5813,Correct Match
C1466,C1338,DUPLICATE,DUPLICATE,0.2676,105.83,1,0.8,0.0,0.5837,Correct Match
C1466,C1397,DUPLICATE,DUPLICATE,0.4189,26.47,1,0.8,0.0,0.7366,Correct Match
C0851,C0852,DUPLICATE,DUPLICATE,0.4505,57.69,1,0.5,0.0,0.6927,Correct Match
C0735,C1389,DUPLICATE,DUPLICATE,0.4037,113.21,1,1.0,0.0,0.6413,Correct Match
C0455,C0456,DUPLICATE,DUPLICATE,0.2988,46.05,1,0.5,0.0,0.6396,Correct Match
C0265,C1592,DUPLICATE,DUPLICATE,0.2749,31.24,1,0.0,0.0,0.6062,Correct Match
C0396,C1569,DUPLICATE,DUPLICATE,0.5396,40.25,1,0.8,0.0,0.7389,Correct Match
C0177,C1639,DUPLICATE,DUPLICATE,0.3839,40.87,1,0.5,0.0,0.6693,Correct Match
C1221,C1627,DUPLICATE,DUPLICATE,0.3037,111.02,1,0.5,0.0,0.5813,Correct Match
C1300,C0432,DUPLICATE,DUPLICATE,0.4005,138.7,1,0.5,0.0,0.6152,Correct Match
C1640,C0796,DUPLICATE,DUPLICATE,0.3036,58.82,1,0.8,0.0,0.6563,Correct Match
C1640,C0795,DUPLICATE,DUPLICATE,0.3161,10.87,1,0.5,0.0,0.6856,Correct Match
C0279,C0280,DUPLICATE,DUPLICATE,1.0,51.3,1,0.5,0.0,0.885,Correct Match
C0037,C0038,DUPLICATE,NOT DUPLICATE,0.1818,121.89,1,0.5,0.0,0.5386,False Negative
C0037,C1486,DUPLICATE,NOT DUPLICATE,0.1967,92.51,1,0.5,0.0,0.5439,False Negative
C0663,C0664,DUPLICATE,DUPLICATE,0.4505,46.6,1,0.0,0.0,0.6677,Correct Match
C1577,C0314,DUPLICATE,NOT DUPLICATE,0.1569,156.18,1,1.0,0.0,0.4549,False Negative
C1259,C1554,DUPLICATE,DUPLICATE,0.4068,45.57,1,0.8,0.0,0.6924,Correct Match
C0978,C1642,DUPLICATE,DUPLICATE,0.5641,61.19,1,0.8,0.0,0.7474,Correct Match
C0192,C0191,DUPLICATE,DUPLICATE,0.3049,31.18,1,1.0,0.0,0.6667,Correct Match
C0192,C1251,DUPLICATE,DUPLICATE,0.1967,98.27,1,1.0,0.0,0.5689,Correct Match
C0920,C1603,DUPLICATE,DUPLICATE,0.6889,77.03,1,0.0,0.0,0.7511,Correct Match
C0761,C0762,DUPLICATE,DUPLICATE,0.4068,118.68,1,0.5,0.0,0.6174,Correct Match
C1712,C0816,DUPLICATE,DUPLICATE,0.3161,83.74,1,0.5,0.0,0.5856,Correct Match
C0729,C0730,DUPLICATE,DUPLICATE,1.0,79.06,1,0.5,0.0,0.885,Correct Match
C0617,C1255,DUPLICATE,DUPLICATE,1.0,58.73,1,0.5,0.0,0.885,Correct Match
C0418,C0453,NOT DUPLICATE,NOT DUPLICATE,0.3049,245.15,1,1.0,0.0,0.5067,Correct Match
C0418,C1483,NOT DUPLICATE,DUPLICATE,0.3643,124.09,1,0.8,0.0,0.6175,False Positive
C1665,C0605,DUPLICATE,DUPLICATE,0.4505,52.28,1,1.0,0.0,0.7177,Correct Match
C1672,C0867,DUPLICATE,DUPLICATE,0.3473,71.93,1,0.0,0.0,0.6316,Correct Match
C0849,C0957,NOT DUPLICATE,DUPLICATE,0.6889,125.19,1,0.0,0.0,0.6911,False Positive
C0849,C1521,NOT DUPLICATE,NOT DUPLICATE,0.4509,177.97,1,0.8,0.0,0.5478,Correct Match
C0849,C0958,NOT DUPLICATE,NOT DUPLICATE,0.3335,173.05,1,0.8,0.0,0.5067,Correct Match
C0397,C0398,DUPLICATE,DUPLICATE,0.3049,84.55,1,0.0,0.0,0.5567,Correct Match
C1067,C1355,NOT DUPLICATE,DUPLICATE,0.5501,134.33,1,0.0,0.0,0.6426,False Positive
C0691,C1450,DUPLICATE,DUPLICATE,1.0,57.06,1,0.8,0.0,0.9,Correct Match
C1429,C0928,DUPLICATE,DUPLICATE,1.0,61.54,1,0.0,0.0,0.86,Correct Match
C1637,C1015,DUPLICATE,NOT DUPLICATE,0.2754,82.84,1,0.0,0.0,0.5464,False Negative
C1641,C1703,DUPLICATE,DUPLICATE,0.2582,87.05,1,1.0,0.0,0.5904,Correct Match
C0516,C0522,NOT DUPLICATE,DUPLICATE,0.4033,87.03,1,0.5,0.0,0.6161,False Positive
C0516,C0521,NOT DUPLICATE,DUPLICATE,0.436,56.01,1,0.8,0.0,0.7026,False Positive
C0516,C1585,DUPLICATE,DUPLICATE,0.4556,13.18,1,1.0,0.0,0.7595,Correct Match
C0769,C0770,DUPLICATE,DUPLICATE,0.3823,23.28,1,1.0,0.0,0.7338,Correct Match
C1528,C0541,DUPLICATE,DUPLICATE,0.4073,12.37,1,1.0,0.0,0.7425,Correct Match
C1204,C1614,DUPLICATE,DUPLICATE,0.5501,139.24,1,0.8,0.0,0.6826,Correct Match
C1366,C1475,DUPLICATE,DUPLICATE,0.2959,98.9,1,0.8,0.0,0.5936,Correct Match
C1734,C0284,DUPLICATE,DUPLICATE,1.0,35.07,1,1.0,1.0,0.96,Correct Match
C1734,C1496,DUPLICATE,DUPLICATE,0.2895,108.46,1,0.8,0.0,0.5913,Correct Match
C0522,C0521,DUPLICATE,DUPLICATE,0.3335,31.1,1,0.5,0.0,0.6517,Correct Match
C0522,C1585,NOT DUPLICATE,DUPLICATE,0.3682,79.7,1,0.8,0.0,0.6789,False Positive
C0023,C1452,DUPLICATE,DUPLICATE,0.2037,36.47,1,1.0,0.0,0.6313,Correct Match
C0341,C1347,DUPLICATE,DUPLICATE,0.2654,65.2,1,0.0,0.0,0.6029,Correct Match
C0474,C1531,DUPLICATE,DUPLICATE,0.2845,72.29,1,1.0,0.0,0.6596,Correct Match
C0474,C0473,DUPLICATE,DUPLICATE,0.5396,61.41,1,0.8,0.0,0.7389,Correct Match
C0218,C0217,DUPLICATE,DUPLICATE,0.2988,69.63,1,1.0,0.0,0.6646,Correct Match
C0912,C1564,DUPLICATE,DUPLICATE,0.3603,67.52,1,0.0,0.0,0.6361,Correct Match
C1735,C1750,DUPLICATE,DUPLICATE,0.3214,44.66,1,1.0,0.0,0.6725,Correct Match
C1735,C1149,DUPLICATE,DUPLICATE,0.3214,108.91,1,0.8,0.0,0.6025,Correct Match
C1735,C1292,DUPLICATE,DUPLICATE,0.2754,39.01,1,0.5,0.0,0.6314,Correct Match
C1701,C0408,DUPLICATE,DUPLICATE,0.3167,94.04,1,0.0,0.0,0.5608,Correct Match
C1701,C0407,DUPLICATE,DUPLICATE,0.3014,62.89,1,0.0,0.0,0.6155,Correct Match
C1566,C0578,DUPLICATE,DUPLICATE,0.4509,131.81,1,1.0,0.0,0.6578,Correct Match
C0154,C0321,NOT DUPLICATE,NOT DUPLICATE,0.2895,239.27,1,1.0,0.0,0.5013,Correct Match
C0154,C0153,DUPLICATE,DUPLICATE,0.2171,61.24,1,0.5,0.0,0.611,Correct Match
C0154,C1485,DUPLICATE,DUPLICATE,0.2988,56.03,1,1.0,0.0,0.6646,Correct Match
C1507,C1151,DUPLICATE,DUPLICATE,1.0,36.02,1,0.5,0.0,0.885,Correct Match
C1507,C1436,DUPLICATE,DUPLICATE,0.2391,112.1,1,0.5,0.0,0.5587,Correct Match
C0790,C1661,DUPLICATE,DUPLICATE,0.4509,141.68,1,1.0,0.0,0.6578,Correct Match
C0704,C0703,DUPLICATE,DUPLICATE,0.436,20.08,1,0.0,0.0,0.7026,Correct Match
C1749,C1425,DUPLICATE,DUPLICATE,0.4297,91.46,1,0.0,0.0,0.6004,Correct Match
C1261,C1003,DUPLICATE,DUPLICATE,0.3214,13.11,1,0.8,0.0,0.7025,Correct Match
C0488,C1265,DUPLICATE,DUPLICATE,0.2654,36.85,1,0.8,0.0,0.6429,Correct Match
C0560,C1257,DUPLICATE,DUPLICATE,1.0,67.57,1,0.8,0.0,0.9,Correct Match
C1120,C1580,DUPLICATE,DUPLICATE,0.2381,35.14,1,0.0,0.0,0.5933,Correct Match
C0802,C0801,DUPLICATE,DUPLICATE,0.3161,68.77,1,1.0,0.0,0.6706,Correct Match
C0634,C1380,DUPLICATE,DUPLICATE,1.0,72.56,1,0.8,0.0,0.9,Correct Match
C0634,C1609,DUPLICATE,DUPLICATE,1.0,150.72,1,0.8,0.0,0.74,Correct Match
C0634,C0633,DUPLICATE,DUPLICATE,0.5234,64.84,1,0.5,0.0,0.7182,Correct Match
C1562,C1747,DUPLICATE,NOT DUPLICATE,0.2579,287.08,1,0.5,0.0,0.3653,False Negative
C1562,C1364,DUPLICATE,NOT DUPLICATE,0.2579,305.39,1,1.0,0.0,0.3903,False Negative
C1151,C1436,DUPLICATE,DUPLICATE,0.2391,115.45,1,1.0,0.0,0.5837,Correct Match
C0791,C0792,DUPLICATE,DUPLICATE,0.3603,50.22,1,0.5,0.0,0.6611,Correct Match
C0831,C1718,DUPLICATE,DUPLICATE,0.3036,20.02,1,0.0,0.0,0.6563,Correct Match
C0831,C0832,DUPLICATE,DUPLICATE,0.4156,58.02,1,0.8,0.0,0.6955,Correct Match
C0269,C0270,DUPLICATE,DUPLICATE,0.4297,26.29,1,0.0,0.0,0.7004,Correct Match
C0936,C1706,DUPLICATE,DUPLICATE,0.5234,75.54,1,0.0,0.0,0.6932,Correct Match
C0823,C0510,NOT DUPLICATE,DUPLICATE,1.0,201.35,1,0.0,0.0,0.7,False Positive
C0823,C0996,NOT DUPLICATE,DUPLICATE,0.3682,114.06,1,0.5,0.0,0.6039,False Positive
C0823,C0509,NOT DUPLICATE,DUPLICATE,1.0,238.52,1,0.8,0.0,0.74,False Positive
C0823,C1460,DUPLICATE,DUPLICATE,0.3682,73.01,1,0.5,0.0,0.6639,Correct Match
C0877,C0878,DUPLICATE,DUPLICATE,1.0,48.99,1,0.8,0.0,0.9,Correct Match
C1750,C1149,DUPLICATE,DUPLICATE,1.0,72.97,1,0.8,0.0,0.9,Correct Match
C1750,C1292,DUPLICATE,DUPLICATE,0.4649,31.49,1,0.5,0.0,0.6977,Correct Match
C1510,C1301,DUPLICATE,DUPLICATE,0.3913,112.01,1,0.5,0.0,0.612,Correct Match
C0264,C0263,DUPLICATE,DUPLICATE,0.4297,89.79,1,1.0,0.0,0.6504,Correct Match
C1380,C1609,DUPLICATE,DUPLICATE,1.0,78.29,1,1.0,0.0,0.91,Correct Match
C1380,C0633,DUPLICATE,DUPLICATE,0.5234,120.4,1,0.0,0.0,0.6332,Correct Match
C1605,C1598,NOT DUPLICATE,DUPLICATE,1.0,304.43,1,0.8,0.0,0.64,False Positive
C1564,C0841,NOT DUPLICATE,DUPLICATE,1.0,335.23,1,1.0,0.0,0.55,False Positive
C1361,C1195,DUPLICATE,DUPLICATE,0.3809,44.85,1,0.5,0.0,0.6683,Correct Match
C1149,C1292,DUPLICATE,DUPLICATE,0.4649,103.91,1,0.0,0.0,0.6127,Correct Match
C1116,C1571,DUPLICATE,DUPLICATE,0.2083,85.31,1,1.0,0.0,0.5729,Correct Match
C0471,C1647,DUPLICATE,DUPLICATE,0.2456,84.99,1,1.0,0.0,0.586,Correct Match
C0654,C0884,NOT DUPLICATE,DUPLICATE,0.3036,139.71,1,0.8,0.0,0.5963,False Positive
C0400,C1582,DUPLICATE,DUPLICATE,0.2706,82.61,1,0.5,0.0,0.5697,Correct Match
C0512,C0511,DUPLICATE,DUPLICATE,0.4505,94.99,1,0.5,0.0,0.6327,Correct Match
C0685,C0686,DUPLICATE,DUPLICATE,0.5083,24.44,1,1.0,0.0,0.7779,Correct Match
C0685,C1597,DUPLICATE,DUPLICATE,0.4538,132.16,1,0.0,0.0,0.6088,Correct Match
C0036,C0035,DUPLICATE,DUPLICATE,0.276,32.52,1,0.0,0.0,0.6066,Correct Match
C0408,C0407,DUPLICATE,DUPLICATE,0.2037,123.2,1,1.0,0.0,0.5713,Correct Match
C0246,C1298,DUPLICATE,DUPLICATE,0.2845,58.13,1,0.8,0.0,0.6496,Correct Match
C0490,C0489,DUPLICATE,DUPLICATE,0.261,9.17,1,0.0,0.0,0.6414,Correct Match
C0962,C0961,DUPLICATE,DUPLICATE,0.4556,45.69,1,1.0,0.0,0.7195,Correct Match
C1312,C0613,DUPLICATE,DUPLICATE,0.4538,92.38,1,0.8,0.0,0.6488,Correct Match
C0686,C1597,DUPLICATE,NOT DUPLICATE,0.5641,153.15,1,0.0,0.0,0.5474,False Negative
C1365,C0009,NOT DUPLICATE,DUPLICATE,0.4297,71.97,1,0.5,0.0,0.6854,False Positive
C0018,C0017,DUPLICATE,DUPLICATE,1.0,161.19,1,1.0,0.0,0.75,Correct Match
C1280,C1073,DUPLICATE,DUPLICATE,0.3037,23.99,1,0.5,0.0,0.6813,Correct Match
C1280,C1440,DUPLICATE,DUPLICATE,0.302,46.69,1,0.5,0.0,0.6407,Correct Match
C1719,C0346,DUPLICATE,DUPLICATE,1.0,55.11,1,1.0,0.0,0.91,Correct Match
C0981,C0982,DUPLICATE,DUPLICATE,0.9717,95.13,1,0.0,0.0,0.7901,Correct Match
C0191,C1251,DUPLICATE,DUPLICATE,0.2734,67.42,1,1.0,0.0,0.6557,Correct Match
C1708,C0659,NOT DUPLICATE,DUPLICATE,1.0,252.43,1,0.8,0.0,0.64,False Positive
C1708,C0660,NOT DUPLICATE,DUPLICATE,1.0,272.69,1,1.0,0.0,0.65,False Positive
C0607,C1699,DUPLICATE,DUPLICATE,0.6889,167.27,1,0.0,0.0,0.5911,Correct Match
C0607,C1463,DUPLICATE,DUPLICATE,0.5641,112.0,1,0.5,0.0,0.6724,Correct Match
C0607,C1658,DUPLICATE,DUPLICATE,0.3946,69.15,1,0.8,0.0,0.6881,Correct Match
C0181,C1410,DUPLICATE,DUPLICATE,0.3027,55.51,1,0.8,0.0,0.6559,Correct Match
C1456,C1083,DUPLICATE,DUPLICATE,1.0,20.36,1,0.8,0.0,0.94,Correct Match
C0477,C1695,DUPLICATE,DUPLICATE,0.2959,80.2,1,0.8,0.0,0.5936,Correct Match
C1073,C1440,DUPLICATE,DUPLICATE,0.2579,68.32,1,0.0,0.0,0.6003,Correct Match
C1722,C0388,DUPLICATE,DUPLICATE,0.2171,75.6,1,0.0,0.0,0.586,Correct Match
C0659,C0660,DUPLICATE,DUPLICATE,1.0,29.67,1,0.8,0.0,0.94,Correct Match
C1424,C0952,DUPLICATE,DUPLICATE,0.3473,85.91,1,0.5,0.0,0.5966,Correct Match
C0284,C1496,DUPLICATE,DUPLICATE,0.2895,105.88,1,1.0,0.0,0.6013,Correct Match
C0230,C1551,DUPLICATE,DUPLICATE,0.3643,0.49,1,0.8,0.0,0.7175,Correct Match
C0038,C1486,DUPLICATE,DUPLICATE,0.3027,109.4,1,0.0,0.0,0.5559,Correct Match
C0750,C0749,DUPLICATE,DUPLICATE,0.4073,54.13,1,0.5,0.0,0.6775,Correct Match
C0470,C1398,DUPLICATE,DUPLICATE,1.0,84.7,1,0.5,0.0,0.825,Correct Match
C1737,C1026,DUPLICATE,DUPLICATE,0.3232,88.21,1,0.0,0.0,0.5631,Correct Match
C1718,C0832,DUPLICATE,DUPLICATE,0.4538,76.3,1,0.5,0.0,0.6938,Correct Match
C0688,C0687,DUPLICATE,DUPLICATE,0.4538,56.8,1,1.0,0.0,0.7188,Correct Match
C1609,C0633,DUPLICATE,NOT DUPLICATE,0.5234,195.02,1,0.0,0.0,0.5332,False Negative
C1159,C1644,DUPLICATE,DUPLICATE,0.2877,27.45,1,0.8,0.0,0.6907,Correct Match
C1416,C1153,DUPLICATE,DUPLICATE,1.0,67.91,1,0.5,0.0,0.885,Correct Match
C1699,C1463,DUPLICATE,DUPLICATE,0.4509,73.72,1,0.8,0.0,0.7078,Correct Match
C1699,C1658,DUPLICATE,DUPLICATE,0.3335,119.33,1,0.5,0.0,0.5917,Correct Match
C0161,C0162,DUPLICATE,DUPLICATE,0.2456,97.32,1,1.0,0.0,0.586,Correct Match
C0957,C1521,DUPLICATE,DUPLICATE,0.5641,70.57,1,0.0,0.0,0.7074,Correct Match
C0957,C0958,DUPLICATE,DUPLICATE,0.3946,71.06,1,0.5,0.0,0.6731,Correct Match
C0822,C1328,DUPLICATE,DUPLICATE,0.3946,110.59,1,0.5,0.0,0.6131,Correct Match
C0153,C1485,DUPLICATE,DUPLICATE,0.2037,27.43,1,0.5,0.0,0.6463,Correct Match
C0510,C0996,NOT DUPLICATE,NOT DUPLICATE,0.3682,179.01,1,1.0,0.0,0.5289,Correct Match
C0510,C0509,DUPLICATE,DUPLICATE,1.0,117.89,1,0.0,0.0,0.8,Correct Match
C0510,C1460,NOT DUPLICATE,DUPLICATE,0.3682,183.04,1,1.0,1.0,0.5789,False Positive
C1136,C1649,DUPLICATE,DUPLICATE,0.2381,97.92,1,0.5,0.0,0.5583,Correct Match
C0104,C1514,DUPLICATE,DUPLICATE,1.0,161.46,1,0.8,0.0,0.74,Correct Match
C1546,C1045,DUPLICATE,DUPLICATE,0.4649,75.58,1,0.0,0.0,0.6727,Correct Match
C0054,C1516,DUPLICATE,DUPLICATE,0.2749,94.71,1,0.5,0.0,0.5712,Correct Match
C0152,C0151,DUPLICATE,DUPLICATE,0.2037,62.95,1,0.5,0.0,0.6063,Correct Match
C0404,C0403,DUPLICATE,DUPLICATE,0.5396,40.18,1,1.0,0.0,0.7489,Correct Match
C0208,C1568,DUPLICATE,DUPLICATE,0.4005,47.66,1,0.5,0.0,0.6752,Correct Match
C0208,C0207,DUPLICATE,DUPLICATE,1.0,46.19,1,0.5,0.0,0.885,Correct Match
C1652,C1518,DUPLICATE,DUPLICATE,0.3809,48.83,1,0.0,0.0,0.6433,Correct Match
C1531,C0473,DUPLICATE,DUPLICATE,0.2895,126.11,1,1.0,0.0,0.6013,Correct Match
C1568,C0207,DUPLICATE,DUPLICATE,0.4005,44.16,1,1.0,0.0,0.7002,Correct Match
C0453,C1483,DUPLICATE,DUPLICATE,0.3942,122.0,1,0.5,0.0,0.613,Correct Match
C0254,C0475,NOT DUPLICATE,DUPLICATE,0.2988,104.5,1,0.0,0.0,0.5546,False Positive
C0254,C0253,DUPLICATE,DUPLICATE,0.276,48.81,1,0.0,0.0,0.6066,Correct Match
C0897,C0898,DUPLICATE,DUPLICATE,0.4033,47.57,1,0.0,0.0,0.6511,Correct Match
C1493,C1267,DUPLICATE,DUPLICATE,1.0,105.75,1,0.8,0.0,0.84,Correct Match
C0641,C0642,DUPLICATE,DUPLICATE,0.3946,15.57,1,1.0,0.0,0.7381,Correct Match
C0929,C0930,DUPLICATE,DUPLICATE,1.0,72.4,1,0.0,0.0,0.86,Correct Match
C0955,C1500,DUPLICATE,DUPLICATE,0.6889,156.54,1,0.8,0.0,0.6311,Correct Match
C0955,C0956,DUPLICATE,DUPLICATE,0.436,49.95,1,0.0,0.0,0.6626,Correct Match
C0187,C0188,DUPLICATE,DUPLICATE,1.0,47.04,1,1.0,0.0,0.91,Correct Match
C0144,C0442,NOT DUPLICATE,DUPLICATE,1.0,261.29,1,0.0,0.0,0.6,False Positive
C0752,C0700,NOT DUPLICATE,DUPLICATE,1.0,236.92,1,0.8,0.0,0.74,False Positive
C0401,C0402,DUPLICATE,DUPLICATE,1.0,23.96,1,0.0,0.0,0.9,Correct Match
C1463,C1658,DUPLICATE,DUPLICATE,0.4037,94.69,1,0.8,0.0,0.6313,Correct Match
C1427,C1479,DUPLICATE,NOT DUPLICATE,0.2582,135.72,1,0.0,0.0,0.5404,False Negative
C0385,C0386,DUPLICATE,DUPLICATE,0.3942,41.53,1,1.0,0.0,0.698,Correct Match
C0855,C0593,NOT DUPLICATE,NOT DUPLICATE,0.3823,162.68,1,0.8,0.0,0.5238,Correct Match
C0699,C0700,DUPLICATE,DUPLICATE,0.4392,46.22,1,1.0,0.0,0.7137,Correct Match
C1411,C1383,DUPLICATE,DUPLICATE,0.3809,49.69,1,0.5,0.0,0.6683,Correct Match
C1579,C1602,DUPLICATE,NOT DUPLICATE,0.3037,203.28,1,0.0,0.0,0.4563,False Negative
C1521,C0958,DUPLICATE,DUPLICATE,0.4037,9.1,1,0.5,0.0,0.7163,Correct Match
C1435,C0805,DUPLICATE,DUPLICATE,0.4156,16.84,1,0.8,0.0,0.7355,Correct Match
C1435,C0806,DUPLICATE,DUPLICATE,0.3161,47.57,1,0.5,0.0,0.6456,Correct Match
C1704,C0892,NOT DUPLICATE,DUPLICATE,0.4509,120.43,1,1.0,0.0,0.6578,False Positive
C1704,C0961,NOT DUPLICATE,NOT DUPLICATE,0.436,232.57,1,0.8,0.0,0.5426,Correct Match
C1704,C1438,NOT DUPLICATE,DUPLICATE,0.6889,146.7,1,0.8,0.0,0.7311,False Positive
C1372,C1184,DUPLICATE,DUPLICATE,0.3913,32.79,1,1.0,0.0,0.697,Correct Match
C1679,C0460,DUPLICATE,DUPLICATE,0.3839,64.73,1,0.5,0.0,0.6693,Correct Match
C0796,C0795,DUPLICATE,DUPLICATE,0.5433,48.61,1,0.5,0.0,0.7251,Correct Match
C1195,C1216,NOT DUPLICATE,DUPLICATE,1.0,144.36,1,0.5,0.0,0.825,False Positive
C1617,C0864,DUPLICATE,DUPLICATE,0.3946,60.37,1,0.0,0.0,0.6481,Correct Match
C0564,C0563,DUPLICATE,DUPLICATE,1.0,48.29,1,0.5,0.0,0.885,Correct Match
C0892,C0961,NOT DUPLICATE,NOT DUPLICATE,0.9717,322.48,1,0.5,0.0,0.5151,Correct Match
C0892,C1438,DUPLICATE,DUPLICATE,0.5641,33.82,1,0.8,0.0,0.7474,Correct Match
C1578,C0777,DUPLICATE,DUPLICATE,0.4686,57.81,1,1.0,0.0,0.724,Correct Match
C0871,C0872,DUPLICATE,DUPLICATE,0.4505,87.2,1,0.8,0.0,0.6477,Correct Match
C0805,C0806,DUPLICATE,DUPLICATE,0.5083,38.16,1,0.8,0.0,0.7279,Correct Match
C1072,C1529,DUPLICATE,DUPLICATE,0.234,47.86,1,0.0,0.0,0.5919,Correct Match
C0201,C0202,DUPLICATE,DUPLICATE,1.0,48.06,1,1.0,0.0,0.91,Correct Match
C0041,C1688,DUPLICATE,DUPLICATE,0.3003,75.92,1,0.5,0.0,0.6401,Correct Match
C0379,C0380,DUPLICATE,DUPLICATE,0.1818,70.14,1,0.8,0.0,0.6136,Correct Match
C0648,C0647,DUPLICATE,DUPLICATE,0.6889,18.27,1,0.5,0.0,0.8161,Correct Match
C0521,C1585,NOT DUPLICATE,DUPLICATE,0.3823,48.73,1,0.8,0.0,0.6838,False Positive
C1017,C1370,DUPLICATE,NOT DUPLICATE,0.234,80.87,1,0.0,0.0,0.5319,False Negative
C1747,C1364,DUPLICATE,DUPLICATE,1.0,196.09,1,0.5,0.0,0.725,Correct Match
C0996,C1460,NOT DUPLICATE,DUPLICATE,1.0,168.56,1,1.0,0.0,0.75,False Positive
C0566,C0565,DUPLICATE,DUPLICATE,0.3603,78.84,1,0.5,0.0,0.6611,Correct Match
C1586,C0190,DUPLICATE,DUPLICATE,0.2706,84.07,1,0.5,0.0,0.5697,Correct Match
C0021,C0022,DUPLICATE,NOT DUPLICATE,0.1569,91.45,1,0.5,0.0,0.5299,False Negative
C1500,C0956,DUPLICATE,DUPLICATE,0.5433,115.43,1,0.5,0.0,0.6651,Correct Match
C0475,C0253,NOT DUPLICATE,DUPLICATE,0.5396,69.71,1,0.8,0.0,0.7389,False Positive
C1338,C1397,DUPLICATE,DUPLICATE,0.3042,127.75,1,1.0,0.0,0.6065,Correct Match
